timestamp;intraday_price_eur_mwh
01.05.2025 00:00;60,99120420769394
01.05.2025 00:15;69,17412247529207
01.05.2025 00:30;56,21315442079381
01.05.2025 00:45;36,09559205486572
01.05.2025 01:00;50,099706332171316
01.05.2025 01:15;39,65518318361734
01.05.2025 01:30;48,835429936776116
01.05.2025 01:45;60,09455150713721
01.05.2025 02:00;56,303678888708575
01.05.2025 02:15;49,00243498942626
01.05.2025 02:30;46,28574894432202
01.05.2025 02:45;42,24859298604774
01.05.2025 03:00;42,561314190220166
01.05.2025 03:15;40,89418928376654
01.05.2025 03:30;39,09015805470614
01.05.2025 03:45;44,91323848692517
01.05.2025 04:00;68,97133907601628
01.05.2025 04:15;53,12807974853944
01.05.2025 04:30;52,217227655819734
01.05.2025 04:45;58,20640379964219
01.05.2025 05:00;46,24890796983936
01.05.2025 05:15;46,48223188905781
01.05.2025 05:30;43,60011404343215
01.05.2025 05:45;59,64552265406523
01.05.2025 06:00;40,11516618944821
01.05.2025 06:15;72,10623739704864
01.05.2025 06:30;62,77513922856363
01.05.2025 06:45;79,42824314511225
01.05.2025 07:00;76,16709148305887
01.05.2025 07:15;59,91680599381974
01.05.2025 07:30;71,69957892325512
01.05.2025 07:45;46,044525536649104
01.05.2025 08:00;48,35489635331454
01.05.2025 08:15;72,5134813266756
01.05.2025 08:30;63,043872123779735
01.05.2025 08:45;44,80439754374088
01.05.2025 09:00;82,9275812959954
01.05.2025 09:15;55,51039576726114
01.05.2025 09:30;52,35707495539225
01.05.2025 09:45;47,47761603446905
01.05.2025 10:00;59,472592037800794
01.05.2025 10:15;56,93938702271416
01.05.2025 10:30;68,0503172737139
01.05.2025 10:45;51,9299956261752
01.05.2025 11:00;57,27452097699032
01.05.2025 11:15;67,92248846868715
01.05.2025 11:30;66,0135246162921
01.05.2025 11:45;51,754000726771366
01.05.2025 12:00;37,23820485615056
01.05.2025 12:15;38,029021852232496
01.05.2025 12:30;45,04320936834152
01.05.2025 12:45;51,707437019188184
01.05.2025 13:00;45,100462490802755
01.05.2025 13:15;63,80848711161921
01.05.2025 13:30;36,80528535571534
01.05.2025 13:45;40,82171292247583
01.05.2025 14:00;53,8239713565736
01.05.2025 14:15;53,39925875266529
01.05.2025 14:30;35,21291756738919
01.05.2025 14:45;43,793661649467246
01.05.2025 15:00;64,17315988828103
01.05.2025 15:15;60,58764190377021
01.05.2025 15:30;72,98556510442674
01.05.2025 15:45;32,12422946862766
01.05.2025 16:00;53,780806904281945
01.05.2025 16:15;31,160682259275667
01.05.2025 16:30;47,362393257988174
01.05.2025 16:45;64,64352903112595
01.05.2025 17:00;58,682985312252264
01.05.2025 17:15;47,086856949288595
01.05.2025 17:30;44,33673283862551
01.05.2025 17:45;64,03293620958455
01.05.2025 18:00;67,98884519078352
01.05.2025 18:15;59,92308560362563
01.05.2025 18:30;46,608433595167334
01.05.2025 18:45;69,9451976971547
01.05.2025 19:00;72,74168031132227
01.05.2025 19:15;40,113474635689755
01.05.2025 19:30;80,5955401379378
01.05.2025 19:45;70,83554825597336
01.05.2025 20:00;89,15759459888558
01.05.2025 20:15;51,492889197762636
01.05.2025 20:30;78,10624231721037
01.05.2025 20:45;94,4322287463212
01.05.2025 21:00;70,3224087892371
01.05.2025 21:15;51,56435534420983
01.05.2025 21:30;50,86286519109665
01.05.2025 21:45;51,12615978003404
01.05.2025 22:00;70,0966962239263
01.05.2025 22:15;55,03041770661112
01.05.2025 22:30;61,04028144801817
01.05.2025 22:45;45,07228345235129
01.05.2025 23:00;38,04104618818325
01.05.2025 23:15;58,808197151186754
01.05.2025 23:30;49,97660185576292
01.05.2025 23:45;64,1702580195755
02.05.2025 00:00;55,779683612716646
02.05.2025 00:15;60,34987243758223
02.05.2025 00:30;40,112747424973875
02.05.2025 00:45;61,84580281848121
02.05.2025 01:00;57,62333252031508
02.05.2025 01:15;30,56899084712476
02.05.2025 01:30;59,654957539012294
02.05.2025 01:45;66,07354933501642
02.05.2025 02:00;58,9298581296797
02.05.2025 02:15;66,29614216209578
02.05.2025 02:30;66,93180294289627
02.05.2025 02:45;46,742353733096955
02.05.2025 03:00;62,008150486379854
02.05.2025 03:15;40,10466170770725
02.05.2025 03:30;46,04282985967826
02.05.2025 03:45;48,96661741885375
02.05.2025 04:00;59,852718598595764
02.05.2025 04:15;69,21937016101025
02.05.2025 04:30;58,19370774594022
02.05.2025 04:45;75,1094307649407
02.05.2025 05:00;69,50905481946752
02.05.2025 05:15;66,32472798452572
02.05.2025 05:30;76,16270836417864
02.05.2025 05:45;39,64609985002683
02.05.2025 06:00;67,49011002301798
02.05.2025 06:15;65,35545716773535
02.05.2025 06:30;62,13131818590587
02.05.2025 06:45;58,095890824907094
02.05.2025 07:00;54,21949435633352
02.05.2025 07:15;44,30151602823286
02.05.2025 07:30;77,85364240949986
02.05.2025 07:45;49,473833797300735
02.05.2025 08:00;69,81071686957397
02.05.2025 08:15;57,69510200497694
02.05.2025 08:30;69,07169654930118
02.05.2025 08:45;56,10312515101239
02.05.2025 09:00;59,55762040084042
02.05.2025 09:15;57,03452971142836
02.05.2025 09:30;57,44471780641941
02.05.2025 09:45;66,2763951560746
02.05.2025 10:00;56,0222589000544
02.05.2025 10:15;61,077788208738696
02.05.2025 10:30;57,67623906980547
02.05.2025 10:45;58,015421566248754
02.05.2025 11:00;47,44656781106009
02.05.2025 11:15;46,2063455832385
02.05.2025 11:30;41,646969365494826
02.05.2025 11:45;48,98854784087534
02.05.2025 12:00;36,39448954859513
02.05.2025 12:15;51,51851882187356
02.05.2025 12:30;44,13952218855935
02.05.2025 12:45;59,755473793109864
02.05.2025 13:00;54,89641898580456
02.05.2025 13:15;49,77158261788864
02.05.2025 13:30;35,719736804656904
02.05.2025 13:45;51,13039942254264
02.05.2025 14:00;42,874336240978835
02.05.2025 14:15;37,31854928115577
02.05.2025 14:30;69,48044545460355
02.05.2025 14:45;52,285362190628256
02.05.2025 15:00;67,24921861905479
02.05.2025 15:15;56,44741207916137
02.05.2025 15:30;52,95403624154649
02.05.2025 15:45;50,60224580327275
02.05.2025 16:00;51,75094263888699
02.05.2025 16:15;63,16420936103302
02.05.2025 16:30;38,7973982766192
02.05.2025 16:45;50,49208979078685
02.05.2025 17:00;35,51059160638929
02.05.2025 17:15;36,41686287373849
02.05.2025 17:30;55,75968243690024
02.05.2025 17:45;68,6860503590005
02.05.2025 18:00;59,240768445252584
02.05.2025 18:15;86,32246082334373
02.05.2025 18:30;82,04068607034415
02.05.2025 18:45;100,06444907319563
02.05.2025 19:00;79,11003362324385
02.05.2025 19:15;100,60706774111875
02.05.2025 19:30;78,6870273760171
02.05.2025 19:45;74,52097680727434
02.05.2025 20:00;82,69505833407347
02.05.2025 20:15;69,18720545159763
02.05.2025 20:30;66,24115026587116
02.05.2025 20:45;83,9244677702671
02.05.2025 21:00;74,91815768341507
02.05.2025 21:15;47,97871839357103
02.05.2025 21:30;65,9577901195267
02.05.2025 21:45;63,037422740453465
02.05.2025 22:00;54,68294028405502
02.05.2025 22:15;62,13542088091917
02.05.2025 22:30;60,27633266323153
02.05.2025 22:45;63,22768445300275
02.05.2025 23:00;57,820714659925144
02.05.2025 23:15;66,08130808905672
02.05.2025 23:30;48,461943207553624
02.05.2025 23:45;46,97332373154937
03.05.2025 00:00;47,617154840279746
03.05.2025 00:15;45,618506858056676
03.05.2025 00:30;60,54329874290601
03.05.2025 00:45;63,66285543918194
03.05.2025 01:00;62,77525279795155
03.05.2025 01:15;41,521048605342685
03.05.2025 01:30;39,07796386291541
03.05.2025 01:45;48,87321177734827
03.05.2025 02:00;66,68329825183747
03.05.2025 02:15;43,109454767571876
03.05.2025 02:30;38,53003397705313
03.05.2025 02:45;30,861597649117023
03.05.2025 03:00;52,87964912208552
03.05.2025 03:15;56,29027937940541
03.05.2025 03:30;44,93368595819484
03.05.2025 03:45;72,0820395288515
03.05.2025 04:00;43,466943995282044
03.05.2025 04:15;66,69708376089758
03.05.2025 04:30;62,75775515800986
03.05.2025 04:45;53,43075105105076
03.05.2025 05:00;55,33227918331348
03.05.2025 05:15;48,57751080871976
03.05.2025 05:30;57,41830939462972
03.05.2025 05:45;45,121567136589164
03.05.2025 06:00;56,11356714202873
03.05.2025 06:15;68,50056218923496
03.05.2025 06:30;73,56712413589658
03.05.2025 06:45;49,300510475238575
03.05.2025 07:00;48,29755664848254
03.05.2025 07:15;54,933811378462245
03.05.2025 07:30;65,47030184214557
03.05.2025 07:45;48,36147443973317
03.05.2025 08:00;61,93830951421402
03.05.2025 08:15;37,566783664189295
03.05.2025 08:30;59,516210504436714
03.05.2025 08:45;62,90095820256521
03.05.2025 09:00;50,85820853112448
03.05.2025 09:15;80,45255846614178
03.05.2025 09:30;66,65870476193165
03.05.2025 09:45;65,90567916488887
03.05.2025 10:00;47,10443043997673
03.05.2025 10:15;63,08711964427397
03.05.2025 10:30;55,11139707653168
03.05.2025 10:45;44,24515402506707
03.05.2025 11:00;52,009693247688645
03.05.2025 11:15;66,36990000744643
03.05.2025 11:30;61,12772909974151
03.05.2025 11:45;51,72776098196054
03.05.2025 12:00;53,599757275791795
03.05.2025 12:15;22,357605639933226
03.05.2025 12:30;44,925235116339636
03.05.2025 12:45;36,07108877951309
03.05.2025 13:00;35,57108428123123
03.05.2025 13:15;64,64781571495097
03.05.2025 13:30;47,60032039539785
03.05.2025 13:45;64,84666030126475
03.05.2025 14:00;42,81316749300526
03.05.2025 14:15;47,623146492506926
03.05.2025 14:30;62,7220782301377
03.05.2025 14:45;41,653943508677294
03.05.2025 15:00;54,95624683555609
03.05.2025 15:15;44,54819755630936
03.05.2025 15:30;49,17036544762893
03.05.2025 15:45;40,39881545210759
03.05.2025 16:00;57,91912245174169
03.05.2025 16:15;57,863263037771574
03.05.2025 16:30;69,03285861015937
03.05.2025 16:45;52,320998470103
03.05.2025 17:00;41,44261815223908
03.05.2025 17:15;42,985527822722176
03.05.2025 17:30;78,46834774101481
03.05.2025 17:45;60,71702850092824
03.05.2025 18:00;32,85094951513903
03.05.2025 18:15;50,40629407132411
03.05.2025 18:30;58,01194513586795
03.05.2025 18:45;79,33446467787303
03.05.2025 19:00;70,47109152462235
03.05.2025 19:15;74,85831602169289
03.05.2025 19:30;80,04931111191082
03.05.2025 19:45;71,44312809976775
03.05.2025 20:00;72,98349748203552
03.05.2025 20:15;62,132827398980496
03.05.2025 20:30;62,1414926674698
03.05.2025 20:45;57,23625099292188
03.05.2025 21:00;59,713018059531755
03.05.2025 21:15;69,85987323745424
03.05.2025 21:30;68,97475888451609
03.05.2025 21:45;48,12227303265546
03.05.2025 22:00;52,371386740196826
03.05.2025 22:15;54,86186899949554
03.05.2025 22:30;60,44110992021109
03.05.2025 22:45;71,64154972385239
03.05.2025 23:00;60,2078674914339
03.05.2025 23:15;47,59100301459901
03.05.2025 23:30;50,113372334287995
03.05.2025 23:45;51,688280385832435
04.05.2025 00:00;49,44539588756428
04.05.2025 00:15;58,65649990806281
04.05.2025 00:30;49,8557060804697
04.05.2025 00:45;52,103250030171516
04.05.2025 01:00;62,69100444962744
04.05.2025 01:15;62,33023007917896
04.05.2025 01:30;76,91810965192352
04.05.2025 01:45;78,35159431936245
04.05.2025 02:00;69,61431173065394
04.05.2025 02:15;42,2602352024727
04.05.2025 02:30;45,67220171155597
04.05.2025 02:45;56,49996898438218
04.05.2025 03:00;64,02835289581336
04.05.2025 03:15;71,07720358306048
04.05.2025 03:30;46,27452172361236
04.05.2025 03:45;49,12254993020794
04.05.2025 04:00;79,04749098122879
04.05.2025 04:15;61,528811346862
04.05.2025 04:30;49,11518182284014
04.05.2025 04:45;58,08595399073286
04.05.2025 05:00;57,130701018369614
04.05.2025 05:15;65,77922880209356
04.05.2025 05:30;70,29623952094968
04.05.2025 05:45;68,52893764616176
04.05.2025 06:00;54,11934545616488
04.05.2025 06:15;66,688521531025
04.05.2025 06:30;56,06036387473621
04.05.2025 06:45;56,46603495582728
04.05.2025 07:00;78,91539586875939
04.05.2025 07:15;69,19401173952598
04.05.2025 07:30;57,57321210312675
04.05.2025 07:45;69,37220902171134
04.05.2025 08:00;50,32699813999179
04.05.2025 08:15;64,32230200498209
04.05.2025 08:30;54,51123324459326
04.05.2025 08:45;79,37809775404921
04.05.2025 09:00;83,60946465555489
04.05.2025 09:15;67,80270521710449
04.05.2025 09:30;63,236315321935116
04.05.2025 09:45;83,62781504343738
04.05.2025 10:00;68,16457898661132
04.05.2025 10:15;68,08225137520962
04.05.2025 10:30;61,53804125511213
04.05.2025 10:45;41,89322230407328
04.05.2025 11:00;49,19903221289144
04.05.2025 11:15;64,57153817737972
04.05.2025 11:30;46,5859857174814
04.05.2025 11:45;62,35541516686616
04.05.2025 12:00;62,735577924588554
04.05.2025 12:15;42,7436003206813
04.05.2025 12:30;49,89964890815428
04.05.2025 12:45;62,5816615646041
04.05.2025 13:00;48,59034033713881
04.05.2025 13:15;62,338512651135495
04.05.2025 13:30;68,4976752105475
04.05.2025 13:45;50,38706215640788
04.05.2025 14:00;45,907708156125366
04.05.2025 14:15;71,88916658816308
04.05.2025 14:30;58,50432162370317
04.05.2025 14:45;55,605421962033645
04.05.2025 15:00;52,82229657003649
04.05.2025 15:15;59,06639900600067
04.05.2025 15:30;39,561573211330995
04.05.2025 15:45;51,532401595457216
04.05.2025 16:00;45,23311382557343
04.05.2025 16:15;46,17183634220669
04.05.2025 16:30;36,765724164929765
04.05.2025 16:45;36,31432061920413
04.05.2025 17:00;39,004701799832866
04.05.2025 17:15;56,52119961913393
04.05.2025 17:30;53,496904531533445
04.05.2025 17:45;40,49097428511381
04.05.2025 18:00;51,9020924232084
04.05.2025 18:15;59,09723358337979
04.05.2025 18:30;86,60009821894533
04.05.2025 18:45;54,38925479801757
04.05.2025 19:00;59,99551189575598
04.05.2025 19:15;75,3386442959417
04.05.2025 19:30;93,25921853013855
04.05.2025 19:45;70,03903449438863
04.05.2025 20:00;70,80233315760145
04.05.2025 20:15;72,39331499647255
04.05.2025 20:30;58,07817352938675
04.05.2025 20:45;35,50332542024734
04.05.2025 21:00;51,44692232237287
04.05.2025 21:15;76,90005364224778
04.05.2025 21:30;66,71331800701688
04.05.2025 21:45;68,31036531498654
04.05.2025 22:00;70,41201149126826
04.05.2025 22:15;34,82444804529912
04.05.2025 22:30;51,490375337664005
04.05.2025 22:45;51,44017359533371
04.05.2025 23:00;69,22410495419338
04.05.2025 23:15;65,90371340619082
04.05.2025 23:30;59,255246127582005
04.05.2025 23:45;33,79473117188731
05.05.2025 00:00;55,066165705477545
05.05.2025 00:15;45,67755075689318
05.05.2025 00:30;65,79782796232115
05.05.2025 00:45;72,02099760345696
05.05.2025 01:00;54,320428805277956
05.05.2025 01:15;45,33507736725911
05.05.2025 01:30;53,77241524550873
05.05.2025 01:45;47,050971741611036
05.05.2025 02:00;40,42701020837875
05.05.2025 02:15;55,90154178698768
05.05.2025 02:30;53,924440194781184
05.05.2025 02:45;48,733755422159014
05.05.2025 03:00;69,29115926204379
05.05.2025 03:15;39,555133837052935
05.05.2025 03:30;55,98262550592741
05.05.2025 03:45;56,6840393218882
05.05.2025 04:00;66,20469581447034
05.05.2025 04:15;43,64220868387902
05.05.2025 04:30;59,17642659406732
05.05.2025 04:45;56,19904287755772
05.05.2025 05:00;65,63546188123121
05.05.2025 05:15;62,059251324763835
05.05.2025 05:30;38,73990452510377
05.05.2025 05:45;61,70524326176107
05.05.2025 06:00;66,31786147374495
05.05.2025 06:15;61,29109708577284
05.05.2025 06:30;62,65421828383445
05.05.2025 06:45;59,21244659219058
05.05.2025 07:00;84,94142873614993
05.05.2025 07:15;62,282915938210465
05.05.2025 07:30;63,21171395990365
05.05.2025 07:45;59,06117124668489
05.05.2025 08:00;58,066162540609795
05.05.2025 08:15;48,86787899017276
05.05.2025 08:30;65,03188754466221
05.05.2025 08:45;73,24299777104385
05.05.2025 09:00;55,36346662980301
05.05.2025 09:15;75,7111100390553
05.05.2025 09:30;61,212071720684115
05.05.2025 09:45;72,83642093717387
05.05.2025 10:00;53,01991883549083
05.05.2025 10:15;56,589436082145234
05.05.2025 10:30;50,45245477677943
05.05.2025 10:45;62,6023261533902
05.05.2025 11:00;64,73013072070148
05.05.2025 11:15;62,608293768422534
05.05.2025 11:30;67,15633978798641
05.05.2025 11:45;50,69389648105817
05.05.2025 12:00;70,40524826221097
05.05.2025 12:15;59,92961755269209
05.05.2025 12:30;57,15624622408135
05.05.2025 12:45;50,04603112323916
05.05.2025 13:00;71,86784333833486
05.05.2025 13:15;54,086174705560666
05.05.2025 13:30;41,99677151861361
05.05.2025 13:45;57,06242513276321
05.05.2025 14:00;58,85062943742381
05.05.2025 14:15;70,37104284047307
05.05.2025 14:30;60,74269465206897
05.05.2025 14:45;54,41485132502618
05.05.2025 15:00;61,683157255454596
05.05.2025 15:15;61,52408143836922
05.05.2025 15:30;62,668067568991724
05.05.2025 15:45;41,92250067315938
05.05.2025 16:00;49,81051987893853
05.05.2025 16:15;50,47969079795934
05.05.2025 16:30;66,70349462724339
05.05.2025 16:45;44,7086715368044
05.05.2025 17:00;53,837523829751966
05.05.2025 17:15;47,25550114847426
05.05.2025 17:30;55,93280265399755
05.05.2025 17:45;43,8264810472228
05.05.2025 18:00;75,02307286809082
05.05.2025 18:15;78,15866273410012
05.05.2025 18:30;72,83784912139946
05.05.2025 18:45;71,64103675656975
05.05.2025 19:00;59,83939990411691
05.05.2025 19:15;81,6959044496314
05.05.2025 19:30;66,86531218515361
05.05.2025 19:45;69,68918152459959
05.05.2025 20:00;82,14947225992577
05.05.2025 20:15;91,19726889184138
05.05.2025 20:30;77,05338561648131
05.05.2025 20:45;70,99366350349223
05.05.2025 21:00;72,3007666981467
05.05.2025 21:15;61,66523255691723
05.05.2025 21:30;70,89515538576983
05.05.2025 21:45;67,62271411116157
05.05.2025 22:00;78,94354506828981
05.05.2025 22:15;63,605813563595035
05.05.2025 22:30;97,99601646741714
05.05.2025 22:45;52,358841439787994
05.05.2025 23:00;69,86285390641959
05.05.2025 23:15;57,75697004081432
05.05.2025 23:30;56,61540037941786
05.05.2025 23:45;72,80650113739016
06.05.2025 00:00;57,36432461327791
06.05.2025 00:15;50,65251606278137
06.05.2025 00:30;74,35439164947418
06.05.2025 00:45;60,669795422853404
06.05.2025 01:00;60,24314889937574
06.05.2025 01:15;50,617589480598845
06.05.2025 01:30;75,75872127485219
06.05.2025 01:45;43,241900675368456
06.05.2025 02:00;64,34604975580784
06.05.2025 02:15;39,36009420682803
06.05.2025 02:30;55,21809807859874
06.05.2025 02:45;37,67873079500321
06.05.2025 03:00;67,87254443046899
06.05.2025 03:15;60,49876288390924
06.05.2025 03:30;54,95034360204644
06.05.2025 03:45;62,22063494821469
06.05.2025 04:00;75,95629766602183
06.05.2025 04:15;48,12647625724968
06.05.2025 04:30;55,524143091681175
06.05.2025 04:45;62,12930447060789
06.05.2025 05:00;54,33608283687684
06.05.2025 05:15;62,77300484759411
06.05.2025 05:30;68,04985811775677
06.05.2025 05:45;67,4540567044265
06.05.2025 06:00;63,87474995996763
06.05.2025 06:15;55,55075473258252
06.05.2025 06:30;60,64698398094232
06.05.2025 06:45;79,16374966883845
06.05.2025 07:00;-19,638792562784026
06.05.2025 07:15;59,236370972953154
06.05.2025 07:30;56,56413042665914
06.05.2025 07:45;71,13653128039489
06.05.2025 08:00;49,337499210678025
06.05.2025 08:15;64,17784539849319
06.05.2025 08:30;57,54180380646089
06.05.2025 08:45;63,99158698690204
06.05.2025 09:00;84,81141956428372
06.05.2025 09:15;68,45333014706002
06.05.2025 09:30;73,88176391204816
06.05.2025 09:45;59,6196582518375
06.05.2025 10:00;69,45798179021473
06.05.2025 10:15;56,01679758313553
06.05.2025 10:30;53,69055278272586
06.05.2025 10:45;76,43824030549597
06.05.2025 11:00;70,76163650250247
06.05.2025 11:15;57,98557639983616
06.05.2025 11:30;53,620337563467686
06.05.2025 11:45;69,29308484755089
06.05.2025 12:00;59,37703882076664
06.05.2025 12:15;58,71500957062282
06.05.2025 12:30;42,646473546439374
06.05.2025 12:45;45,306380515293284
06.05.2025 13:00;60,42426469469141
06.05.2025 13:15;66,55298524308238
06.05.2025 13:30;49,86607426565423
06.05.2025 13:45;42,389357866800275
06.05.2025 14:00;57,73983433134611
06.05.2025 14:15;48,34293869392298
06.05.2025 14:30;63,42571857537892
06.05.2025 14:45;59,63276379371978
06.05.2025 15:00;44,973266983345205
06.05.2025 15:15;42,095250461497976
06.05.2025 15:30;82,50235170835728
06.05.2025 15:45;65,94359553302449
06.05.2025 16:00;46,52548947754218
06.05.2025 16:15;60,45845306499766
06.05.2025 16:30;65,36509176349276
06.05.2025 16:45;52,154703427047764
06.05.2025 17:00;44,260774893380855
06.05.2025 17:15;79,7517008746465
06.05.2025 17:30;74,67985545528462
06.05.2025 17:45;43,00636193843579
06.05.2025 18:00;61,09803289226187
06.05.2025 18:15;86,96777111986981
06.05.2025 18:30;72,75337728089912
06.05.2025 18:45;58,48268069358594
06.05.2025 19:00;89,44972828485771
06.05.2025 19:15;61,931509510866356
06.05.2025 19:30;70,15329260466117
06.05.2025 19:45;57,510609425500554
06.05.2025 20:00;91,56814067324788
06.05.2025 20:15;65,12974092618622
06.05.2025 20:30;75,93019782653595
06.05.2025 20:45;84,24592975836529
06.05.2025 21:00;78,42219493222363
06.05.2025 21:15;71,14614172918814
06.05.2025 21:30;68,14091085960327
06.05.2025 21:45;78,92570087956939
06.05.2025 22:00;62,366744136263286
06.05.2025 22:15;53,4163484566671
06.05.2025 22:30;57,16827925358041
06.05.2025 22:45;67,77259164429819
06.05.2025 23:00;65,58956422788735
06.05.2025 23:15;68,98480371502671
06.05.2025 23:30;63,58591026061852
06.05.2025 23:45;54,31322865728836
07.05.2025 00:00;38,54106411197344
07.05.2025 00:15;60,0762235028178
07.05.2025 00:30;55,28982692045796
07.05.2025 00:45;55,72922916733083
07.05.2025 01:00;70,37373725253306
07.05.2025 01:15;59,40061261289864
07.05.2025 01:30;80,17837991644554
07.05.2025 01:45;69,99796927917265
07.05.2025 02:00;83,01334639343706
07.05.2025 02:15;71,60496610641152
07.05.2025 02:30;73,01173737285926
07.05.2025 02:45;69,41260828495868
07.05.2025 03:00;45,626655341671224
07.05.2025 03:15;54,15212822004476
07.05.2025 03:30;57,85148364607319
07.05.2025 03:45;51,56586639146004
07.05.2025 04:00;37,25660219974013
07.05.2025 04:15;74,00891728353318
07.05.2025 04:30;44,89304315542958
07.05.2025 04:45;49,15616377610995
07.05.2025 05:00;42,33366622581279
07.05.2025 05:15;65,6192438302186
07.05.2025 05:30;49,86138535786231
07.05.2025 05:45;55,46974896225344
07.05.2025 06:00;72,6911816263671
07.05.2025 06:15;66,9616667214634
07.05.2025 06:30;56,628831749801286
07.05.2025 06:45;57,1077406160379
07.05.2025 07:00;68,71568253026933
07.05.2025 07:15;68,48014791010159
07.05.2025 07:30;69,46050401089958
07.05.2025 07:45;73,07887623989876
07.05.2025 08:00;84,74423160288578
07.05.2025 08:15;94,43706216831576
07.05.2025 08:30;57,95204980887729
07.05.2025 08:45;80,05759651386248
07.05.2025 09:00;73,82664205748976
07.05.2025 09:15;90,02234977255817
07.05.2025 09:30;64,89006360641207
07.05.2025 09:45;42,90226596647809
07.05.2025 10:00;59,44338933712734
07.05.2025 10:15;49,23286274813952
07.05.2025 10:30;41,84735921138236
07.05.2025 10:45;71,57953221018101
07.05.2025 11:00;90,94665312155081
07.05.2025 11:15;47,44584600898167
07.05.2025 11:30;76,86636386695334
07.05.2025 11:45;64,82279190929978
07.05.2025 12:00;58,27651443100327
07.05.2025 12:15;66,23967235683143
07.05.2025 12:30;55,15756710201074
07.05.2025 12:45;58,1906824361566
07.05.2025 13:00;68,24733460418895
07.05.2025 13:15;60,952071368553064
07.05.2025 13:30;66,43085964930663
07.05.2025 13:45;56,95540206997725
07.05.2025 14:00;50,67420042383044
07.05.2025 14:15;57,253728117824544
07.05.2025 14:30;40,275457358883735
07.05.2025 14:45;55,92027142459944
07.05.2025 15:00;65,33810544706893
07.05.2025 15:15;38,87556120552147
07.05.2025 15:30;46,91991578589462
07.05.2025 15:45;69,15126448999244
07.05.2025 16:00;64,66838781061985
07.05.2025 16:15;36,77486574221949
07.05.2025 16:30;52,955608931666404
07.05.2025 16:45;50,156902042261606
07.05.2025 17:00;50,43426038501617
07.05.2025 17:15;62,11726462201166
07.05.2025 17:30;53,2980569321807
07.05.2025 17:45;76,0598077197227
07.05.2025 18:00;66,57420051247932
07.05.2025 18:15;79,95067895097144
07.05.2025 18:30;70,7542498492298
07.05.2025 18:45;54,73032540377511
07.05.2025 19:00;70,15473197450982
07.05.2025 19:15;71,32148413293808
07.05.2025 19:30;100,49030770381019
07.05.2025 19:45;89,476973718262
07.05.2025 20:00;86,21640937024692
07.05.2025 20:15;56,60565882042428
07.05.2025 20:30;60,26553274942771
07.05.2025 20:45;68,36913464659922
07.05.2025 21:00;68,11500321164097
07.05.2025 21:15;73,08824659174346
07.05.2025 21:30;65,53253129195204
07.05.2025 21:45;68,46021464818952
07.05.2025 22:00;61,007465449918804
07.05.2025 22:15;74,65665146437607
07.05.2025 22:30;54,64172992244652
07.05.2025 22:45;48,89824123217528
07.05.2025 23:00;62,48533269990922
07.05.2025 23:15;40,84985348941786
07.05.2025 23:30;40,70138572116529
07.05.2025 23:45;54,85026161092469
08.05.2025 00:00;54,34507594901326
08.05.2025 00:15;57,712896653115145
08.05.2025 00:30;55,12777749583816
08.05.2025 00:45;81,78451176191803
08.05.2025 01:00;65,79097927870262
08.05.2025 01:15;61,236867232864995
08.05.2025 01:30;67,91673930073583
08.05.2025 01:45;56,783347915582894
08.05.2025 02:00;47,72789951208719
08.05.2025 02:15;77,65329809499397
08.05.2025 02:30;65,63871000576607
08.05.2025 02:45;62,048645031196905
08.05.2025 03:00;61,528292306661534
08.05.2025 03:15;46,20479515056298
08.05.2025 03:30;51,95123136757862
08.05.2025 03:45;49,571358898005336
08.05.2025 04:00;75,759753052152
08.05.2025 04:15;72,62661616920296
08.05.2025 04:30;55,625402576388815
08.05.2025 04:45;59,43855828579955
08.05.2025 05:00;69,89575123032976
08.05.2025 05:15;78,26444536788024
08.05.2025 05:30;55,58366761739582
08.05.2025 05:45;47,9723737224788
08.05.2025 06:00;73,27604372008732
08.05.2025 06:15;50,32097538649964
08.05.2025 06:30;86,77410385194295
08.05.2025 06:45;81,91191411325757
08.05.2025 07:00;79,17360412575776
08.05.2025 07:15;55,57937381734544
08.05.2025 07:30;68,6261868600094
08.05.2025 07:45;72,00394153910156
08.05.2025 08:00;63,57314992955929
08.05.2025 08:15;72,80325556697012
08.05.2025 08:30;79,34825906514408
08.05.2025 08:45;53,952287755334716
08.05.2025 09:00;58,129586928751934
08.05.2025 09:15;66,26979278757864
08.05.2025 09:30;68,17944135101142
08.05.2025 09:45;54,83124248305849
08.05.2025 10:00;62,97615229817039
08.05.2025 10:15;53,79851643862535
08.05.2025 10:30;54,143419184145536
08.05.2025 10:45;58,50527947312143
08.05.2025 11:00;50,40350317143791
08.05.2025 11:15;67,70366841718798
08.05.2025 11:30;69,54396067776493
08.05.2025 11:45;61,28805210277542
08.05.2025 12:00;59,739543360428996
08.05.2025 12:15;51,15394645189241
08.05.2025 12:30;40,07745851878106
08.05.2025 12:45;54,67378962635193
08.05.2025 13:00;58,78178723515583
08.05.2025 13:15;70,52800881407929
08.05.2025 13:30;47,04124814676694
08.05.2025 13:45;64,65792242353369
08.05.2025 14:00;53,12285157952975
08.05.2025 14:15;55,534662853455316
08.05.2025 14:30;67,2173408871727
08.05.2025 14:45;33,89384810290518
08.05.2025 15:00;61,292725397800346
08.05.2025 15:15;44,40587908953121
08.05.2025 15:30;43,45044517827187
08.05.2025 15:45;60,194361895624745
08.05.2025 16:00;64,22855502733827
08.05.2025 16:15;57,5799938804993
08.05.2025 16:30;37,537672719066805
08.05.2025 16:45;49,899403810879775
08.05.2025 17:00;66,86842249352901
08.05.2025 17:15;54,80071193938679
08.05.2025 17:30;74,08075190835063
08.05.2025 17:45;66,84861281561662
08.05.2025 18:00;59,11586398563282
08.05.2025 18:15;66,76114471698263
08.05.2025 18:30;79,6060378807013
08.05.2025 18:45;78,327431330688
08.05.2025 19:00;83,7425477290858
08.05.2025 19:15;61,026076357689064
08.05.2025 19:30;84,960952098383
08.05.2025 19:45;74,19584379034094
08.05.2025 20:00;67,46451724076081
08.05.2025 20:15;82,60889083386618
08.05.2025 20:30;54,99479066274531
08.05.2025 20:45;75,50413954818721
08.05.2025 21:00;81,46653198512593
08.05.2025 21:15;60,80878193327132
08.05.2025 21:30;54,56293032667364
08.05.2025 21:45;73,49461242411327
08.05.2025 22:00;56,675050694040024
08.05.2025 22:15;55,66910507876276
08.05.2025 22:30;53,03943051244897
08.05.2025 22:45;63,51985030264265
08.05.2025 23:00;49,96519174744414
08.05.2025 23:15;68,41106997226663
08.05.2025 23:30;52,19001592612898
08.05.2025 23:45;63,42486168377593
09.05.2025 00:00;76,74503648508828
09.05.2025 00:15;62,26720231711047
09.05.2025 00:30;66,05852649672356
09.05.2025 00:45;63,36025236734143
09.05.2025 01:00;51,11165388121179
09.05.2025 01:15;76,4581529771287
09.05.2025 01:30;74,99933485179291
09.05.2025 01:45;50,59781486968037
09.05.2025 02:00;69,42222021208546
09.05.2025 02:15;68,67105110713423
09.05.2025 02:30;43,111692024874756
09.05.2025 02:45;45,946724104070654
09.05.2025 03:00;66,09738998599795
09.05.2025 03:15;44,66115904297181
09.05.2025 03:30;58,8689855661708
09.05.2025 03:45;56,54721785783706
09.05.2025 04:00;48,47136599639384
09.05.2025 04:15;55,60559765916267
09.05.2025 04:30;63,805202561238865
09.05.2025 04:45;64,99137895942695
09.05.2025 05:00;69,53892355956917
09.05.2025 05:15;60,87811400221982
09.05.2025 05:30;75,66736231146002
09.05.2025 05:45;54,49610869086101
09.05.2025 06:00;64,98158221912831
09.05.2025 06:15;71,32006568317212
09.05.2025 06:30;73,42329913071934
09.05.2025 06:45;68,49296545848311
09.05.2025 07:00;73,3073884520526
09.05.2025 07:15;50,71501089618566
09.05.2025 07:30;68,00231664791181
09.05.2025 07:45;61,92764066354107
09.05.2025 08:00;51,59419629083639
09.05.2025 08:15;59,8348949510093
09.05.2025 08:30;83,19376175933708
09.05.2025 08:45;52,36857294301051
09.05.2025 09:00;67,86998664458069
09.05.2025 09:15;72,6239205645643
09.05.2025 09:30;80,28464980482657
09.05.2025 09:45;70,36435411780589
09.05.2025 10:00;61,47714918255417
09.05.2025 10:15;58,37330197735931
09.05.2025 10:30;59,75663636992588
09.05.2025 10:45;84,76498123894956
09.05.2025 11:00;75,98026167613146
09.05.2025 11:15;77,62190774996766
09.05.2025 11:30;43,478270772863894
09.05.2025 11:45;53,95931426180774
09.05.2025 12:00;56,02778289232191
09.05.2025 12:15;57,59064639086748
09.05.2025 12:30;67,11958914161646
09.05.2025 12:45;56,97359181963771
09.05.2025 13:00;62,827407076977394
09.05.2025 13:15;69,42696583367474
09.05.2025 13:30;66,2123635343999
09.05.2025 13:45;71,61429104266728
09.05.2025 14:00;51,57047727661974
09.05.2025 14:15;63,15663926544327
09.05.2025 14:30;67,02079254179205
09.05.2025 14:45;51,635966941091354
09.05.2025 15:00;33,113987113640434
09.05.2025 15:15;51,01223644402454
09.05.2025 15:30;55,06399179383064
09.05.2025 15:45;78,18942808008299
09.05.2025 16:00;68,56116387474502
09.05.2025 16:15;63,65936477685214
09.05.2025 16:30;65,21811621396333
09.05.2025 16:45;40,659708530860506
09.05.2025 17:00;51,06360804140215
09.05.2025 17:15;68,33952731479546
09.05.2025 17:30;89,04341740173425
09.05.2025 17:45;83,89699412842589
09.05.2025 18:00;77,92380430465263
09.05.2025 18:15;51,77112509566738
09.05.2025 18:30;68,53452240226511
09.05.2025 18:45;74,05801386697446
09.05.2025 19:00;76,66948949300202
09.05.2025 19:15;96,50536101829803
09.05.2025 19:30;83,90600776918288
09.05.2025 19:45;78,90689985259007
09.05.2025 20:00;67,97190233371855
09.05.2025 20:15;80,4502589015529
09.05.2025 20:30;60,66970021467972
09.05.2025 20:45;89,59385313920558
09.05.2025 21:00;55,72225050196185
09.05.2025 21:15;82,25552098156663
09.05.2025 21:30;66,93128955225863
09.05.2025 21:45;69,99114876282218
09.05.2025 22:00;69,29326227717091
09.05.2025 22:15;48,19501059573807
09.05.2025 22:30;64,46303121504017
09.05.2025 22:45;62,13416841451063
09.05.2025 23:00;85,25382735947514
09.05.2025 23:15;56,7948620469627
09.05.2025 23:30;69,68156259446239
09.05.2025 23:45;48,38283258369717
10.05.2025 00:00;53,68207938057123
10.05.2025 00:15;26,186592225434413
10.05.2025 00:30;82,51327980857963
10.05.2025 00:45;46,4652328045116
10.05.2025 01:00;34,82476631894322
10.05.2025 01:15;51,24465342137423
10.05.2025 01:30;53,381109979332905
10.05.2025 01:45;45,31904906376913
10.05.2025 02:00;46,09296582695028
10.05.2025 02:15;51,65404083013562
10.05.2025 02:30;45,62272639475483
10.05.2025 02:45;36,11393242817587
10.05.2025 03:00;76,2695666473248
10.05.2025 03:15;60,75514897225056
10.05.2025 03:30;46,47194018728608
10.05.2025 03:45;54,149810385135815
10.05.2025 04:00;55,014427376221576
10.05.2025 04:15;42,29949384860844
10.05.2025 04:30;67,63058099551945
10.05.2025 04:45;49,61654981997955
10.05.2025 05:00;64,08872092155018
10.05.2025 05:15;56,68153071795455
10.05.2025 05:30;63,791752186261384
10.05.2025 05:45;72,294511122865
10.05.2025 06:00;18,371934283230537
10.05.2025 06:15;75,8223337360253
10.05.2025 06:30;67,70143696658691
10.05.2025 06:45;82,97835896169894
10.05.2025 07:00;77,44811097545065
10.05.2025 07:15;66,96465104417693
10.05.2025 07:30;48,99751806976269
10.05.2025 07:45;58,00891136191819
10.05.2025 08:00;73,68699538576494
10.05.2025 08:15;62,7117697398833
10.05.2025 08:30;64,32693704650706
10.05.2025 08:45;71,94345280035665
10.05.2025 09:00;63,43624263293282
10.05.2025 09:15;79,08881415727471
10.05.2025 09:30;42,59481291397651
10.05.2025 09:45;65,04568800070344
10.05.2025 10:00;73,84316120594895
10.05.2025 10:15;83,86207308309207
10.05.2025 10:30;83,08342896272045
10.05.2025 10:45;58,267412382953744
10.05.2025 11:00;59,02466761819149
10.05.2025 11:15;76,76237533219359
10.05.2025 11:30;61,861543065487915
10.05.2025 11:45;62,74980943203043
10.05.2025 12:00;55,02109040383615
10.05.2025 12:15;37,51724020918755
10.05.2025 12:30;44,77625718050375
10.05.2025 12:45;48,089238345749536
10.05.2025 13:00;56,690368998228706
10.05.2025 13:15;53,54658125135413
10.05.2025 13:30;56,71410832864461
10.05.2025 13:45;47,234144036655394
10.05.2025 14:00;45,05206048337603
10.05.2025 14:15;59,41750096062689
10.05.2025 14:30;57,831222492110996
10.05.2025 14:45;54,87457820483679
10.05.2025 15:00;62,3576015418082
10.05.2025 15:15;54,59224836592291
10.05.2025 15:30;69,4049960753807
10.05.2025 15:45;58,948703486650956
10.05.2025 16:00;64,69119355894642
10.05.2025 16:15;61,275749316349895
10.05.2025 16:30;52,33289396124938
10.05.2025 16:45;49,20049912855429
10.05.2025 17:00;39,120257234300574
10.05.2025 17:15;68,55006331674556
10.05.2025 17:30;66,290264545706
10.05.2025 17:45;74,49904291353265
10.05.2025 18:00;47,605128700254376
10.05.2025 18:15;79,20174692380431
10.05.2025 18:30;77,12226263957426
10.05.2025 18:45;91,76841753604988
10.05.2025 19:00;72,00362903246541
10.05.2025 19:15;76,57476401821273
10.05.2025 19:30;77,08461066507323
10.05.2025 19:45;73,0093198310397
10.05.2025 20:00;63,768751483136
10.05.2025 20:15;64,82906628725846
10.05.2025 20:30;94,37695130088866
10.05.2025 20:45;68,63855693542541
10.05.2025 21:00;81,25547744315388
10.05.2025 21:15;60,989137764801534
10.05.2025 21:30;86,1912493661611
10.05.2025 21:45;56,44327617382359
10.05.2025 22:00;83,8232917317963
10.05.2025 22:15;88,74206395011035
10.05.2025 22:30;63,6952801790171
10.05.2025 22:45;81,69940206044652
10.05.2025 23:00;62,63463078396983
10.05.2025 23:15;48,88730167539842
10.05.2025 23:30;51,47850248027666
10.05.2025 23:45;54,571350781415475
11.05.2025 00:00;57,53909019991773
11.05.2025 00:15;46,470197168972724
11.05.2025 00:30;74,84246703392094
11.05.2025 00:45;45,47365541051252
11.05.2025 01:00;23,233573654651423
11.05.2025 01:15;66,715672117998
11.05.2025 01:30;38,050152465667175
11.05.2025 01:45;43,298601390989724
11.05.2025 02:00;35,14195635505359
11.05.2025 02:15;52,25103871954997
11.05.2025 02:30;40,333724021014696
11.05.2025 02:45;43,46701530576868
11.05.2025 03:00;44,17876674064062
11.05.2025 03:15;70,34372171137177
11.05.2025 03:30;69,50433692572811
11.05.2025 03:45;51,7277974529637
11.05.2025 04:00;72,62820564901493
11.05.2025 04:15;57,59867459320921
11.05.2025 04:30;54,021979518638524
11.05.2025 04:45;46,612143950667495
11.05.2025 05:00;45,469316096672074
11.05.2025 05:15;47,92604198597198
11.05.2025 05:30;77,0841683125545
11.05.2025 05:45;49,09184735772696
11.05.2025 06:00;44,177572217297275
11.05.2025 06:15;58,422702955649534
11.05.2025 06:30;53,02524301684392
11.05.2025 06:45;68,83891525328504
11.05.2025 07:00;60,615504628865835
11.05.2025 07:15;49,19365515877392
11.05.2025 07:30;61,6999235534681
11.05.2025 07:45;82,63162732124938
11.05.2025 08:00;79,38220064604903
11.05.2025 08:15;50,79581654079864
11.05.2025 08:30;46,51150572678754
11.05.2025 08:45;69,99719294289798
11.05.2025 09:00;85,17866696712443
11.05.2025 09:15;35,621159182657706
11.05.2025 09:30;70,51349642594245
11.05.2025 09:45;56,109184685698175
11.05.2025 10:00;30,701623523263873
11.05.2025 10:15;40,683126026318924
11.05.2025 10:30;47,235824978532946
11.05.2025 10:45;55,55864629526879
11.05.2025 11:00;68,29855577955257
11.05.2025 11:15;70,90667644477068
11.05.2025 11:30;51,8673829379425
11.05.2025 11:45;48,93766061053989
11.05.2025 12:00;38,03806557533638
11.05.2025 12:15;38,868094126948954
11.05.2025 12:30;58,09609870179344
11.05.2025 12:45;59,4884125590461
11.05.2025 13:00;37,93375778153224
11.05.2025 13:15;44,408241642503604
11.05.2025 13:30;48,160746290051506
11.05.2025 13:45;58,1165621147641
11.05.2025 14:00;74,96824806618815
11.05.2025 14:15;52,56163545877264
11.05.2025 14:30;50,16191698275279
11.05.2025 14:45;58,25953060950281
11.05.2025 15:00;51,499987290464524
11.05.2025 15:15;54,86224504259618
11.05.2025 15:30;67,81352442421698
11.05.2025 15:45;38,386053859291344
11.05.2025 16:00;70,62441524248362
11.05.2025 16:15;35,590961675949785
11.05.2025 16:30;53,12685664845502
11.05.2025 16:45;53,07688892665185
11.05.2025 17:00;60,798861055270926
11.05.2025 17:15;52,235202541335845
11.05.2025 17:30;73,73125630348808
11.05.2025 17:45;60,424743633359725
11.05.2025 18:00;55,33944218316244
11.05.2025 18:15;72,92173262515458
11.05.2025 18:30;77,87888772906427
11.05.2025 18:45;68,28894157963835
11.05.2025 19:00;71,34154081361453
11.05.2025 19:15;104,20596068076223
11.05.2025 19:30;58,48049433308882
11.05.2025 19:45;82,84621662756973
11.05.2025 20:00;56,41580283392255
11.05.2025 20:15;79,34253593447653
11.05.2025 20:30;76,66093407129662
11.05.2025 20:45;89,62589120782157
11.05.2025 21:00;39,122980447389075
11.05.2025 21:15;67,4534176091889
11.05.2025 21:30;62,894853435149926
11.05.2025 21:45;66,38470396879721
11.05.2025 22:00;64,67821839030002
11.05.2025 22:15;62,401159720215716
11.05.2025 22:30;59,866725362595396
11.05.2025 22:45;66,130011852951
11.05.2025 23:00;49,77832426300577
11.05.2025 23:15;51,670371935763555
11.05.2025 23:30;72,2039736076872
11.05.2025 23:45;59,2959628911925
12.05.2025 00:00;77,60884357348594
12.05.2025 00:15;71,49191826020568
12.05.2025 00:30;76,72592977226137
12.05.2025 00:45;53,60544310393812
12.05.2025 01:00;66,52112429388863
12.05.2025 01:15;64,51467244900842
12.05.2025 01:30;79,38483149330584
12.05.2025 01:45;65,74118533338586
12.05.2025 02:00;43,81288334027281
12.05.2025 02:15;53,89225843147272
12.05.2025 02:30;70,092191096654
12.05.2025 02:45;63,974220666453114
12.05.2025 03:00;52,98763028058106
12.05.2025 03:15;48,75199665517969
12.05.2025 03:30;77,24373910522165
12.05.2025 03:45;61,39394595434625
12.05.2025 04:00;35,66565839236472
12.05.2025 04:15;67,203073010253
12.05.2025 04:30;53,06487838682139
12.05.2025 04:45;76,0277250226512
12.05.2025 05:00;69,90492234595482
12.05.2025 05:15;61,673697973753185
12.05.2025 05:30;68,45715844309386
12.05.2025 05:45;56,67710702994174
12.05.2025 06:00;48,587817565092394
12.05.2025 06:15;92,58004841446557
12.05.2025 06:30;66,96604298662923
12.05.2025 06:45;72,14046764807706
12.05.2025 07:00;56,22079058913007
12.05.2025 07:15;58,3742931479566
12.05.2025 07:30;74,76702208412664
12.05.2025 07:45;61,553692991574
12.05.2025 08:00;63,11774804276778
12.05.2025 08:15;62,77178343881867
12.05.2025 08:30;49,05549963432997
12.05.2025 08:45;86,75529241175964
12.05.2025 09:00;70,16564590557863
12.05.2025 09:15;72,16997150800107
12.05.2025 09:30;61,53680758267937
12.05.2025 09:45;45,21846655210674
12.05.2025 10:00;67,36748520483523
12.05.2025 10:15;59,116782035824365
12.05.2025 10:30;64,74733045579747
12.05.2025 10:45;79,42579675925157
12.05.2025 11:00;65,51762835581528
12.05.2025 11:15;75,44908753838097
12.05.2025 11:30;82,10473087495154
12.05.2025 11:45;69,4045234365306
12.05.2025 12:00;68,5765374217943
12.05.2025 12:15;58,14944910662861
12.05.2025 12:30;35,02642449995071
12.05.2025 12:45;50,91146080108162
12.05.2025 13:00;31,74314317541672
12.05.2025 13:15;62,147648732162786
12.05.2025 13:30;50,46000683764632
12.05.2025 13:45;68,96266823875347
12.05.2025 14:00;65,9222657596093
12.05.2025 14:15;73,21076094881738
12.05.2025 14:30;63,72641635044521
12.05.2025 14:45;35,30785502598541
12.05.2025 15:00;29,91750587117839
12.05.2025 15:15;83,67997473890915
12.05.2025 15:30;60,63158847198706
12.05.2025 15:45;51,30629025308327
12.05.2025 16:00;56,25610587763696
12.05.2025 16:15;49,91002360738369
12.05.2025 16:30;25,340586433820445
12.05.2025 16:45;64,98842550979344
12.05.2025 17:00;53,948096818996255
12.05.2025 17:15;43,27662985465531
12.05.2025 17:30;50,085379787525206
12.05.2025 17:45;83,6222615663668
12.05.2025 18:00;62,95753004105491
12.05.2025 18:15;80,26295624445522
12.05.2025 18:30;72,05435293959346
12.05.2025 18:45;91,69510235290768
12.05.2025 19:00;67,61791479646146
12.05.2025 19:15;90,77092888399253
12.05.2025 19:30;87,271220229748
12.05.2025 19:45;72,7621211790825
12.05.2025 20:00;83,89521537522083
12.05.2025 20:15;71,35262037529995
12.05.2025 20:30;71,90196614876854
12.05.2025 20:45;60,1564881666565
12.05.2025 21:00;75,75345162456186
12.05.2025 21:15;80,95145292914037
12.05.2025 21:30;76,7015639633556
12.05.2025 21:45;66,2205408821105
12.05.2025 22:00;57,210897504221286
12.05.2025 22:15;67,62594215959818
12.05.2025 22:30;61,67547191668668
12.05.2025 22:45;49,11924816942285
12.05.2025 23:00;55,156095597835275
12.05.2025 23:15;70,02437973857154
12.05.2025 23:30;71,83867487362657
12.05.2025 23:45;67,68346472712818
13.05.2025 00:00;56,55745112841921
13.05.2025 00:15;64,65297931454043
13.05.2025 00:30;38,53549546287087
13.05.2025 00:45;62,89835235709537
13.05.2025 01:00;51,687728710056895
13.05.2025 01:15;58,888924355048225
13.05.2025 01:30;41,40063745691148
13.05.2025 01:45;62,190394827345806
13.05.2025 02:00;69,20247953919898
13.05.2025 02:15;58,00707232457407
13.05.2025 02:30;52,12822146820418
13.05.2025 02:45;50,11681863999968
13.05.2025 03:00;53,72740728162633
13.05.2025 03:15;63,11733992049985
13.05.2025 03:30;46,5430298721974
13.05.2025 03:45;63,49129128836922
13.05.2025 04:00;43,865448889587526
13.05.2025 04:15;49,16226135336843
13.05.2025 04:30;51,27924506055433
13.05.2025 04:45;65,05765851547632
13.05.2025 05:00;63,37372575457282
13.05.2025 05:15;66,97503993627373
13.05.2025 05:30;77,24722531544207
13.05.2025 05:45;63,982519751003586
13.05.2025 06:00;72,0056452493855
13.05.2025 06:15;68,06441543801438
13.05.2025 06:30;63,37987919301004
13.05.2025 06:45;70,44937926274879
13.05.2025 07:00;74,51212764070519
13.05.2025 07:15;51,37501380804484
13.05.2025 07:30;86,0897360633598
13.05.2025 07:45;54,12410760143519
13.05.2025 08:00;13,34629122223572
13.05.2025 08:15;64,69369103800823
13.05.2025 08:30;72,92595389465853
13.05.2025 08:45;19,52732516679121
13.05.2025 09:00;78,78575663779432
13.05.2025 09:15;69,16105537817582
13.05.2025 09:30;67,54096975253951
13.05.2025 09:45;58,63927845761944
13.05.2025 10:00;43,01599532900089
13.05.2025 10:15;54,36239080502344
13.05.2025 10:30;70,51366561381712
13.05.2025 10:45;52,03551955290418
13.05.2025 11:00;59,132958951580726
13.05.2025 11:15;59,01771096473818
13.05.2025 11:30;55,34832772702519
13.05.2025 11:45;45,476978088022754
13.05.2025 12:00;42,89030784620844
13.05.2025 12:15;61,33007563861106
13.05.2025 12:30;41,64083483140342
13.05.2025 12:45;33,04056089593675
13.05.2025 13:00;45,53504425614235
13.05.2025 13:15;59,186872907193006
13.05.2025 13:30;57,1553880594809
13.05.2025 13:45;55,398034357921226
13.05.2025 14:00;54,13254102970264
13.05.2025 14:15;63,072652740350534
13.05.2025 14:30;70,54513900997378
13.05.2025 14:45;35,894223496123146
13.05.2025 15:00;50,167090661940996
13.05.2025 15:15;68,53356385263054
13.05.2025 15:30;66,30997438728181
13.05.2025 15:45;26,04183314637244
13.05.2025 16:00;69,01295454039821
13.05.2025 16:15;62,61123937537276
13.05.2025 16:30;46,229205826764
13.05.2025 16:45;85,26650601345902
13.05.2025 17:00;58,966508805910436
13.05.2025 17:15;71,67408501941624
13.05.2025 17:30;48,38403632635578
13.05.2025 17:45;150,86829121868868
13.05.2025 18:00;72,5730023024234
13.05.2025 18:15;84,887098966243
13.05.2025 18:30;98,41049257526812
13.05.2025 18:45;70,95223654090243
13.05.2025 19:00;102,0852264978426
13.05.2025 19:15;81,53403787563347
13.05.2025 19:30;86,66140986917347
13.05.2025 19:45;62,9541325523606
13.05.2025 20:00;68,52877260721372
13.05.2025 20:15;49,6520249445848
13.05.2025 20:30;68,47734302126452
13.05.2025 20:45;79,40393613588078
13.05.2025 21:00;79,83587725314821
13.05.2025 21:15;62,790162931627265
13.05.2025 21:30;61,6617478374152
13.05.2025 21:45;60,08225124049863
13.05.2025 22:00;64,9496995955165
13.05.2025 22:15;60,38768083996289
13.05.2025 22:30;57,0890061924941
13.05.2025 22:45;61,153324259547716
13.05.2025 23:00;54,26150432305256
13.05.2025 23:15;84,38983868633672
13.05.2025 23:30;55,5846855059068
13.05.2025 23:45;47,23820316504445
14.05.2025 00:00;64,99250316074634
14.05.2025 00:15;41,35905608164667
14.05.2025 00:30;50,69305456249724
14.05.2025 00:45;42,12424635687117
14.05.2025 01:00;57,74432584078494
14.05.2025 01:15;63,77085139888286
14.05.2025 01:30;50,09709355860265
14.05.2025 01:45;60,4941982278557
14.05.2025 02:00;49,4444483941884
14.05.2025 02:15;74,89852411142525
14.05.2025 02:30;67,38308696431886
14.05.2025 02:45;61,9199635614207
14.05.2025 03:00;43,01927728105098
14.05.2025 03:15;50,3182242702514
14.05.2025 03:30;57,49587502069859
14.05.2025 03:45;45,07202916466137
14.05.2025 04:00;53,03860051437444
14.05.2025 04:15;66,1697925360198
14.05.2025 04:30;68,48616740030087
14.05.2025 04:45;64,0209973334211
14.05.2025 05:00;55,5585133501717
14.05.2025 05:15;65,36952327031906
14.05.2025 05:30;39,859770373875364
14.05.2025 05:45;57,10408912247321
14.05.2025 06:00;63,93162055936908
14.05.2025 06:15;68,10059541125177
14.05.2025 06:30;84,96724807020861
14.05.2025 06:45;69,99288983536934
14.05.2025 07:00;53,45201713735089
14.05.2025 07:15;55,568532398255286
14.05.2025 07:30;43,51856648149128
14.05.2025 07:45;68,65319521722185
14.05.2025 08:00;71,77475354621792
14.05.2025 08:15;64,62316000121774
14.05.2025 08:30;54,394393599625396
14.05.2025 08:45;85,70527439491116
14.05.2025 09:00;59,212089273663025
14.05.2025 09:15;60,916215147444
14.05.2025 09:30;59,74470932667386
14.05.2025 09:45;66,54309467672786
14.05.2025 10:00;41,835360618669604
14.05.2025 10:15;50,62290803448711
14.05.2025 10:30;66,69251749121847
14.05.2025 10:45;65,63129642402494
14.05.2025 11:00;73,10343110718084
14.05.2025 11:15;50,466268358469236
14.05.2025 11:30;65,59369187986853
14.05.2025 11:45;54,763892356393555
14.05.2025 12:00;36,2194037080424
14.05.2025 12:15;49,053456599783
14.05.2025 12:30;49,003678479620156
14.05.2025 12:45;66,17005000636948
14.05.2025 13:00;65,34340885942159
14.05.2025 13:15;65,72767084851638
14.05.2025 13:30;57,19168994471869
14.05.2025 13:45;68,96630125812062
14.05.2025 14:00;68,28489680665932
14.05.2025 14:15;50,51606934617125
14.05.2025 14:30;60,090564701415595
14.05.2025 14:45;41,128820138048106
14.05.2025 15:00;52,69910353841486
14.05.2025 15:15;57,9193309662994
14.05.2025 15:30;104,9340599464204
14.05.2025 15:45;47,359523488142834
14.05.2025 16:00;41,265995766555164
14.05.2025 16:15;25,239841325998558
14.05.2025 16:30;40,61653289592604
14.05.2025 16:45;62,49448506196856
14.05.2025 17:00;29,28425202588467
14.05.2025 17:15;69,89259156214085
14.05.2025 17:30;81,72188248542031
14.05.2025 17:45;53,30472206442741
14.05.2025 18:00;93,49354120393467
14.05.2025 18:15;81,52990967437742
14.05.2025 18:30;53,377245807810986
14.05.2025 18:45;47,60585569785192
14.05.2025 19:00;76,08517283092279
14.05.2025 19:15;65,13262598069963
14.05.2025 19:30;67,92363956432739
14.05.2025 19:45;67,08837223144842
14.05.2025 20:00;58,829459386993655
14.05.2025 20:15;72,02481502410885
14.05.2025 20:30;85,46541022136923
14.05.2025 20:45;70,52545647230302
14.05.2025 21:00;70,37018009295888
14.05.2025 21:15;51,719911700681095
14.05.2025 21:30;70,51125341052033
14.05.2025 21:45;52,89325183388492
14.05.2025 22:00;67,71589713438956
14.05.2025 22:15;67,87172690746543
14.05.2025 22:30;41,180278897727064
14.05.2025 22:45;65,54778265274619
14.05.2025 23:00;58,28847807892197
14.05.2025 23:15;51,87780198115361
14.05.2025 23:30;52,35598702232581
14.05.2025 23:45;33,233005258213
15.05.2025 00:00;58,882826511398186
15.05.2025 00:15;69,24825609943238
15.05.2025 00:30;67,31308649782034
15.05.2025 00:45;35,19541868916767
15.05.2025 01:00;40,61533106292573
15.05.2025 01:15;33,080124468042264
15.05.2025 01:30;54,206313539246075
15.05.2025 01:45;72,64080270742365
15.05.2025 02:00;60,64151000868608
15.05.2025 02:15;94,78711582146698
15.05.2025 02:30;69,38999656771355
15.05.2025 02:45;51,72048119001289
15.05.2025 03:00;62,936365509663815
15.05.2025 03:15;139,42110284380763
15.05.2025 03:30;58,308558596108256
15.05.2025 03:45;42,792917844937094
15.05.2025 04:00;72,40216357720897
15.05.2025 04:15;58,62154800826723
15.05.2025 04:30;71,25105135027631
15.05.2025 04:45;58,02318054157517
15.05.2025 05:00;63,75809402858623
15.05.2025 05:15;65,812613393078
15.05.2025 05:30;65,72893517907141
15.05.2025 05:45;71,08724449265878
15.05.2025 06:00;64,55855499844021
15.05.2025 06:15;49,408613422481935
15.05.2025 06:30;78,35249332057784
15.05.2025 06:45;45,018762994720745
15.05.2025 07:00;68,34409688986827
15.05.2025 07:15;50,922888096096074
15.05.2025 07:30;49,97364631245895
15.05.2025 07:45;66,44084325008032
15.05.2025 08:00;94,63398798197493
15.05.2025 08:15;60,826004598037414
15.05.2025 08:30;76,46364230374805
15.05.2025 08:45;73,21780465034469
15.05.2025 09:00;68,47764807347943
15.05.2025 09:15;51,19066086966457
15.05.2025 09:30;81,26767839180874
15.05.2025 09:45;60,30836265102694
15.05.2025 10:00;74,22165363130402
15.05.2025 10:15;71,56878878950002
15.05.2025 10:30;23,064541651844024
15.05.2025 10:45;45,86243236869045
15.05.2025 11:00;59,29819134043022
15.05.2025 11:15;46,211926782792965
15.05.2025 11:30;3,894455523280855
15.05.2025 11:45;40,89663379193997
15.05.2025 12:00;58,15076194907528
15.05.2025 12:15;50,66147613279391
15.05.2025 12:30;49,55530511091568
15.05.2025 12:45;43,07578235826477
15.05.2025 13:00;63,81628879487766
15.05.2025 13:15;47,63563176733429
15.05.2025 13:30;77,34837700778962
15.05.2025 13:45;54,35254816574209
15.05.2025 14:00;32,97505453338653
15.05.2025 14:15;51,287716563181974
15.05.2025 14:30;49,62412556168371
15.05.2025 14:45;62,89589272015416
15.05.2025 15:00;36,5997240435471
15.05.2025 15:15;71,30002503124655
15.05.2025 15:30;51,264936045464594
15.05.2025 15:45;82,13543144410016
15.05.2025 16:00;52,97096073857653
15.05.2025 16:15;37,01739915200129
15.05.2025 16:30;65,9128247446124
15.05.2025 16:45;58,20672218796387
15.05.2025 17:00;48,09074966548819
15.05.2025 17:15;36,25705034080814
15.05.2025 17:30;59,162869829754506
15.05.2025 17:45;63,46062230763195
15.05.2025 18:00;40,1014501047369
15.05.2025 18:15;63,99597284694964
15.05.2025 18:30;61,16986348765492
15.05.2025 18:45;57,0556366443139
15.05.2025 19:00;78,81285750667224
15.05.2025 19:15;81,6370007678936
15.05.2025 19:30;78,71892048885333
15.05.2025 19:45;100,94519661338775
15.05.2025 20:00;72,24156646339007
15.05.2025 20:15;76,63542405675253
15.05.2025 20:30;69,03263425353941
15.05.2025 20:45;57,98952931734245
15.05.2025 21:00;60,41697999829036
15.05.2025 21:15;66,9265169474969
15.05.2025 21:30;78,9318627387268
15.05.2025 21:45;79,84270429729115
15.05.2025 22:00;58,82719879528257
15.05.2025 22:15;61,91106701396364
15.05.2025 22:30;57,84703678269397
15.05.2025 22:45;64,25406946666882
15.05.2025 23:00;44,47006322543889
15.05.2025 23:15;86,53377098416627
15.05.2025 23:30;52,08759630705964
15.05.2025 23:45;54,89511966400624
16.05.2025 00:00;46,239329387473454
16.05.2025 00:15;35,189776386383244
16.05.2025 00:30;60,51400593238815
16.05.2025 00:45;78,177198906516
16.05.2025 01:00;62,01796624099814
16.05.2025 01:15;44,83532975843893
16.05.2025 01:30;40,64296611817077
16.05.2025 01:45;60,36000954053416
16.05.2025 02:00;78,35517564560804
16.05.2025 02:15;66,78381277964054
16.05.2025 02:30;57,4213351221145
16.05.2025 02:45;44,55004803606676
16.05.2025 03:00;52,45679075414445
16.05.2025 03:15;33,48573287234701
16.05.2025 03:30;44,70894698084202
16.05.2025 03:45;28,893717771854668
16.05.2025 04:00;74,36322552583361
16.05.2025 04:15;77,52978692260584
16.05.2025 04:30;55,11618013063711
16.05.2025 04:45;44,127030066155754
16.05.2025 05:00;68,36396667186268
16.05.2025 05:15;62,306335993632295
16.05.2025 05:30;59,30902484413847
16.05.2025 05:45;83,62141022432839
16.05.2025 06:00;56,62728332979315
16.05.2025 06:15;45,21146959784663
16.05.2025 06:30;61,820574131414254
16.05.2025 06:45;52,38394671218884
16.05.2025 07:00;63,837915902913856
16.05.2025 07:15;110,15210744764563
16.05.2025 07:30;68,00495589107503
16.05.2025 07:45;45,932533936196485
16.05.2025 08:00;50,472359896931174
16.05.2025 08:15;76,41532121261679
16.05.2025 08:30;53,10315826910001
16.05.2025 08:45;64,35059390144075
16.05.2025 09:00;59,56839093729305
16.05.2025 09:15;52,806779516165285
16.05.2025 09:30;49,63736388646132
16.05.2025 09:45;65,17653580143711
16.05.2025 10:00;51,602515818892385
16.05.2025 10:15;64,77366787486822
16.05.2025 10:30;55,17009894809691
16.05.2025 10:45;52,97599461612853
16.05.2025 11:00;54,93578648846423
16.05.2025 11:15;75,78999175589699
16.05.2025 11:30;37,67680929921984
16.05.2025 11:45;19,20398576655894
16.05.2025 12:00;43,97459191341036
16.05.2025 12:15;42,856625965436756
16.05.2025 12:30;53,399828688366895
16.05.2025 12:45;53,11649487825714
16.05.2025 13:00;55,364059870494856
16.05.2025 13:15;56,084944979453454
16.05.2025 13:30;63,44468009042039
16.05.2025 13:45;61,22289913657074
16.05.2025 14:00;53,661842192613435
16.05.2025 14:15;33,9660409004628
16.05.2025 14:30;52,92507224173695
16.05.2025 14:45;23,506306134471686
16.05.2025 15:00;63,306659390694
16.05.2025 15:15;67,07434472969555
16.05.2025 15:30;65,22060562651895
16.05.2025 15:45;50,09386618550721
16.05.2025 16:00;50,33312266080224
16.05.2025 16:15;54,96223338571202
16.05.2025 16:30;65,64966139036092
16.05.2025 16:45;68,81363081050337
16.05.2025 17:00;53,185712772756744
16.05.2025 17:15;31,82162798444518
16.05.2025 17:30;65,19060529202507
16.05.2025 17:45;64,93740194185733
16.05.2025 18:00;78,5048416545217
16.05.2025 18:15;20,399729570128684
16.05.2025 18:30;78,12429165987771
16.05.2025 18:45;67,4203973226336
16.05.2025 19:00;72,088191185033
16.05.2025 19:15;74,51895543051481
16.05.2025 19:30;74,44673935770122
16.05.2025 19:45;55,08178251830884
16.05.2025 20:00;83,9862578756263
16.05.2025 20:15;63,708533553663386
16.05.2025 20:30;70,25466648562671
16.05.2025 20:45;87,65016523159659
16.05.2025 21:00;59,727719571173694
16.05.2025 21:15;74,99376677148986
16.05.2025 21:30;85,63372625682294
16.05.2025 21:45;47,79090721557593
16.05.2025 22:00;64,49698754596454
16.05.2025 22:15;59,40702554917277
16.05.2025 22:30;71,87493769944345
16.05.2025 22:45;56,46643108807928
16.05.2025 23:00;63,88245743667506
16.05.2025 23:15;64,53655676339531
16.05.2025 23:30;58,067855588814446
16.05.2025 23:45;56,588052133397504
17.05.2025 00:00;51,72364767822209
17.05.2025 00:15;27,973306161702872
17.05.2025 00:30;38,935629005657475
17.05.2025 00:45;49,99687673887785
17.05.2025 01:00;56,62552232139641
17.05.2025 01:15;39,53927792197075
17.05.2025 01:30;52,352942864495304
17.05.2025 01:45;36,472489577571224
17.05.2025 02:00;26,702884976049777
17.05.2025 02:15;64,45215820216183
17.05.2025 02:30;33,199249908049254
17.05.2025 02:45;59,050332208773874
17.05.2025 03:00;49,79638213140811
17.05.2025 03:15;43,33541900787481
17.05.2025 03:30;54,73366906085766
17.05.2025 03:45;85,16746530256312
17.05.2025 04:00;59,402496145924964
17.05.2025 04:15;51,05492427537073
17.05.2025 04:30;81,89974860299627
17.05.2025 04:45;56,421376928247895
17.05.2025 05:00;52,36608551609229
17.05.2025 05:15;59,79508075121823
17.05.2025 05:30;37,546363278226735
17.05.2025 05:45;53,30773624980622
17.05.2025 06:00;58,691070183672444
17.05.2025 06:15;60,392819688190734
17.05.2025 06:30;54,75561834349769
17.05.2025 06:45;58,06740142877557
17.05.2025 07:00;54,74676354795282
17.05.2025 07:15;63,04518365200755
17.05.2025 07:30;73,77657083395447
17.05.2025 07:45;53,1744102887173
17.05.2025 08:00;47,45386622978281
17.05.2025 08:15;76,71582478348792
17.05.2025 08:30;68,03120727632862
17.05.2025 08:45;52,0858416168464
17.05.2025 09:00;78,90355136877994
17.05.2025 09:15;62,446683909477684
17.05.2025 09:30;49,16974924620305
17.05.2025 09:45;42,60276767948464
17.05.2025 10:00;54,500923384257995
17.05.2025 10:15;64,73586496655417
17.05.2025 10:30;53,753716633938474
17.05.2025 10:45;53,79808894441321
17.05.2025 11:00;64,56266676010758
17.05.2025 11:15;31,00808640054514
17.05.2025 11:30;40,293147229216764
17.05.2025 11:45;38,88679078270457
17.05.2025 12:00;43,94480565450861
17.05.2025 12:15;39,9775560182671
17.05.2025 12:30;59,940748575633286
17.05.2025 12:45;41,11533606489925
17.05.2025 13:00;31,811112512576486
17.05.2025 13:15;68,79182439885956
17.05.2025 13:30;41,004419940671575
17.05.2025 13:45;54,50384165843141
17.05.2025 14:00;60,28184955665757
17.05.2025 14:15;52,6998920676632
17.05.2025 14:30;59,71515405286392
17.05.2025 14:45;49,616877063893305
17.05.2025 15:00;60,575203091387586
17.05.2025 15:15;65,12938617840723
17.05.2025 15:30;60,06183144532798
17.05.2025 15:45;39,83320486582394
17.05.2025 16:00;37,01761347303463
17.05.2025 16:15;29,137126225659706
17.05.2025 16:30;38,97826047420963
17.05.2025 16:45;59,85708004800229
17.05.2025 17:00;65,55505626486811
17.05.2025 17:15;61,1110527395671
17.05.2025 17:30;69,96643006730966
17.05.2025 17:45;33,300317652807706
17.05.2025 18:00;51,011987071060034
17.05.2025 18:15;52,502006222585344
17.05.2025 18:30;73,38432366775706
17.05.2025 18:45;57,777094345214266
17.05.2025 19:00;49,039239680097836
17.05.2025 19:15;64,47195335686152
17.05.2025 19:30;50,401760047384336
17.05.2025 19:45;56,00695418727573
17.05.2025 20:00;85,54093529664286
17.05.2025 20:15;60,644210863724766
17.05.2025 20:30;60,6648661076185
17.05.2025 20:45;62,71438755998787
17.05.2025 21:00;55,07869440476117
17.05.2025 21:15;51,80154878922642
17.05.2025 21:30;62,17636602662706
17.05.2025 21:45;50,09618959494295
17.05.2025 22:00;82,41568708737164
17.05.2025 22:15;61,11476707021395
17.05.2025 22:30;43,96092825663747
17.05.2025 22:45;54,67452671187368
17.05.2025 23:00;62,54362092783863
17.05.2025 23:15;43,090685482772706
17.05.2025 23:30;47,922176634974974
17.05.2025 23:45;49,724722262772154
18.05.2025 00:00;44,43345598909505
18.05.2025 00:15;53,158651862720795
18.05.2025 00:30;39,35817973696954
18.05.2025 00:45;63,52920145751467
18.05.2025 01:00;23,551221124004226
18.05.2025 01:15;45,708905236960945
18.05.2025 01:30;46,032422325079196
18.05.2025 01:45;55,00378679470805
18.05.2025 02:00;44,27503456727746
18.05.2025 02:15;62,19899328377435
18.05.2025 02:30;45,191601954607656
18.05.2025 02:45;38,29619479432784
18.05.2025 03:00;35,39925291400367
18.05.2025 03:15;35,54155961571111
18.05.2025 03:30;30,978991005878015
18.05.2025 03:45;60,736673628137254
18.05.2025 04:00;49,68345172871319
18.05.2025 04:15;60,401363689913325
18.05.2025 04:30;64,93809144324695
18.05.2025 04:45;38,00919447910111
18.05.2025 05:00;37,00082428422817
18.05.2025 05:15;37,43114861088424
18.05.2025 05:30;36,99528526031477
18.05.2025 05:45;67,36041857698342
18.05.2025 06:00;37,34375751307275
18.05.2025 06:15;46,41734777492936
18.05.2025 06:30;49,33897304841314
18.05.2025 06:45;51,75995690465604
18.05.2025 07:00;69,90834641156717
18.05.2025 07:15;51,44011897504458
18.05.2025 07:30;49,07989561622796
18.05.2025 07:45;77,01902687250639
18.05.2025 08:00;54,50406125801631
18.05.2025 08:15;53,316357144757816
18.05.2025 08:30;75,11516220038423
18.05.2025 08:45;50,4070794495795
18.05.2025 09:00;76,79420412924398
18.05.2025 09:15;61,573588628644
18.05.2025 09:30;66,4306579438398
18.05.2025 09:45;49,53380824920278
18.05.2025 10:00;-6,812195597116329
18.05.2025 10:15;55,77599601068407
18.05.2025 10:30;51,417389219932836
18.05.2025 10:45;54,729188552703775
18.05.2025 11:00;59,276190629477846
18.05.2025 11:15;27,596515192050397
18.05.2025 11:30;49,48230609156917
18.05.2025 11:45;36,16732644505914
18.05.2025 12:00;51,010299430655486
18.05.2025 12:15;56,78479983232787
18.05.2025 12:30;28,24396149701154
18.05.2025 12:45;65,78240407804265
18.05.2025 13:00;41,38825566205951
18.05.2025 13:15;42,114267043228786
18.05.2025 13:30;40,834705547355135
18.05.2025 13:45;34,46362783292698
18.05.2025 14:00;45,80642417462068
18.05.2025 14:15;57,42497236366453
18.05.2025 14:30;49,10486919934326
18.05.2025 14:45;35,527190990451885
18.05.2025 15:00;45,540300922065576
18.05.2025 15:15;42,84263367258265
18.05.2025 15:30;44,78025113688778
18.05.2025 15:45;30,535510398083932
18.05.2025 16:00;52,36514380807546
18.05.2025 16:15;48,6724265339923
18.05.2025 16:30;25,01704566039158
18.05.2025 16:45;43,6070692060804
18.05.2025 17:00;67,3796937866881
18.05.2025 17:15;45,65943224472943
18.05.2025 17:30;58,61850603325804
18.05.2025 17:45;71,87122412793661
18.05.2025 18:00;62,98763835565404
18.05.2025 18:15;70,95653657843792
18.05.2025 18:30;65,84909533051103
18.05.2025 18:45;59,62804869360188
18.05.2025 19:00;54,979273785139625
18.05.2025 19:15;70,86232188128966
18.05.2025 19:30;50,99404190385269
18.05.2025 19:45;49,97338233538002
18.05.2025 20:00;61,26822619678401
18.05.2025 20:15;80,99758177262035
18.05.2025 20:30;76,53689476639963
18.05.2025 20:45;59,54248646207184
18.05.2025 21:00;65,06767890147056
18.05.2025 21:15;47,830562390619605
18.05.2025 21:30;52,60749528233531
18.05.2025 21:45;58,53574104209674
18.05.2025 22:00;70,63782486333696
18.05.2025 22:15;30,36797022960034
18.05.2025 22:30;50,661262609590466
18.05.2025 22:45;48,28539443208967
18.05.2025 23:00;41,189661037244825
18.05.2025 23:15;47,77598318597734
18.05.2025 23:30;56,822401427920674
18.05.2025 23:45;60,70129402265315
19.05.2025 00:00;90,64088783123896
19.05.2025 00:15;29,31567620922087
19.05.2025 00:30;45,48577061685425
19.05.2025 00:45;42,80472314105081
19.05.2025 01:00;44,56489773860453
19.05.2025 01:15;35,340928905438844
19.05.2025 01:30;65,53246306776566
19.05.2025 01:45;34,65414290914082
19.05.2025 02:00;45,07845657744115
19.05.2025 02:15;39,61002021181908
19.05.2025 02:30;41,9494943958082
19.05.2025 02:45;59,47390063579629
19.05.2025 03:00;44,89415322953576
19.05.2025 03:15;44,95922304845014
19.05.2025 03:30;48,52261698483491
19.05.2025 03:45;34,23351060756611
19.05.2025 04:00;71,39622533230092
19.05.2025 04:15;55,318052194216435
19.05.2025 04:30;65,27470541374379
19.05.2025 04:45;57,53771411289125
19.05.2025 05:00;61,72715174448065
19.05.2025 05:15;59,2756219791406
19.05.2025 05:30;46,47423591609427
19.05.2025 05:45;59,76024215123582
19.05.2025 06:00;68,39173813037993
19.05.2025 06:15;75,79295187321942
19.05.2025 06:30;37,56918009227049
19.05.2025 06:45;31,212417549208745
19.05.2025 07:00;47,94301936440671
19.05.2025 07:15;61,08459673019899
19.05.2025 07:30;67,10530475755743
19.05.2025 07:45;66,97199265470837
19.05.2025 08:00;57,14658968698564
19.05.2025 08:15;78,11976034982874
19.05.2025 08:30;65,26397668875381
19.05.2025 08:45;68,42638856335073
19.05.2025 09:00;75,78792005857188
19.05.2025 09:15;49,996296182269276
19.05.2025 09:30;38,003442714276694
19.05.2025 09:45;58,28899442723343
19.05.2025 10:00;52,520209278808366
19.05.2025 10:15;53,068123695568154
19.05.2025 10:30;53,39910231790172
19.05.2025 10:45;47,27697706335103
19.05.2025 11:00;61,75361677139944
19.05.2025 11:15;44,960874731231854
19.05.2025 11:30;31,8640681568646
19.05.2025 11:45;27,03870715066069
19.05.2025 12:00;50,19145101293671
19.05.2025 12:15;31,862821643574502
19.05.2025 12:30;36,393561015944734
19.05.2025 12:45;52,701524264178
19.05.2025 13:00;41,978033951400604
19.05.2025 13:15;38,02148688492659
19.05.2025 13:30;41,517758138795344
19.05.2025 13:45;57,02531119012862
19.05.2025 14:00;62,23538948203906
19.05.2025 14:15;46,659975408425105
19.05.2025 14:30;39,86044737651738
19.05.2025 14:45;57,3332874509521
19.05.2025 15:00;53,40419146928967
19.05.2025 15:15;51,22756637568419
19.05.2025 15:30;55,72306535153005
19.05.2025 15:45;42,18091564308761
19.05.2025 16:00;33,704841393868186
19.05.2025 16:15;38,827382592611904
19.05.2025 16:30;48,58027843799744
19.05.2025 16:45;52,81582349058837
19.05.2025 17:00;40,749601157068035
19.05.2025 17:15;48,15674489959114
19.05.2025 17:30;53,51285379118864
19.05.2025 17:45;82,49444001534762
19.05.2025 18:00;73,59359350892102
19.05.2025 18:15;74,03193913183426
19.05.2025 18:30;66,26461699954818
19.05.2025 18:45;58,499461034352024
19.05.2025 19:00;62,028748109834
19.05.2025 19:15;75,0397223500578
19.05.2025 19:30;44,49932746767771
19.05.2025 19:45;58,35929294629302
19.05.2025 20:00;73,82893799854241
19.05.2025 20:15;49,36553857257526
19.05.2025 20:30;53,167301670681844
19.05.2025 20:45;77,93313891967
19.05.2025 21:00;47,740701411636536
19.05.2025 21:15;42,8119646549434
19.05.2025 21:30;65,71435813959451
19.05.2025 21:45;72,53085683301157
19.05.2025 22:00;64,14922263532193
19.05.2025 22:15;63,29281899329631
19.05.2025 22:30;50,24920190643959
19.05.2025 22:45;38,91511531586549
19.05.2025 23:00;39,51503823626435
19.05.2025 23:15;40,09168565268826
19.05.2025 23:30;54,41743584167944
19.05.2025 23:45;58,497404994582766
20.05.2025 00:00;35,940028739008135
20.05.2025 00:15;43,496636974878164
20.05.2025 00:30;55,33908276871705
20.05.2025 00:45;47,76696394098848
20.05.2025 01:00;56,27239318870622
20.05.2025 01:15;39,047285785400874
20.05.2025 01:30;41,84572071972371
20.05.2025 01:45;33,0580027888714
20.05.2025 02:00;50,96479132331254
20.05.2025 02:15;37,01030543841348
20.05.2025 02:30;42,58894000139012
20.05.2025 02:45;31,850959201365683
20.05.2025 03:00;56,249282587880735
20.05.2025 03:15;64,13778277730867
20.05.2025 03:30;52,12457531901737
20.05.2025 03:45;44,978411530207175
20.05.2025 04:00;65,43352327090071
20.05.2025 04:15;58,50481797290965
20.05.2025 04:30;48,8494159134976
20.05.2025 04:45;58,67402722916961
20.05.2025 05:00;52,91104619345721
20.05.2025 05:15;62,263493079473676
20.05.2025 05:30;55,62098042170192
20.05.2025 05:45;58,399534437901835
20.05.2025 06:00;32,97620703143829
20.05.2025 06:15;44,66641792938658
20.05.2025 06:30;55,98562343218033
20.05.2025 06:45;67,45602468468556
20.05.2025 07:00;68,09872968565493
20.05.2025 07:15;83,48457066009907
20.05.2025 07:30;41,45511977858075
20.05.2025 07:45;53,299622513254604
20.05.2025 08:00;80,73014465038749
20.05.2025 08:15;72,13632060994739
20.05.2025 08:30;67,88837823470503
20.05.2025 08:45;65,04750474407518
20.05.2025 09:00;59,897349367177036
20.05.2025 09:15;64,81340258016444
20.05.2025 09:30;70,22785472958986
20.05.2025 09:45;39,53927073226038
20.05.2025 10:00;53,2079023515493
20.05.2025 10:15;34,341304871904924
20.05.2025 10:30;43,14386351167926
20.05.2025 10:45;50,00575455615801
20.05.2025 11:00;56,3770022977937
20.05.2025 11:15;45,52953030621545
20.05.2025 11:30;31,148400823059255
20.05.2025 11:45;82,70784434239081
20.05.2025 12:00;47,98835501100225
20.05.2025 12:15;36,87754236672132
20.05.2025 12:30;57,49694957805224
20.05.2025 12:45;69,25418214140531
20.05.2025 13:00;47,02135466390261
20.05.2025 13:15;46,86725583920735
20.05.2025 13:30;53,93093350651693
20.05.2025 13:45;20,696962494083365
20.05.2025 14:00;56,30325897502335
20.05.2025 14:15;75,18338074427837
20.05.2025 14:30;48,81600687133477
20.05.2025 14:45;31,503939598893094
20.05.2025 15:00;52,398107718326045
20.05.2025 15:15;54,13549855885104
20.05.2025 15:30;31,700378308856745
20.05.2025 15:45;39,99845812640909
20.05.2025 16:00;83,38173690826979
20.05.2025 16:15;53,364772494285354
20.05.2025 16:30;51,72644361819314
20.05.2025 16:45;43,43327800880239
20.05.2025 17:00;58,396958252313446
20.05.2025 17:15;44,98159999283566
20.05.2025 17:30;68,59576940571583
20.05.2025 17:45;68,79687678889249
20.05.2025 18:00;54,75115358717608
20.05.2025 18:15;56,975864261878264
20.05.2025 18:30;63,872282731273856
20.05.2025 18:45;62,26027517226079
20.05.2025 19:00;125,20327344434608
20.05.2025 19:15;70,98850889521
20.05.2025 19:30;74,2738761053601
20.05.2025 19:45;79,07773345493445
20.05.2025 20:00;74,11770856433478
20.05.2025 20:15;57,22353097686304
20.05.2025 20:30;58,834452268332804
20.05.2025 20:45;69,69120222290688
20.05.2025 21:00;51,16979867078251
20.05.2025 21:15;55,4662132543422
20.05.2025 21:30;70,76307882545092
20.05.2025 21:45;70,08747233522794
20.05.2025 22:00;69,92322496128064
20.05.2025 22:15;48,26359360215443
20.05.2025 22:30;47,71797331100227
20.05.2025 22:45;56,31291854110516
20.05.2025 23:00;48,849930000040665
20.05.2025 23:15;38,55907581541962
20.05.2025 23:30;65,88785287402767
20.05.2025 23:45;57,84354858269506
21.05.2025 00:00;28,75393454009901
21.05.2025 00:15;60,832460050650184
21.05.2025 00:30;50,8969472363413
21.05.2025 00:45;68,73109486232056
21.05.2025 01:00;27,923454445102106
21.05.2025 01:15;27,394536576405432
21.05.2025 01:30;47,62271445803664
21.05.2025 01:45;22,503080691917333
21.05.2025 02:00;56,8780421442235
21.05.2025 02:15;35,992509803262635
21.05.2025 02:30;51,87891527404721
21.05.2025 02:45;68,99897006307751
21.05.2025 03:00;50,875987675803046
21.05.2025 03:15;51,29285210442917
21.05.2025 03:30;64,2691469411373
21.05.2025 03:45;55,725166780752154
21.05.2025 04:00;44,15697901299608
21.05.2025 04:15;50,983276604092424
21.05.2025 04:30;55,894985673168314
21.05.2025 04:45;45,96344807593791
21.05.2025 05:00;66,7580119723559
21.05.2025 05:15;36,325311098359265
21.05.2025 05:30;75,14306596441061
21.05.2025 05:45;33,994760341926394
21.05.2025 06:00;59,39701950091701
21.05.2025 06:15;61,354431572104936
21.05.2025 06:30;57,94757942440834
21.05.2025 06:45;58,715906116707465
21.05.2025 07:00;48,430730552698265
21.05.2025 07:15;67,79508892720342
21.05.2025 07:30;55,67121237008089
21.05.2025 07:45;62,41160964079081
21.05.2025 08:00;75,08376486043142
21.05.2025 08:15;46,53385545009801
21.05.2025 08:30;51,929388245692934
21.05.2025 08:45;66,66644425539874
21.05.2025 09:00;60,438285717303415
21.05.2025 09:15;67,84022063366528
21.05.2025 09:30;43,171638137228626
21.05.2025 09:45;44,74840532411975
21.05.2025 10:00;54,67852535082907
21.05.2025 10:15;49,361538943812604
21.05.2025 10:30;31,266360681097947
21.05.2025 10:45;49,87942853339957
21.05.2025 11:00;52,85288736966097
21.05.2025 11:15;64,08149746317001
21.05.2025 11:30;44,922760764339074
21.05.2025 11:45;50,19520500270818
21.05.2025 12:00;36,26892245550686
21.05.2025 12:15;57,929254457158414
21.05.2025 12:30;64,83166505228364
21.05.2025 12:45;63,91573030922126
21.05.2025 13:00;55,09124471505082
21.05.2025 13:15;47,27586216757897
21.05.2025 13:30;58,88466630724562
21.05.2025 13:45;53,255066956631744
21.05.2025 14:00;39,78519001393769
21.05.2025 14:15;50,878377667653645
21.05.2025 14:30;53,81632166895958
21.05.2025 14:45;25,919125415518504
21.05.2025 15:00;40,055919400318615
21.05.2025 15:15;53,220691415352434
21.05.2025 15:30;52,6376251771051
21.05.2025 15:45;27,952476609205757
21.05.2025 16:00;52,67662780778653
21.05.2025 16:15;58,89378713268108
21.05.2025 16:30;48,079662888937165
21.05.2025 16:45;38,79583396744219
21.05.2025 17:00;44,31110024903111
21.05.2025 17:15;69,35698214766239
21.05.2025 17:30;54,050552293051574
21.05.2025 17:45;56,64690043936302
21.05.2025 18:00;74,5457656818224
21.05.2025 18:15;71,73215696828917
21.05.2025 18:30;43,579410054947566
21.05.2025 18:45;52,90479102600273
21.05.2025 19:00;71,86392498489371
21.05.2025 19:15;62,14613214891427
21.05.2025 19:30;77,56243618508883
21.05.2025 19:45;96,64476186179516
21.05.2025 20:00;67,87517690634026
21.05.2025 20:15;58,59554727030562
21.05.2025 20:30;60,679944328425215
21.05.2025 20:45;70,49729201107306
21.05.2025 21:00;42,63595064732393
21.05.2025 21:15;43,14431943203436
21.05.2025 21:30;59,8292137174023
21.05.2025 21:45;51,22691289277815
21.05.2025 22:00;43,55119804026427
21.05.2025 22:15;50,501131926964575
21.05.2025 22:30;49,91415192579109
21.05.2025 22:45;45,449237696616656
21.05.2025 23:00;32,04370160790265
21.05.2025 23:15;50,9731711702575
21.05.2025 23:30;37,64391722241345
21.05.2025 23:45;51,06914121304177
22.05.2025 00:00;27,8873231762657
22.05.2025 00:15;50,154303396465004
22.05.2025 00:30;51,10132678620129
22.05.2025 00:45;55,854390283874814
22.05.2025 01:00;54,39571519571751
22.05.2025 01:15;35,14401043825132
22.05.2025 01:30;60,4774975584979
22.05.2025 01:45;54,20557921629925
22.05.2025 02:00;58,21558290402112
22.05.2025 02:15;52,8602985386715
22.05.2025 02:30;49,86544187505021
22.05.2025 02:45;34,65371458076303
22.05.2025 03:00;57,22125589470342
22.05.2025 03:15;56,17533050371698
22.05.2025 03:30;60,29560583498967
22.05.2025 03:45;68,51844668154023
22.05.2025 04:00;31,144328504386106
22.05.2025 04:15;47,756286853015524
22.05.2025 04:30;32,176650813732074
22.05.2025 04:45;60,560821394903456
22.05.2025 05:00;51,85402971351222
22.05.2025 05:15;64,32425413066376
22.05.2025 05:30;65,54390122541635
22.05.2025 05:45;68,5513452874182
22.05.2025 06:00;44,275675866209376
22.05.2025 06:15;22,32368550321933
22.05.2025 06:30;61,17626679446876
22.05.2025 06:45;43,762756932571
22.05.2025 07:00;48,46174743031935
22.05.2025 07:15;60,72449539327586
22.05.2025 07:30;45,490981063397804
22.05.2025 07:45;65,78551137272524
22.05.2025 08:00;58,45357787713811
22.05.2025 08:15;72,35319830624626
22.05.2025 08:30;64,3291796114572
22.05.2025 08:45;69,17323958034076
22.05.2025 09:00;54,97305284862198
22.05.2025 09:15;36,083702810939016
22.05.2025 09:30;61,38205959821652
22.05.2025 09:45;45,912610957897364
22.05.2025 10:00;60,44913934277557
22.05.2025 10:15;54,266884378329465
22.05.2025 10:30;31,93401126337368
22.05.2025 10:45;61,3057177312904
22.05.2025 11:00;52,606709353025124
22.05.2025 11:15;50,01449498158652
22.05.2025 11:30;49,31049894946746
22.05.2025 11:45;21,112403097048578
22.05.2025 12:00;54,52618625098404
22.05.2025 12:15;28,958831512900023
22.05.2025 12:30;57,351162830246516
22.05.2025 12:45;43,537402663878225
22.05.2025 13:00;40,237716866293134
22.05.2025 13:15;51,703289164607924
22.05.2025 13:30;39,63343429003975
22.05.2025 13:45;48,138520698488
22.05.2025 14:00;49,05204439535259
22.05.2025 14:15;41,403577504262515
22.05.2025 14:30;46,27761054322996
22.05.2025 14:45;60,217580788170864
22.05.2025 15:00;53,593973588425904
22.05.2025 15:15;50,798957133549706
22.05.2025 15:30;58,705135640286095
22.05.2025 15:45;46,85436304599708
22.05.2025 16:00;67,79093939527327
22.05.2025 16:15;42,75975380797443
22.05.2025 16:30;53,43180446258495
22.05.2025 16:45;69,7552467838994
22.05.2025 17:00;26,625652488012417
22.05.2025 17:15;54,59203762596565
22.05.2025 17:30;60,521524906490086
22.05.2025 17:45;54,17756661896599
22.05.2025 18:00;67,40802559920475
22.05.2025 18:15;52,806064497690286
22.05.2025 18:30;65,4534323370342
22.05.2025 18:45;52,37510914086019
22.05.2025 19:00;72,25333050608347
22.05.2025 19:15;84,90364451734418
22.05.2025 19:30;68,30646763255508
22.05.2025 19:45;76,62039700649929
22.05.2025 20:00;67,03925934034926
22.05.2025 20:15;41,738478279460814
22.05.2025 20:30;42,20850783173572
22.05.2025 20:45;43,795418976882374
22.05.2025 21:00;62,75349343287099
22.05.2025 21:15;59,56359248245639
22.05.2025 21:30;65,38239773778417
22.05.2025 21:45;53,77619424249029
22.05.2025 22:00;51,61352203157997
22.05.2025 22:15;65,29781085558183
22.05.2025 22:30;44,251384545169785
22.05.2025 22:45;49,219250910933994
22.05.2025 23:00;57,60976209050637
22.05.2025 23:15;42,36265467863163
22.05.2025 23:30;44,12546658285165
22.05.2025 23:45;55,19795186819916
23.05.2025 00:00;63,07276429182648
23.05.2025 00:15;53,95447868650671
23.05.2025 00:30;46,706647887364056
23.05.2025 00:45;39,457671909862064
23.05.2025 01:00;80,40151094501478
23.05.2025 01:15;36,356020698356076
23.05.2025 01:30;67,00311744548424
23.05.2025 01:45;50,215161861350055
23.05.2025 02:00;44,91938372370899
23.05.2025 02:15;46,06509041786586
23.05.2025 02:30;44,854780906084486
23.05.2025 02:45;45,33094396713934
23.05.2025 03:00;49,58256401657942
23.05.2025 03:15;70,09434609816245
23.05.2025 03:30;58,077378503271895
23.05.2025 03:45;53,565107114171504
23.05.2025 04:00;54,81166960784362
23.05.2025 04:15;64,48463468065052
23.05.2025 04:30;50,06740753376324
23.05.2025 04:45;49,7414692102825
23.05.2025 05:00;50,19694434614725
23.05.2025 05:15;55,422426878354955
23.05.2025 05:30;65,21666551904036
23.05.2025 05:45;37,418743480721
23.05.2025 06:00;76,11507659839086
23.05.2025 06:15;41,4460180871814
23.05.2025 06:30;54,25179321963195
23.05.2025 06:45;52,510754046705436
23.05.2025 07:00;72,40179426305382
23.05.2025 07:15;45,992036571337756
23.05.2025 07:30;52,41068243088386
23.05.2025 07:45;61,229513208132566
23.05.2025 08:00;71,11705308384462
23.05.2025 08:15;64,57617010818494
23.05.2025 08:30;53,57870232544864
23.05.2025 08:45;58,10363147496146
23.05.2025 09:00;64,39349247145694
23.05.2025 09:15;58,830804560577086
23.05.2025 09:30;54,85664248185876
23.05.2025 09:45;69,3080496296927
23.05.2025 10:00;59,151804947964465
23.05.2025 10:15;46,98521498629965
23.05.2025 10:30;47,15523930503337
23.05.2025 10:45;80,92462679188968
23.05.2025 11:00;64,27708651193845
23.05.2025 11:15;40,32105980941601
23.05.2025 11:30;46,749445063309544
23.05.2025 11:45;44,81864666625062
23.05.2025 12:00;28,860166265066653
23.05.2025 12:15;45,67188071086625
23.05.2025 12:30;32,85879973569953
23.05.2025 12:45;38,0062445796883
23.05.2025 13:00;47,95184175743614
23.05.2025 13:15;56,89226284041608
23.05.2025 13:30;53,105508516702855
23.05.2025 13:45;41,88435737866394
23.05.2025 14:00;36,901993762313815
23.05.2025 14:15;55,31196164752549
23.05.2025 14:30;51,00091796254929
23.05.2025 14:45;67,38164165606644
23.05.2025 15:00;43,93589128929827
23.05.2025 15:15;57,547946743236544
23.05.2025 15:30;58,2255723384114
23.05.2025 15:45;24,53989106720499
23.05.2025 16:00;74,87181997891048
23.05.2025 16:15;38,084911612528344
23.05.2025 16:30;61,264674277477546
23.05.2025 16:45;24,87450785602675
23.05.2025 17:00;46,73622907169578
23.05.2025 17:15;36,93799158894865
23.05.2025 17:30;41,81469145632393
23.05.2025 17:45;48,29223382687692
23.05.2025 18:00;64,89832687359467
23.05.2025 18:15;58,221667402410105
23.05.2025 18:30;46,80544285437556
23.05.2025 18:45;71,28272120700193
23.05.2025 19:00;49,75083922535591
23.05.2025 19:15;54,77264083362887
23.05.2025 19:30;72,35564150186532
23.05.2025 19:45;66,02960319034167
23.05.2025 20:00;76,76424604726338
23.05.2025 20:15;74,79213989392699
23.05.2025 20:30;79,62635997028006
23.05.2025 20:45;67,84029867030189
23.05.2025 21:00;68,90641125571159
23.05.2025 21:15;78,21776683386878
23.05.2025 21:30;44,28291567049753
23.05.2025 21:45;52,674690304259656
23.05.2025 22:00;51,35128548542139
23.05.2025 22:15;70,43351514027661
23.05.2025 22:30;43,72154703216042
23.05.2025 22:45;53,759837976553236
23.05.2025 23:00;57,11355679551109
23.05.2025 23:15;61,9062809927095
23.05.2025 23:30;59,48678296439521
23.05.2025 23:45;65,38898643806765
24.05.2025 00:00;30,049174763969216
24.05.2025 00:15;28,339402680145575
24.05.2025 00:30;43,31749856576405
24.05.2025 00:45;35,41464779386407
24.05.2025 01:00;56,76156649500594
24.05.2025 01:15;38,60044679590523
24.05.2025 01:30;60,332995522812176
24.05.2025 01:45;55,77399593562596
24.05.2025 02:00;58,4526644669107
24.05.2025 02:15;20,070551693886642
24.05.2025 02:30;43,969105818266016
24.05.2025 02:45;24,1646011428379
24.05.2025 03:00;40,56020608300663
24.05.2025 03:15;47,18152199240083
24.05.2025 03:30;59,625881961132976
24.05.2025 03:45;53,57311042013896
24.05.2025 04:00;40,372729079978335
24.05.2025 04:15;28,876134526567157
24.05.2025 04:30;28,209711507006013
24.05.2025 04:45;49,84690396789268
24.05.2025 05:00;26,560348450441886
24.05.2025 05:15;56,751485583097896
24.05.2025 05:30;61,861143350826545
24.05.2025 05:45;50,262956161250955
24.05.2025 06:00;41,57165964763948
24.05.2025 06:15;41,791216439046266
24.05.2025 06:30;116,95749267260783
24.05.2025 06:45;53,94078539660531
24.05.2025 07:00;41,67897515035808
24.05.2025 07:15;61,016014093321424
24.05.2025 07:30;48,46567829071908
24.05.2025 07:45;83,56526118568495
24.05.2025 08:00;61,09977449078207
24.05.2025 08:15;57,51977156166673
24.05.2025 08:30;48,3760312546302
24.05.2025 08:45;58,44748815134382
24.05.2025 09:00;49,95480103150769
24.05.2025 09:15;42,46633999958341
24.05.2025 09:30;64,38962211140634
24.05.2025 09:45;96,76976656605623
24.05.2025 10:00;62,6628868793225
24.05.2025 10:15;29,28747860524126
24.05.2025 10:30;22,585029991439256
24.05.2025 10:45;55,225971449827895
24.05.2025 11:00;59,790534498794244
24.05.2025 11:15;47,39418833652234
24.05.2025 11:30;62,43452530727516
24.05.2025 11:45;26,061940732993712
24.05.2025 12:00;14,197253828638601
24.05.2025 12:15;29,4661183131326
24.05.2025 12:30;51,798950828119466
24.05.2025 12:45;50,26665711870097
24.05.2025 13:00;45,40926228855325
24.05.2025 13:15;36,235088831584825
24.05.2025 13:30;59,266088653697565
24.05.2025 13:45;37,284668097938216
24.05.2025 14:00;49,704312257577335
24.05.2025 14:15;52,49552109313962
24.05.2025 14:30;54,551298731667984
24.05.2025 14:45;35,411053691935805
24.05.2025 15:00;35,725128341131295
24.05.2025 15:15;100,60938629811918
24.05.2025 15:30;62,5017885786251
24.05.2025 15:45;42,53117193389037
24.05.2025 16:00;25,171503879503174
24.05.2025 16:15;42,23859055450632
24.05.2025 16:30;31,837857320303918
24.05.2025 16:45;30,95250175333715
24.05.2025 17:00;40,894581036425244
24.05.2025 17:15;42,999518302020654
24.05.2025 17:30;26,285313461524844
24.05.2025 17:45;58,0573965692058
24.05.2025 18:00;61,313955487435415
24.05.2025 18:15;45,80694491284024
24.05.2025 18:30;68,9917364623555
24.05.2025 18:45;70,96481628676193
24.05.2025 19:00;65,73752841239333
24.05.2025 19:15;59,332452712407125
24.05.2025 19:30;46,59898548325313
24.05.2025 19:45;61,24015849528637
24.05.2025 20:00;77,40472389299465
24.05.2025 20:15;47,409636019774894
24.05.2025 20:30;67,70656569204067
24.05.2025 20:45;51,682694407591
24.05.2025 21:00;54,635275717772096
24.05.2025 21:15;54,69645034168981
24.05.2025 21:30;43,45333600188729
24.05.2025 21:45;37,74410007520744
24.05.2025 22:00;33,2202019754379
24.05.2025 22:15;40,1762275219984
24.05.2025 22:30;105,33051027472922
24.05.2025 22:45;49,4786375079431
24.05.2025 23:00;42,83093044617289
24.05.2025 23:15;45,879383992347854
24.05.2025 23:30;52,75647843812895
24.05.2025 23:45;47,76974124878732
25.05.2025 00:00;51,99796597907574
25.05.2025 00:15;36,05253246273098
25.05.2025 00:30;33,016800114755966
25.05.2025 00:45;41,166050469381226
25.05.2025 01:00;46,42850301772486
25.05.2025 01:15;53,57191906608867
25.05.2025 01:30;33,489151589124496
25.05.2025 01:45;41,953784823803296
25.05.2025 02:00;26,31943435148616
25.05.2025 02:15;43,73428741452664
25.05.2025 02:30;28,00413636820764
25.05.2025 02:45;49,40295167965664
25.05.2025 03:00;14,520542023851604
25.05.2025 03:15;36,96212329763425
25.05.2025 03:30;84,7927757112005
25.05.2025 03:45;45,66246086752887
25.05.2025 04:00;40,177611501424025
25.05.2025 04:15;41,021922911204385
25.05.2025 04:30;64,51928326334338
25.05.2025 04:45;50,63062071630026
25.05.2025 05:00;39,986504907677464
25.05.2025 05:15;45,462290702404715
25.05.2025 05:30;46,68806337642308
25.05.2025 05:45;44,15320891656703
25.05.2025 06:00;52,230641748172836
25.05.2025 06:15;50,956168361040945
25.05.2025 06:30;50,152907173799726
25.05.2025 06:45;71,4201982831549
25.05.2025 07:00;50,57581366327653
25.05.2025 07:15;51,85189812484288
25.05.2025 07:30;68,19312323166616
25.05.2025 07:45;29,54572646757587
25.05.2025 08:00;36,47824430165091
25.05.2025 08:15;51,48971048066187
25.05.2025 08:30;66,33609305551839
25.05.2025 08:45;37,63238523179441
25.05.2025 09:00;41,48365560246159
25.05.2025 09:15;66,30078941257617
25.05.2025 09:30;69,28949934549564
25.05.2025 09:45;44,27917535278458
25.05.2025 10:00;75,7747849510832
25.05.2025 10:15;60,351283625717905
25.05.2025 10:30;64,67787024733231
25.05.2025 10:45;36,29893800788044
25.05.2025 11:00;28,753053727550515
25.05.2025 11:15;29,541603510427862
25.05.2025 11:30;53,01425613791778
25.05.2025 11:45;47,3844701883433
25.05.2025 12:00;32,60782978753486
25.05.2025 12:15;46,28341638672258
25.05.2025 12:30;54,31885186026748
25.05.2025 12:45;51,93529702763767
25.05.2025 13:00;18,54653991355494
25.05.2025 13:15;49,178896344750626
25.05.2025 13:30;30,95469850672566
25.05.2025 13:45;46,80221285196794
25.05.2025 14:00;35,970114243768876
25.05.2025 14:15;39,724951009143886
25.05.2025 14:30;38,192450046422906
25.05.2025 14:45;31,47268171481238
25.05.2025 15:00;31,825263753355873
25.05.2025 15:15;17,506920110815702
25.05.2025 15:30;54,943371914012786
25.05.2025 15:45;25,628680721253325
25.05.2025 16:00;33,11033494214392
25.05.2025 16:15;24,13909068140347
25.05.2025 16:30;55,04490518828147
25.05.2025 16:45;41,28539179406202
25.05.2025 17:00;35,1018422968581
25.05.2025 17:15;32,76456096657424
25.05.2025 17:30;51,79141311432564
25.05.2025 17:45;16,91056927321981
25.05.2025 18:00;42,9487239353781
25.05.2025 18:15;41,35305247603984
25.05.2025 18:30;59,97718106382906
25.05.2025 18:45;76,12581961018702
25.05.2025 19:00;58,63644299693693
25.05.2025 19:15;74,39529317930841
25.05.2025 19:30;78,50303555004446
25.05.2025 19:45;72,81379627088745
25.05.2025 20:00;38,216536209456315
25.05.2025 20:15;43,24161399030627
25.05.2025 20:30;72,31055998792402
25.05.2025 20:45;75,14334626703717
25.05.2025 21:00;72,15015899125264
25.05.2025 21:15;75,93608621648453
25.05.2025 21:30;76,5777240610085
25.05.2025 21:45;55,36925159515415
25.05.2025 22:00;31,608309228247492
25.05.2025 22:15;44,08474903558979
25.05.2025 22:30;55,31276378227181
25.05.2025 22:45;38,48223499018022
25.05.2025 23:00;51,18108408004533
25.05.2025 23:15;45,52918689271344
25.05.2025 23:30;57,71663545702247
25.05.2025 23:45;45,7677707569845
26.05.2025 00:00;44,618647281502675
26.05.2025 00:15;54,44305395033423
26.05.2025 00:30;33,396019720775385
26.05.2025 00:45;41,193281298209484
26.05.2025 01:00;33,64125310717584
26.05.2025 01:15;40,36859606638761
26.05.2025 01:30;42,89775683791669
26.05.2025 01:45;55,610724366356685
26.05.2025 02:00;49,61123000840579
26.05.2025 02:15;45,23287021157349
26.05.2025 02:30;36,430450846879616
26.05.2025 02:45;47,900712324848826
26.05.2025 03:00;31,612800196042674
26.05.2025 03:15;36,90110306733144
26.05.2025 03:30;60,973995504250524
26.05.2025 03:45;62,879876252153
26.05.2025 04:00;37,34006840964648
26.05.2025 04:15;68,20811910105056
26.05.2025 04:30;48,90589397811996
26.05.2025 04:45;47,85437825408601
26.05.2025 05:00;65,14162196993497
26.05.2025 05:15;69,9581878657138
26.05.2025 05:30;53,602903161871644
26.05.2025 05:45;57,411710598031505
26.05.2025 06:00;41,09116656745792
26.05.2025 06:15;20,931917387898682
26.05.2025 06:30;62,844149474067244
26.05.2025 06:45;51,93377083393755
26.05.2025 07:00;51,722509344638354
26.05.2025 07:15;39,87539290067862
26.05.2025 07:30;45,379810745065996
26.05.2025 07:45;47,567915089205286
26.05.2025 08:00;73,66580999365725
26.05.2025 08:15;52,36565467534954
26.05.2025 08:30;44,024596351179994
26.05.2025 08:45;77,92640687244923
26.05.2025 09:00;42,87605108239188
26.05.2025 09:15;66,028155930838
26.05.2025 09:30;37,66771087864954
26.05.2025 09:45;54,062591255274455
26.05.2025 10:00;75,82348441591894
26.05.2025 10:15;54,80470678019672
26.05.2025 10:30;50,275687424435546
26.05.2025 10:45;32,29418578771399
26.05.2025 11:00;38,23653494467746
26.05.2025 11:15;43,500161361045066
26.05.2025 11:30;46,57058451000349
26.05.2025 11:45;51,70768321368196
26.05.2025 12:00;50,209233735143926
26.05.2025 12:15;28,788271142600106
26.05.2025 12:30;50,337289576009326
26.05.2025 12:45;40,40820582455698
26.05.2025 13:00;44,218000737090286
26.05.2025 13:15;56,31689556001973
26.05.2025 13:30;61,50326007587147
26.05.2025 13:45;46,7148736103869
26.05.2025 14:00;44,45002079461406
26.05.2025 14:15;45,53028280706432
26.05.2025 14:30;60,92307605458117
26.05.2025 14:45;61,92984907714396
26.05.2025 15:00;41,26507635706165
26.05.2025 15:15;48,29000486861734
26.05.2025 15:30;54,69208106520279
26.05.2025 15:45;56,52333058355791
26.05.2025 16:00;60,63884902240689
26.05.2025 16:15;49,589430381458804
26.05.2025 16:30;33,31521991812156
26.05.2025 16:45;24,288314313754974
26.05.2025 17:00;37,77544919043794
26.05.2025 17:15;45,18736284223281
26.05.2025 17:30;48,658629337680914
26.05.2025 17:45;66,07314630739506
26.05.2025 18:00;34,589797528393845
26.05.2025 18:15;72,00849583464748
26.05.2025 18:30;71,50621125186619
26.05.2025 18:45;60,91690309863243
26.05.2025 19:00;81,50967826258682
26.05.2025 19:15;77,55197634589221
26.05.2025 19:30;59,54191118196715
26.05.2025 19:45;50,68726091814321
26.05.2025 20:00;71,52202050679314
26.05.2025 20:15;42,49345483439771
26.05.2025 20:30;48,702333046079595
26.05.2025 20:45;43,034278615249285
26.05.2025 21:00;47,93011863686294
26.05.2025 21:15;89,46404112391657
26.05.2025 21:30;84,91504862046563
26.05.2025 21:45;61,42401235039918
26.05.2025 22:00;37,54439890481181
26.05.2025 22:15;70,55046193085839
26.05.2025 22:30;58,83004782336325
26.05.2025 22:45;44,914574224616125
26.05.2025 23:00;31,018362727986236
26.05.2025 23:15;78,46794007195064
26.05.2025 23:30;49,72345737729719
26.05.2025 23:45;46,56491666815956
27.05.2025 00:00;43,87736905531136
27.05.2025 00:15;43,0339616973098
27.05.2025 00:30;47,10603618077442
27.05.2025 00:45;37,489361938263215
27.05.2025 01:00;57,112094667801095
27.05.2025 01:15;37,1382943756247
27.05.2025 01:30;51,51847935352195
27.05.2025 01:45;38,72095999692935
27.05.2025 02:00;38,388272198239505
27.05.2025 02:15;37,65146511455826
27.05.2025 02:30;53,47686491569768
27.05.2025 02:45;36,850856495650234
27.05.2025 03:00;44,22693036339581
27.05.2025 03:15;31,010346639155845
27.05.2025 03:30;40,36521781686981
27.05.2025 03:45;37,78079063513298
27.05.2025 04:00;61,505312511552155
27.05.2025 04:15;44,61591123921248
27.05.2025 04:30;35,12271595501604
27.05.2025 04:45;39,55523615157217
27.05.2025 05:00;65,8713544421299
27.05.2025 05:15;39,59624967225941
27.05.2025 05:30;52,11188628399009
27.05.2025 05:45;56,88130832077155
27.05.2025 06:00;49,31551650962184
27.05.2025 06:15;38,32207860810481
27.05.2025 06:30;35,49638734198108
27.05.2025 06:45;-20,192245775281236
27.05.2025 07:00;46,11642414888567
27.05.2025 07:15;-1,4536991175744873
27.05.2025 07:30;79,93661897369343
27.05.2025 07:45;61,78189715832097
27.05.2025 08:00;41,73278613503047
27.05.2025 08:15;74,42861967060492
27.05.2025 08:30;52,857364088702106
27.05.2025 08:45;51,704736312043075
27.05.2025 09:00;53,88930924391047
27.05.2025 09:15;45,25086135837818
27.05.2025 09:30;36,62915555315111
27.05.2025 09:45;37,04769242122185
27.05.2025 10:00;50,192570566756515
27.05.2025 10:15;61,771329514709585
27.05.2025 10:30;49,94662497053855
27.05.2025 10:45;43,614774255292446
27.05.2025 11:00;15,374027884770616
27.05.2025 11:15;64,58207618548832
27.05.2025 11:30;39,160655880453085
27.05.2025 11:45;51,593611130317456
27.05.2025 12:00;40,76133397723765
27.05.2025 12:15;44,812649044893206
27.05.2025 12:30;33,40073363060127
27.05.2025 12:45;56,35357713140983
27.05.2025 13:00;59,76178949137823
27.05.2025 13:15;51,739902017385006
27.05.2025 13:30;58,46152219099785
27.05.2025 13:45;46,46564772900649
27.05.2025 14:00;53,389125871901015
27.05.2025 14:15;33,56495685984531
27.05.2025 14:30;59,40774552573853
27.05.2025 14:45;39,533266333339085
27.05.2025 15:00;46,48676191795174
27.05.2025 15:15;49,48079351088063
27.05.2025 15:30;37,29864686460825
27.05.2025 15:45;34,21022907780153
27.05.2025 16:00;34,23055494667137
27.05.2025 16:15;29,607023803838302
27.05.2025 16:30;30,653252879230195
27.05.2025 16:45;43,01437295746964
27.05.2025 17:00;42,27289336629744
27.05.2025 17:15;50,38695710435949
27.05.2025 17:30;73,1817154725699
27.05.2025 17:45;62,92401740074749
27.05.2025 18:00;36,93137521140022
27.05.2025 18:15;63,73736721940789
27.05.2025 18:30;70,08246113103912
27.05.2025 18:45;149,36555663192138
27.05.2025 19:00;67,3499020506555
27.05.2025 19:15;49,675411747215236
27.05.2025 19:30;68,84357723826867
27.05.2025 19:45;79,88994902180514
27.05.2025 20:00;53,393575536686186
27.05.2025 20:15;74,3342702853417
27.05.2025 20:30;43,54564270332955
27.05.2025 20:45;73,40043035272186
27.05.2025 21:00;47,09462405593724
27.05.2025 21:15;65,91162073401341
27.05.2025 21:30;125,22387564097633
27.05.2025 21:45;62,26533744877585
27.05.2025 22:00;52,47426602516806
27.05.2025 22:15;46,78737432271628
27.05.2025 22:30;49,73511902962235
27.05.2025 22:45;39,437336713327596
27.05.2025 23:00;37,30991648396872
27.05.2025 23:15;46,68323618264245
27.05.2025 23:30;34,105679702579515
27.05.2025 23:45;71,23163291533045
28.05.2025 00:00;26,480111401429323
28.05.2025 00:15;61,769113026568824
28.05.2025 00:30;58,629550232584066
28.05.2025 00:45;47,660177049576156
28.05.2025 01:00;48,91269930201581
28.05.2025 01:15;56,931542725580584
28.05.2025 01:30;47,1154404065463
28.05.2025 01:45;55,44144719824488
28.05.2025 02:00;35,01566271757093
28.05.2025 02:15;61,88743940366841
28.05.2025 02:30;51,24498392088714
28.05.2025 02:45;35,288965070472514
28.05.2025 03:00;39,35117363595061
28.05.2025 03:15;42,80773896761528
28.05.2025 03:30;46,31411232599525
28.05.2025 03:45;67,2765014368218
28.05.2025 04:00;64,8672661806425
28.05.2025 04:15;63,83530676193732
28.05.2025 04:30;51,052940356403724
28.05.2025 04:45;51,532173565674526
28.05.2025 05:00;59,41591701373229
28.05.2025 05:15;31,941389513375185
28.05.2025 05:30;53,34867788662686
28.05.2025 05:45;57,32695276161055
28.05.2025 06:00;49,455127838387384
28.05.2025 06:15;66,42046211820896
28.05.2025 06:30;73,75086608124461
28.05.2025 06:45;56,07112326364298
28.05.2025 07:00;69,81752097509644
28.05.2025 07:15;59,219278970064856
28.05.2025 07:30;48,35421964578169
28.05.2025 07:45;46,07129277465711
28.05.2025 08:00;46,95343578354487
28.05.2025 08:15;57,78750203237925
28.05.2025 08:30;68,97167534138944
28.05.2025 08:45;44,69535069278965
28.05.2025 09:00;41,22166651775456
28.05.2025 09:15;57,88431256100711
28.05.2025 09:30;50,53150189748206
28.05.2025 09:45;62,11562785460841
28.05.2025 10:00;41,465574181066884
28.05.2025 10:15;47,05960229143587
28.05.2025 10:30;51,45414067279037
28.05.2025 10:45;48,20334092579856
28.05.2025 11:00;38,316845520893
28.05.2025 11:15;39,52809730353028
28.05.2025 11:30;52,543896362324965
28.05.2025 11:45;50,906940887989755
28.05.2025 12:00;52,09838918696027
28.05.2025 12:15;40,17562595322304
28.05.2025 12:30;35,688477079909354
28.05.2025 12:45;32,945171790595175
28.05.2025 13:00;26,48170484968473
28.05.2025 13:15;50,38656582096704
28.05.2025 13:30;39,83065553567095
28.05.2025 13:45;42,5504582994683
28.05.2025 14:00;56,987209360513475
28.05.2025 14:15;48,131607076868306
28.05.2025 14:30;37,999161682758455
28.05.2025 14:45;43,17151680323765
28.05.2025 15:00;51,98410822818767
28.05.2025 15:15;63,582417581743684
28.05.2025 15:30;57,24924283854271
28.05.2025 15:45;47,339589638886366
28.05.2025 16:00;55,849885830841366
28.05.2025 16:15;56,42107045058068
28.05.2025 16:30;32,108656388649045
28.05.2025 16:45;47,91307144718954
28.05.2025 17:00;45,599580469026996
28.05.2025 17:15;65,4293243070493
28.05.2025 17:30;48,96170895532186
28.05.2025 17:45;40,51755495659948
28.05.2025 18:00;57,542166271453816
28.05.2025 18:15;70,78319701422645
28.05.2025 18:30;48,84131959618599
28.05.2025 18:45;57,31483263399994
28.05.2025 19:00;33,58685200178957
28.05.2025 19:15;42,94246801557861
28.05.2025 19:30;80,95854564346531
28.05.2025 19:45;64,50143054000151
28.05.2025 20:00;68,59847944292257
28.05.2025 20:15;63,868794705335155
28.05.2025 20:30;67,96769809718363
28.05.2025 20:45;65,89258297825423
28.05.2025 21:00;61,980741389826505
28.05.2025 21:15;58,456434429600314
28.05.2025 21:30;62,545345981459285
28.05.2025 21:45;43,274481227054096
28.05.2025 22:00;65,40889930905264
28.05.2025 22:15;54,695097037378645
28.05.2025 22:30;50,712856002357526
28.05.2025 22:45;54,589723678480304
28.05.2025 23:00;46,424144913803104
28.05.2025 23:15;38,45437487055581
28.05.2025 23:30;51,143743622738455
28.05.2025 23:45;47,38584948305737
29.05.2025 00:00;60,44681430747289
29.05.2025 00:15;51,566200850791
29.05.2025 00:30;69,45198195581884
29.05.2025 00:45;52,63959849123392
29.05.2025 01:00;52,7640229379896
29.05.2025 01:15;63,12595584409678
29.05.2025 01:30;69,40579701557036
29.05.2025 01:45;61,623211968569834
29.05.2025 02:00;57,43088645107444
29.05.2025 02:15;23,97632802867058
29.05.2025 02:30;32,164235773972486
29.05.2025 02:45;44,302927987905925
29.05.2025 03:00;61,07793359024345
29.05.2025 03:15;44,83678236218333
29.05.2025 03:30;69,63218571898985
29.05.2025 03:45;68,02531307813081
29.05.2025 04:00;58,0007943687269
29.05.2025 04:15;58,02552510362889
29.05.2025 04:30;56,88368725474511
29.05.2025 04:45;52,945876692810536
29.05.2025 05:00;62,26549231327817
29.05.2025 05:15;54,56246575861692
29.05.2025 05:30;35,212452681288504
29.05.2025 05:45;54,97678939346172
29.05.2025 06:00;58,86804309080497
29.05.2025 06:15;61,54135727448111
29.05.2025 06:30;58,637877630520656
29.05.2025 06:45;59,54871557076057
29.05.2025 07:00;42,418637950587105
29.05.2025 07:15;75,09401559055165
29.05.2025 07:30;60,17902011550924
29.05.2025 07:45;47,060979506492046
29.05.2025 08:00;64,59966204493887
29.05.2025 08:15;66,35434438515485
29.05.2025 08:30;59,96933851897332
29.05.2025 08:45;62,08365663550489
29.05.2025 09:00;48,9938072738874
29.05.2025 09:15;62,96465266373124
29.05.2025 09:30;75,2574016702475
29.05.2025 09:45;58,614231221047255
29.05.2025 10:00;35,70106202764734
29.05.2025 10:15;45,72792938841307
29.05.2025 10:30;50,311853263647436
29.05.2025 10:45;57,39082373997114
29.05.2025 11:00;35,97444601860598
29.05.2025 11:15;22,201902641417647
29.05.2025 11:30;54,303830164459306
29.05.2025 11:45;39,19063312865516
29.05.2025 12:00;29,397535099742164
29.05.2025 12:15;41,173675135087684
29.05.2025 12:30;53,12418122544568
29.05.2025 12:45;54,04749734340063
29.05.2025 13:00;43,44907476560245
29.05.2025 13:15;54,37214562975157
29.05.2025 13:30;29,308353915888823
29.05.2025 13:45;45,15071017188674
29.05.2025 14:00;42,81442613989677
29.05.2025 14:15;53,191326993503004
29.05.2025 14:30;35,52317871222507
29.05.2025 14:45;58,474263462555385
29.05.2025 15:00;58,5016573265092
29.05.2025 15:15;27,464625949067372
29.05.2025 15:30;60,55123587849668
29.05.2025 15:45;66,44489185295552
29.05.2025 16:00;23,961998412082245
29.05.2025 16:15;44,44585397732716
29.05.2025 16:30;54,569918379627076
29.05.2025 16:45;48,47679172259991
29.05.2025 17:00;63,47581964149527
29.05.2025 17:15;59,90334009183335
29.05.2025 17:30;51,05262413873109
29.05.2025 17:45;59,71631443582049
29.05.2025 18:00;67,19619534900656
29.05.2025 18:15;58,33075670644046
29.05.2025 18:30;49,54879893570815
29.05.2025 18:45;79,5493735049922
29.05.2025 19:00;71,34790740539371
29.05.2025 19:15;59,048998366802195
29.05.2025 19:30;59,00449037076538
29.05.2025 19:45;63,406221045023045
29.05.2025 20:00;49,24116828107814
29.05.2025 20:15;75,18265850076395
29.05.2025 20:30;69,53992038496389
29.05.2025 20:45;52,44400956950355
29.05.2025 21:00;65,75545445909331
29.05.2025 21:15;58,478713448676515
29.05.2025 21:30;60,594690317391795
29.05.2025 21:45;73,90809058037301
29.05.2025 22:00;53,08239442476307
29.05.2025 22:15;44,02182776168565
29.05.2025 22:30;59,3711947431696
29.05.2025 22:45;58,463361240375946
29.05.2025 23:00;66,37380000118159
29.05.2025 23:15;53,41315672103209
29.05.2025 23:30;56,54632533586445
29.05.2025 23:45;48,85397076778695
30.05.2025 00:00;40,12508003375747
30.05.2025 00:15;34,51500641374248
30.05.2025 00:30;27,84205929830224
30.05.2025 00:45;38,05139518673199
30.05.2025 01:00;58,621973689270966
30.05.2025 01:15;27,734968692794098
30.05.2025 01:30;51,6736451878625
30.05.2025 01:45;49,05800756928432
30.05.2025 02:00;47,63997403609995
30.05.2025 02:15;59,36334758688042
30.05.2025 02:30;51,309187849836285
30.05.2025 02:45;46,55864799729505
30.05.2025 03:00;68,07837499119896
30.05.2025 03:15;48,49595087955891
30.05.2025 03:30;51,45373419589303
30.05.2025 03:45;44,861078179799925
30.05.2025 04:00;38,08628848417231
30.05.2025 04:15;54,59175620332115
30.05.2025 04:30;60,18905736899196
30.05.2025 04:45;55,20818474277335
30.05.2025 05:00;57,42421628133107
30.05.2025 05:15;73,80687359399093
30.05.2025 05:30;52,42787612709889
30.05.2025 05:45;64,96400905452575
30.05.2025 06:00;34,138794000417036
30.05.2025 06:15;44,13755748031122
30.05.2025 06:30;71,63582244374456
30.05.2025 06:45;72,65921366600605
30.05.2025 07:00;59,23418271267502
30.05.2025 07:15;51,54975648122471
30.05.2025 07:30;65,34518774897327
30.05.2025 07:45;67,73246699535038
30.05.2025 08:00;77,47912551370557
30.05.2025 08:15;59,76488175239902
30.05.2025 08:30;42,959176206153394
30.05.2025 08:45;68,07352082190664
30.05.2025 09:00;41,700412322868196
30.05.2025 09:15;58,56611772645079
30.05.2025 09:30;45,0891261335396
30.05.2025 09:45;42,89810988781943
30.05.2025 10:00;69,17023247286882
30.05.2025 10:15;45,229543184508884
30.05.2025 10:30;60,81480175326603
30.05.2025 10:45;61,81444463699247
30.05.2025 11:00;53,25941468092051
30.05.2025 11:15;44,10145479869639
30.05.2025 11:30;49,90751237415593
30.05.2025 11:45;42,43987806273859
30.05.2025 12:00;50,2512219556789
30.05.2025 12:15;41,668672542414576
30.05.2025 12:30;60,197768416147206
30.05.2025 12:45;34,536518623578424
30.05.2025 13:00;46,72883585366411
30.05.2025 13:15;42,760421521143165
30.05.2025 13:30;37,375259567215174
30.05.2025 13:45;41,26464879837844
30.05.2025 14:00;60,2777941646997
30.05.2025 14:15;43,454912785032036
30.05.2025 14:30;20,674879936644277
30.05.2025 14:45;49,223558170900695
30.05.2025 15:00;45,22508426347822
30.05.2025 15:15;45,42147982262373
30.05.2025 15:30;57,99241095246851
30.05.2025 15:45;21,536473870147297
30.05.2025 16:00;57,49392430134792
30.05.2025 16:15;55,33667638673094
30.05.2025 16:30;47,491414278912416
30.05.2025 16:45;44,363083854044646
30.05.2025 17:00;62,88078605755416
30.05.2025 17:15;62,82876906919927
30.05.2025 17:30;58,449581492829374
30.05.2025 17:45;49,90464095001589
30.05.2025 18:00;88,08604670825264
30.05.2025 18:15;60,9851875515222
30.05.2025 18:30;69,32341033722822
30.05.2025 18:45;76,33771907644004
30.05.2025 19:00;82,06109719910155
30.05.2025 19:15;69,23433994470868
30.05.2025 19:30;54,48917152774857
30.05.2025 19:45;65,94998536950341
30.05.2025 20:00;77,0891696527483
30.05.2025 20:15;55,279270419550784
30.05.2025 20:30;68,05226998143797
30.05.2025 20:45;36,123955406296986
30.05.2025 21:00;51,794444249991855
30.05.2025 21:15;69,88669658342585
30.05.2025 21:30;59,984315137019664
30.05.2025 21:45;65,98415159786593
30.05.2025 22:00;74,91544546677807
30.05.2025 22:15;51,67268391046348
30.05.2025 22:30;64,0277397952048
30.05.2025 22:45;62,16972872957433
30.05.2025 23:00;51,17301104039606
30.05.2025 23:15;50,663391603176166
30.05.2025 23:30;52,55673758577035
30.05.2025 23:45;47,435303620528366
31.05.2025 00:00;45,50011170917862
31.05.2025 00:15;52,069284601142165
31.05.2025 00:30;48,578572849288406
31.05.2025 00:45;48,1194543283467
31.05.2025 01:00;48,421943318197336
31.05.2025 01:15;40,364101635614745
31.05.2025 01:30;37,55974580250368
31.05.2025 01:45;35,345088597713605
31.05.2025 02:00;56,95482323095812
31.05.2025 02:15;44,89890301095121
31.05.2025 02:30;43,77762637395217
31.05.2025 02:45;49,50058194401985
31.05.2025 03:00;35,833069340067915
31.05.2025 03:15;37,53916859032543
31.05.2025 03:30;47,76956456822715
31.05.2025 03:45;41,81698817014791
31.05.2025 04:00;26,947687706354316
31.05.2025 04:15;59,812759425307384
31.05.2025 04:30;50,23799090334053
31.05.2025 04:45;49,292767328398824
31.05.2025 05:00;74,94037029526073
31.05.2025 05:15;36,696945790980514
31.05.2025 05:30;41,659416722474106
31.05.2025 05:45;47,63691712023026
31.05.2025 06:00;72,7627475398841
31.05.2025 06:15;76,6655814258264
31.05.2025 06:30;36,68286401501932
31.05.2025 06:45;56,052462739591796
31.05.2025 07:00;62,51753518900076
31.05.2025 07:15;53,34528505389575
31.05.2025 07:30;51,1837464180811
31.05.2025 07:45;56,58286530464966
31.05.2025 08:00;72,3479741303702
31.05.2025 08:15;42,0169567500277
31.05.2025 08:30;53,797183511610605
31.05.2025 08:45;42,002507550205614
31.05.2025 09:00;49,19768141234979
31.05.2025 09:15;40,24295117787444
31.05.2025 09:30;57,446773256371316
31.05.2025 09:45;52,0289032118844
31.05.2025 10:00;60,91406415503451
31.05.2025 10:15;53,32051373788181
31.05.2025 10:30;56,74557818069827
31.05.2025 10:45;38,40402100376511
31.05.2025 11:00;37,728446115343466
31.05.2025 11:15;23,44559399755011
31.05.2025 11:30;41,18302922902079
31.05.2025 11:45;49,00735933648518
31.05.2025 12:00;39,52997618148264
31.05.2025 12:15;38,06815665495547
31.05.2025 12:30;40,50192507296714
31.05.2025 12:45;38,67288983014974
31.05.2025 13:00;62,76284417419611
31.05.2025 13:15;55,53810872488817
31.05.2025 13:30;42,89718634853434
31.05.2025 13:45;50,63782824736653
31.05.2025 14:00;44,39800917876168
31.05.2025 14:15;66,01123434828011
31.05.2025 14:30;55,30180626807335
31.05.2025 14:45;47,890224749679696
31.05.2025 15:00;54,3882890169352
31.05.2025 15:15;33,953805222072106
31.05.2025 15:30;37,50741119524046
31.05.2025 15:45;21,24752893055088
31.05.2025 16:00;53,68908926406064
31.05.2025 16:15;38,6139214026851
31.05.2025 16:30;26,313061317213094
31.05.2025 16:45;48,455635345060024
31.05.2025 17:00;46,09281489864766
31.05.2025 17:15;53,04043909983396
31.05.2025 17:30;75,29216199858541
31.05.2025 17:45;51,03355320875018
31.05.2025 18:00;46,91032573567404
31.05.2025 18:15;67,62933391271402
31.05.2025 18:30;63,38409397649515
31.05.2025 18:45;66,8248098998918
31.05.2025 19:00;71,14464265560616
31.05.2025 19:15;60,465540321019574
31.05.2025 19:30;65,52690031314995
31.05.2025 19:45;63,99879421134211
31.05.2025 20:00;64,90570901530927
31.05.2025 20:15;57,38950136850286
31.05.2025 20:30;70,07951699247766
31.05.2025 20:45;86,71757886231143
31.05.2025 21:00;64,2861952785573
31.05.2025 21:15;60,25642328320913
31.05.2025 21:30;35,28700755429132
31.05.2025 21:45;51,11373056212409
31.05.2025 22:00;35,163399877424695
31.05.2025 22:15;57,08875226005487
31.05.2025 22:30;68,27566978779083
31.05.2025 22:45;25,82356077621408
31.05.2025 23:00;68,91423770729938
31.05.2025 23:15;39,78903177582487
31.05.2025 23:30;38,26584487972393
31.05.2025 23:45;46,097808364393
