timestamp;day_ahead_price_eur_mwh
01.05.2025 00:00;57,256395775092464
01.05.2025 00:15;53,31813505016004
01.05.2025 00:30;53,84355559781003
01.05.2025 00:45;55,530048970738534
01.05.2025 01:00;47,52934199617613
01.05.2025 01:15;41,40693231340865
01.05.2025 01:30;58,76226145516057
01.05.2025 01:45;56,91193702461797
01.05.2025 02:00;48,385796335562375
01.05.2025 02:15;55,0562239052145
01.05.2025 02:30;61,07934424162904
01.05.2025 02:45;60,35364314193356
01.05.2025 03:00;48,57533134845719
01.05.2025 03:15;42,29372050710483
01.05.2025 03:30;43,73420812744345
01.05.2025 03:45;51,07286592478746
01.05.2025 04:00;63,86024333186289
01.05.2025 04:15;48,96994160176947
01.05.2025 04:30;50,42088703097801
01.05.2025 04:45;50,886244336096254
01.05.2025 05:00;52,173714034783266
01.05.2025 05:15;56,580455928919925
01.05.2025 05:30;48,5138270354944
01.05.2025 05:45;65,85360093062819
01.05.2025 06:00;57,99645667285044
01.05.2025 06:15;76,99404854553777
01.05.2025 06:30;51,931810054281414
01.05.2025 06:45;71,88521752743318
01.05.2025 07:00;70,9944286832933
01.05.2025 07:15;58,862768502329196
01.05.2025 07:30;59,12122301894295
01.05.2025 07:45;56,01096414170709
01.05.2025 08:00;56,361441456588814
01.05.2025 08:15;62,801897337764515
01.05.2025 08:30;62,58262430408739
01.05.2025 08:45;50,47052877592681
01.05.2025 09:00;77,34994719600935
01.05.2025 09:15;58,92866693145431
01.05.2025 09:30;60,72596160699938
01.05.2025 09:45;55,23919913365552
01.05.2025 10:00;56,47934929799675
01.05.2025 10:15;54,731031794216754
01.05.2025 10:30;55,66259703487707
01.05.2025 10:45;55,119018929789895
01.05.2025 11:00;59,423061568401494
01.05.2025 11:15;54,61590344184424
01.05.2025 11:30;56,83471528643554
01.05.2025 11:45;50,368409516172896
01.05.2025 12:00;50,714302965366734
01.05.2025 12:15;45,46075543899859
01.05.2025 12:30;55,23802492437977
01.05.2025 12:45;50,441888637488
01.05.2025 13:00;48,8232084806538
01.05.2025 13:15;48,908689312977536
01.05.2025 13:30;50,488996201228765
01.05.2025 13:45;52,25228950576422
01.05.2025 14:00;52,00675089558995
01.05.2025 14:15;49,053225728715105
01.05.2025 14:30;58,13442122090749
01.05.2025 14:45;59,03784960215943
01.05.2025 15:00;65,87774795654636
01.05.2025 15:15;48,671007723525676
01.05.2025 15:30;56,14865923530644
01.05.2025 15:45;36,52594989085148
01.05.2025 16:00;55,13425128359926
01.05.2025 16:15;38,59239151821219
01.05.2025 16:30;41,78891195912601
01.05.2025 16:45;51,47676427322551
01.05.2025 17:00;46,580833266241704
01.05.2025 17:15;47,868067661820156
01.05.2025 17:30;51,96391751723395
01.05.2025 17:45;63,41206590900738
01.05.2025 18:00;54,396963696760906
01.05.2025 18:15;63,493292678493866
01.05.2025 18:30;63,8231255912883
01.05.2025 18:45;74,16989116556911
01.05.2025 19:00;75,4438931473524
01.05.2025 19:15;57,62453146128169
01.05.2025 19:30;78,39956138255961
01.05.2025 19:45;66,73969433457356
01.05.2025 20:00;72,02890371685031
01.05.2025 20:15;63,02131881523193
01.05.2025 20:30;70,95314353900577
01.05.2025 20:45;84,7341938556186
01.05.2025 21:00;66,2050301719564
01.05.2025 21:15;60,46131810737665
01.05.2025 21:30;60,44720531777926
01.05.2025 21:45;50,265069105259876
01.05.2025 22:00;69,28509728530967
01.05.2025 22:15;60,06532212826948
01.05.2025 22:30;49,41554832621887
01.05.2025 22:45;48,67904769477984
01.05.2025 23:00;55,08435288525458
01.05.2025 23:15;60,82470578173029
01.05.2025 23:30;45,693379830643295
01.05.2025 23:45;61,104786405834304
02.05.2025 00:00;52,77168032845713
02.05.2025 00:15;46,90397130837213
02.05.2025 00:30;50,145862570293
02.05.2025 00:45;65,6657830935552
02.05.2025 01:00;43,71784617822146
02.05.2025 01:15;48,326179186852784
02.05.2025 01:30;60,13820756383722
02.05.2025 01:45;55,01519707412719
02.05.2025 02:00;48,00371187127317
02.05.2025 02:15;60,355094806478604
02.05.2025 02:30;60,768689943408276
02.05.2025 02:45;56,111561840593176
02.05.2025 03:00;49,649556731017185
02.05.2025 03:15;50,9160051269247
02.05.2025 03:30;56,35653620233014
02.05.2025 03:45;45,480534227600195
02.05.2025 04:00;64,32760720740518
02.05.2025 04:15;67,37961274811053
02.05.2025 04:30;54,35258769378222
02.05.2025 04:45;59,106443110560754
02.05.2025 05:00;65,60553354936984
02.05.2025 05:15;71,75756490405522
02.05.2025 05:30;69,78187222686493
02.05.2025 05:45;47,53773949848849
02.05.2025 06:00;58,23264662884457
02.05.2025 06:15;64,73508263810524
02.05.2025 06:30;58,40281912788105
02.05.2025 06:45;74,97871140929018
02.05.2025 07:00;74,19403672788575
02.05.2025 07:15;57,56089216511037
02.05.2025 07:30;62,492333555190974
02.05.2025 07:45;58,84687820518874
02.05.2025 08:00;62,90782538782286
02.05.2025 08:15;63,004221368517385
02.05.2025 08:30;70,95096400578686
02.05.2025 08:45;56,829119290580245
02.05.2025 09:00;44,89143502713151
02.05.2025 09:15;51,31449917174449
02.05.2025 09:30;53,86930765981812
02.05.2025 09:45;55,30418581317624
02.05.2025 10:00;61,41885772275879
02.05.2025 10:15;51,344220268768275
02.05.2025 10:30;49,24933459314872
02.05.2025 10:45;49,77747028938551
02.05.2025 11:00;48,323849879770655
02.05.2025 11:15;50,789296737119805
02.05.2025 11:30;48,838949016228334
02.05.2025 11:45;56,69417323203072
02.05.2025 12:00;44,11457462257013
02.05.2025 12:15;47,687440383186676
02.05.2025 12:30;46,747917894156316
02.05.2025 12:45;56,29218301587649
02.05.2025 13:00;50,44475136209151
02.05.2025 13:15;59,56716440303162
02.05.2025 13:30;45,16616941793728
02.05.2025 13:45;52,97649034426179
02.05.2025 14:00;49,45707182257784
02.05.2025 14:15;45,56829056671613
02.05.2025 14:30;53,87197792217738
02.05.2025 14:45;66,76355029131867
02.05.2025 15:00;48,659865959999365
02.05.2025 15:15;53,67915146016542
02.05.2025 15:30;44,37949295379377
02.05.2025 15:45;42,68330582365523
02.05.2025 16:00;45,95221216751498
02.05.2025 16:15;48,154809119588045
02.05.2025 16:30;49,06138511781664
02.05.2025 16:45;51,51702428660821
02.05.2025 17:00;43,1386908476267
02.05.2025 17:15;51,73708155205322
02.05.2025 17:30;62,270017868763894
02.05.2025 17:45;51,8143918588361
02.05.2025 18:00;61,89241251419728
02.05.2025 18:15;68,39171038219376
02.05.2025 18:30;63,11844311084056
02.05.2025 18:45;72,96786271977516
02.05.2025 19:00;61,120532145308545
02.05.2025 19:15;78,69135552806742
02.05.2025 19:30;75,34520806799102
02.05.2025 19:45;73,0173491757181
02.05.2025 20:00;79,87924414082576
02.05.2025 20:15;68,73658194720993
02.05.2025 20:30;65,44566281701971
02.05.2025 20:45;77,89121935001019
02.05.2025 21:00;79,63686002740575
02.05.2025 21:15;60,23581188598442
02.05.2025 21:30;62,68522094137396
02.05.2025 21:45;69,27266624937681
02.05.2025 22:00;60,00442891010368
02.05.2025 22:15;63,44634957687971
02.05.2025 22:30;63,629748493343094
02.05.2025 22:45;53,26623333740593
02.05.2025 23:00;59,321388515635235
02.05.2025 23:15;55,66647880741194
02.05.2025 23:30;46,64131867866638
02.05.2025 23:45;47,79244212838592
03.05.2025 00:00;46,19759806655348
03.05.2025 00:15;57,266715304212646
03.05.2025 00:30;57,500604037669746
03.05.2025 00:45;56,02669772707118
03.05.2025 01:00;53,867515802070756
03.05.2025 01:15;53,6906153737435
03.05.2025 01:30;52,7644469634492
03.05.2025 01:45;53,704578503075794
03.05.2025 02:00;54,22133702990156
03.05.2025 02:15;41,12198833700578
03.05.2025 02:30;45,50229113478695
03.05.2025 02:45;43,940777134764915
03.05.2025 03:00;59,037749242852456
03.05.2025 03:15;63,05423953602311
03.05.2025 03:30;36,53186964752874
03.05.2025 03:45;62,96914128436809
03.05.2025 04:00;52,99156399936672
03.05.2025 04:15;59,91858920666319
03.05.2025 04:30;56,900943069931
03.05.2025 04:45;64,04787838391715
03.05.2025 05:00;56,12451762809964
03.05.2025 05:15;45,87509259894189
03.05.2025 05:30;55,482727219354764
03.05.2025 05:45;60,65511677271821
03.05.2025 06:00;56,28337015573542
03.05.2025 06:15;62,9930745366061
03.05.2025 06:30;58,52389992235145
03.05.2025 06:45;55,350523148544944
03.05.2025 07:00;52,314214763323456
03.05.2025 07:15;57,41836090753721
03.05.2025 07:30;62,136625875547544
03.05.2025 07:45;47,37374375884728
03.05.2025 08:00;55,820952328891636
03.05.2025 08:15;47,19504567603505
03.05.2025 08:30;56,6471627097068
03.05.2025 08:45;69,44491978638916
03.05.2025 09:00;51,62950627515069
03.05.2025 09:15;64,2879455703977
03.05.2025 09:30;78,51164683713199
03.05.2025 09:45;67,56459710083207
03.05.2025 10:00;58,43262901662211
03.05.2025 10:15;62,090061691697066
03.05.2025 10:30;45,149666042105274
03.05.2025 10:45;43,44657377981741
03.05.2025 11:00;52,45104931654349
03.05.2025 11:15;54,092745102154
03.05.2025 11:30;57,34542347228057
03.05.2025 11:45;44,778224471053214
03.05.2025 12:00;48,26498550942355
03.05.2025 12:15;47,06112876756945
03.05.2025 12:30;45,265728510602194
03.05.2025 12:45;46,36875925468049
03.05.2025 13:00;42,00261741922807
03.05.2025 13:15;51,51884201263174
03.05.2025 13:30;51,49778435224387
03.05.2025 13:45;47,65234391696651
03.05.2025 14:00;55,60161794828202
03.05.2025 14:15;58,21772001675045
03.05.2025 14:30;56,8053391880909
03.05.2025 14:45;44,48811115313837
03.05.2025 15:00;51,69417575978639
03.05.2025 15:15;44,84236858333928
03.05.2025 15:30;50,89550007006339
03.05.2025 15:45;42,230535451977936
03.05.2025 16:00;56,1117689379731
03.05.2025 16:15;52,148980108038884
03.05.2025 16:30;54,25161471020286
03.05.2025 16:45;54,38713272173247
03.05.2025 17:00;46,6083955573843
03.05.2025 17:15;47,7254447923897
03.05.2025 17:30;65,10272262482694
03.05.2025 17:45;55,206918124819445
03.05.2025 18:00;50,15931346925216
03.05.2025 18:15;68,82259986760565
03.05.2025 18:30;65,61763554966745
03.05.2025 18:45;77,12891354874228
03.05.2025 19:00;69,70448164002319
03.05.2025 19:15;69,21096429492795
03.05.2025 19:30;80,45990040881436
03.05.2025 19:45;58,985190152783524
03.05.2025 20:00;65,09800000186014
03.05.2025 20:15;62,03640228040617
03.05.2025 20:30;51,68657697688639
03.05.2025 20:45;71,74650329186244
03.05.2025 21:00;60,181847378450165
03.05.2025 21:15;68,77804368061418
03.05.2025 21:30;63,55643038494351
03.05.2025 21:45;63,55876705811304
03.05.2025 22:00;54,71504890206716
03.05.2025 22:15;51,28589435299109
03.05.2025 22:30;56,14665078263507
03.05.2025 22:45;60,98794399463153
03.05.2025 23:00;53,38519317861985
03.05.2025 23:15;48,14767475572806
03.05.2025 23:30;44,117673537806816
03.05.2025 23:45;53,500553105824125
04.05.2025 00:00;48,12443031269861
04.05.2025 00:15;51,50327875673655
04.05.2025 00:30;50,33803194560615
04.05.2025 00:45;48,90467699589835
04.05.2025 01:00;54,08175232439832
04.05.2025 01:15;55,920746332527486
04.05.2025 01:30;65,81686294899119
04.05.2025 01:45;57,39555963778625
04.05.2025 02:00;63,28796177044144
04.05.2025 02:15;46,4611274171556
04.05.2025 02:30;41,065794281177766
04.05.2025 02:45;52,28060323596842
04.05.2025 03:00;58,5323114181884
04.05.2025 03:15;57,622057357924135
04.05.2025 03:30;61,433262616570296
04.05.2025 03:45;35,49800800824033
04.05.2025 04:00;62,39373916870578
04.05.2025 04:15;56,41617537743007
04.05.2025 04:30;43,785966091831945
04.05.2025 04:45;60,26820145568966
04.05.2025 05:00;57,08108515229822
04.05.2025 05:15;59,32614991059239
04.05.2025 05:30;64,46858826590596
04.05.2025 05:45;61,28694177602274
04.05.2025 06:00;48,711116646208986
04.05.2025 06:15;58,64230808246509
04.05.2025 06:30;48,813362219842595
04.05.2025 06:45;65,3156734112741
04.05.2025 07:00;70,77215571443483
04.05.2025 07:15;52,76839474784889
04.05.2025 07:30;56,983811178574115
04.05.2025 07:45;56,02711139830127
04.05.2025 08:00;59,63571901214175
04.05.2025 08:15;65,2986936905235
04.05.2025 08:30;59,29882455874315
04.05.2025 08:45;66,45935637120985
04.05.2025 09:00;68,90250865234304
04.05.2025 09:15;68,4583521220871
04.05.2025 09:30;51,94366656657493
04.05.2025 09:45;68,8019190701773
04.05.2025 10:00;68,25829360049363
04.05.2025 10:15;67,85566176078041
04.05.2025 10:30;54,59488245355593
04.05.2025 10:45;49,97265457302771
04.05.2025 11:00;47,57806166439185
04.05.2025 11:15;44,500545714952466
04.05.2025 11:30;51,343353170855835
04.05.2025 11:45;55,16364918301127
04.05.2025 12:00;57,30908173691469
04.05.2025 12:15;44,091513402882676
04.05.2025 12:30;46,94302240051857
04.05.2025 12:45;46,55525414590229
04.05.2025 13:00;43,94335139543071
04.05.2025 13:15;55,503393475273135
04.05.2025 13:30;53,74288014251278
04.05.2025 13:45;52,439168893958524
04.05.2025 14:00;55,156266251994566
04.05.2025 14:15;56,810624754174434
04.05.2025 14:30;57,11193702579894
04.05.2025 14:45;46,9467880406664
04.05.2025 15:00;59,30486301884801
04.05.2025 15:15;54,447698187351214
04.05.2025 15:30;48,68898719357489
04.05.2025 15:45;51,67185914338435
04.05.2025 16:00;50,93600145435999
04.05.2025 16:15;55,19811495886822
04.05.2025 16:30;39,49548602618131
04.05.2025 16:45;57,02075275096302
04.05.2025 17:00;49,923803370062274
04.05.2025 17:15;48,01048402736061
04.05.2025 17:30;50,605654672142094
04.05.2025 17:45;50,2383046348869
04.05.2025 18:00;47,94950146880235
04.05.2025 18:15;67,6505130250037
04.05.2025 18:30;79,47466016157269
04.05.2025 18:45;56,19317811171082
04.05.2025 19:00;62,75032137945588
04.05.2025 19:15;75,58262507222423
04.05.2025 19:30;70,28768203937267
04.05.2025 19:45;76,65474377147089
04.05.2025 20:00;69,56470110985848
04.05.2025 20:15;65,41957229097527
04.05.2025 20:30;66,69907290705783
04.05.2025 20:45;50,200971478096534
04.05.2025 21:00;57,303588417198476
04.05.2025 21:15;70,3166875065135
04.05.2025 21:30;70,4145103754235
04.05.2025 21:45;70,39031869723577
04.05.2025 22:00;62,22731721295824
04.05.2025 22:15;42,08153576075286
04.05.2025 22:30;52,31166547165735
04.05.2025 22:45;65,06474296718508
04.05.2025 23:00;66,33763340766122
04.05.2025 23:15;63,83814973507512
04.05.2025 23:30;52,095419444077045
04.05.2025 23:45;44,16376745240569
05.05.2025 00:00;56,7931539324293
05.05.2025 00:15;57,18378400101686
05.05.2025 00:30;68,04310916692724
05.05.2025 00:45;58,68490492448594
05.05.2025 01:00;57,216567656187436
05.05.2025 01:15;57,62835578546324
05.05.2025 01:30;59,9335941497148
05.05.2025 01:45;61,54953824236594
05.05.2025 02:00;52,135095430936786
05.05.2025 02:15;49,862659259529075
05.05.2025 02:30;66,94098933104011
05.05.2025 02:45;45,96899796990004
05.05.2025 03:00;69,06502492851841
05.05.2025 03:15;44,41384645497253
05.05.2025 03:30;53,936475685407416
05.05.2025 03:45;65,1314753201612
05.05.2025 04:00;58,69996613300453
05.05.2025 04:15;49,92727137103
05.05.2025 04:30;62,65372859152931
05.05.2025 04:45;60,74720192613169
05.05.2025 05:00;59,45704110031393
05.05.2025 05:15;57,36593427416621
05.05.2025 05:30;62,284179569664914
05.05.2025 05:45;59,31121782480731
05.05.2025 06:00;81,23143296112555
05.05.2025 06:15;63,16176355184808
05.05.2025 06:30;62,943563657611065
05.05.2025 06:45;62,203865167696286
05.05.2025 07:00;79,02940956730748
05.05.2025 07:15;55,334087919972916
05.05.2025 07:30;69,86609349548722
05.05.2025 07:45;66,05016664933251
05.05.2025 08:00;57,82120154752594
05.05.2025 08:15;62,36580901410124
05.05.2025 08:30;70,1503041422279
05.05.2025 08:45;61,30667620491553
05.05.2025 09:00;68,39301038082223
05.05.2025 09:15;78,52308593031714
05.05.2025 09:30;66,3264456251067
05.05.2025 09:45;54,428739597044085
05.05.2025 10:00;57,24598339084271
05.05.2025 10:15;61,29075588450998
05.05.2025 10:30;59,39116947407402
05.05.2025 10:45;62,27904889595058
05.05.2025 11:00;62,06982290172135
05.05.2025 11:15;70,45973289663856
05.05.2025 11:30;57,265425428042896
05.05.2025 11:45;48,053359239034585
05.05.2025 12:00;63,085591575164
05.05.2025 12:15;62,98897118008497
05.05.2025 12:30;56,121262967821835
05.05.2025 12:45;52,536446571421834
05.05.2025 13:00;59,42630425016478
05.05.2025 13:15;54,507267542830824
05.05.2025 13:30;42,16552749311882
05.05.2025 13:45;61,07466178721823
05.05.2025 14:00;63,86024349613214
05.05.2025 14:15;68,0194716549953
05.05.2025 14:30;53,21802738426126
05.05.2025 14:45;60,28938480043755
05.05.2025 15:00;60,57822377445667
05.05.2025 15:15;59,29193707844491
05.05.2025 15:30;58,87277421786755
05.05.2025 15:45;57,40811574965308
05.05.2025 16:00;57,9597730067052
05.05.2025 16:15;61,567727055082244
05.05.2025 16:30;65,508669424033
05.05.2025 16:45;52,134396296099766
05.05.2025 17:00;57,79319055876861
05.05.2025 17:15;58,26796325693026
05.05.2025 17:30;59,70819330265754
05.05.2025 17:45;54,59325626196054
05.05.2025 18:00;68,6530471037737
05.05.2025 18:15;74,46220618056284
05.05.2025 18:30;71,81640271335479
05.05.2025 18:45;74,43431638617652
05.05.2025 19:00;78,75607599430357
05.05.2025 19:15;86,27565540719624
05.05.2025 19:30;73,82252939888022
05.05.2025 19:45;68,09505912286247
05.05.2025 20:00;75,03619302670722
05.05.2025 20:15;87,93537455114371
05.05.2025 20:30;65,32456046569226
05.05.2025 20:45;76,58475469661911
05.05.2025 21:00;78,5090640803358
05.05.2025 21:15;52,1959039969708
05.05.2025 21:30;70,01744113637129
05.05.2025 21:45;69,84570277604152
05.05.2025 22:00;62,34455738310332
05.05.2025 22:15;58,423619958069025
05.05.2025 22:30;57,696746713239776
05.05.2025 22:45;58,566845765155605
05.05.2025 23:00;57,936253520002204
05.05.2025 23:15;55,938848239667344
05.05.2025 23:30;56,41253193362881
05.05.2025 23:45;66,72001329029435
06.05.2025 00:00;49,44353390159214
06.05.2025 00:15;45,7036862023633
06.05.2025 00:30;66,39861146878668
06.05.2025 00:45;56,6132018001058
06.05.2025 01:00;55,2491336485037
06.05.2025 01:15;57,20233017418976
06.05.2025 01:30;59,4664795386893
06.05.2025 01:45;54,363059341965815
06.05.2025 02:00;61,61533565445329
06.05.2025 02:15;51,397124297105194
06.05.2025 02:30;56,10125672812234
06.05.2025 02:45;42,820373535815975
06.05.2025 03:00;66,67341294999085
06.05.2025 03:15;57,42294375169043
06.05.2025 03:30;63,58595254924409
06.05.2025 03:45;62,53147990780023
06.05.2025 04:00;63,41322966391529
06.05.2025 04:15;59,955140589201875
06.05.2025 04:30;63,25328355368097
06.05.2025 04:45;54,416140937104124
06.05.2025 05:00;53,63808951765906
06.05.2025 05:15;61,89231817375561
06.05.2025 05:30;58,66331172349444
06.05.2025 05:45;74,1883122836072
06.05.2025 06:00;67,62864324537847
06.05.2025 06:15;60,74140253564572
06.05.2025 06:30;64,37310628062029
06.05.2025 06:45;67,83940053913199
06.05.2025 07:00;66,82695689819238
06.05.2025 07:15;69,56777591518103
06.05.2025 07:30;68,65230355332609
06.05.2025 07:45;58,70389479043872
06.05.2025 08:00;53,81773629987194
06.05.2025 08:15;66,26362172793773
06.05.2025 08:30;72,1811067473797
06.05.2025 08:45;65,71110582337292
06.05.2025 09:00;76,65333231372817
06.05.2025 09:15;66,08367211874327
06.05.2025 09:30;74,91197160535657
06.05.2025 09:45;73,41435616368514
06.05.2025 10:00;72,22530796582986
06.05.2025 10:15;54,99183812525844
06.05.2025 10:30;62,58255852881961
06.05.2025 10:45;70,02354934399196
06.05.2025 11:00;62,61586655477832
06.05.2025 11:15;62,784582060577854
06.05.2025 11:30;47,930643456472666
06.05.2025 11:45;70,56890860467797
06.05.2025 12:00;49,616094875608894
06.05.2025 12:15;39,898829070965505
06.05.2025 12:30;52,019199672335986
06.05.2025 12:45;38,06960611428359
06.05.2025 13:00;48,41028890494176
06.05.2025 13:15;74,49805621797395
06.05.2025 13:30;55,58043914740812
06.05.2025 13:45;47,982923219653806
06.05.2025 14:00;58,75764286774216
06.05.2025 14:15;51,72954250683887
06.05.2025 14:30;65,13200049871928
06.05.2025 14:45;52,32295982482626
06.05.2025 15:00;61,467605025448115
06.05.2025 15:15;50,60026079498912
06.05.2025 15:30;76,28944535111171
06.05.2025 15:45;61,21675705628553
06.05.2025 16:00;55,599588222689384
06.05.2025 16:15;53,89912291857939
06.05.2025 16:30;52,76820905991441
06.05.2025 16:45;52,565897761027976
06.05.2025 17:00;53,40369311619407
06.05.2025 17:15;72,9153244151529
06.05.2025 17:30;59,56089528806491
06.05.2025 17:45;51,06756359128393
06.05.2025 18:00;60,74200780017316
06.05.2025 18:15;77,81238568682744
06.05.2025 18:30;71,3561238399973
06.05.2025 18:45;74,08933642677195
06.05.2025 19:00;84,74266095873715
06.05.2025 19:15;71,50969353668725
06.05.2025 19:30;81,72401086630131
06.05.2025 19:45;72,51442708002905
06.05.2025 20:00;80,63735309189656
06.05.2025 20:15;72,78854386845755
06.05.2025 20:30;72,60521813545321
06.05.2025 20:45;78,53776626284822
06.05.2025 21:00;76,48750363451099
06.05.2025 21:15;68,46330063407308
06.05.2025 21:30;64,7114780730078
06.05.2025 21:45;77,68282169976085
06.05.2025 22:00;69,2081797651075
06.05.2025 22:15;61,07765751695126
06.05.2025 22:30;58,126752929738764
06.05.2025 22:45;68,90806807673934
06.05.2025 23:00;61,725686636048174
06.05.2025 23:15;59,096376864941526
06.05.2025 23:30;60,4956452232035
06.05.2025 23:45;61,6160089376863
07.05.2025 00:00;58,17146644454899
07.05.2025 00:15;66,99665835573171
07.05.2025 00:30;67,39024017419669
07.05.2025 00:45;62,30429807246878
07.05.2025 01:00;68,21354775191715
07.05.2025 01:15;58,66408253985231
07.05.2025 01:30;63,45761479083403
07.05.2025 01:45;65,68636728646428
07.05.2025 02:00;65,83084084360475
07.05.2025 02:15;65,16871147050219
07.05.2025 02:30;63,25611945420474
07.05.2025 02:45;72,64689925484214
07.05.2025 03:00;55,313637631652284
07.05.2025 03:15;58,192767237252674
07.05.2025 03:30;58,01740569309935
07.05.2025 03:45;57,24274292715613
07.05.2025 04:00;46,26688401997779
07.05.2025 04:15;70,25737805174634
07.05.2025 04:30;53,977163713749114
07.05.2025 04:45;62,95759130917673
07.05.2025 05:00;52,50706629010929
07.05.2025 05:15;67,56820726538369
07.05.2025 05:30;58,52157262893605
07.05.2025 05:45;56,89910481585494
07.05.2025 06:00;66,95361851675355
07.05.2025 06:15;61,380715021972115
07.05.2025 06:30;62,90453456118434
07.05.2025 06:45;68,6318436499566
07.05.2025 07:00;73,22910418817173
07.05.2025 07:15;62,34393953735983
07.05.2025 07:30;61,61651364377808
07.05.2025 07:45;69,04168544116712
07.05.2025 08:00;72,78689891467083
07.05.2025 08:15;79,86406078384618
07.05.2025 08:30;61,72661747042112
07.05.2025 08:45;66,40555218177686
07.05.2025 09:00;75,75377707317938
07.05.2025 09:15;80,97710389442094
07.05.2025 09:30;59,372555476445854
07.05.2025 09:45;60,83457441196602
07.05.2025 10:00;67,73463899221983
07.05.2025 10:15;59,565170449201375
07.05.2025 10:30;57,450299810802896
07.05.2025 10:45;63,312348703882776
07.05.2025 11:00;71,55544571360704
07.05.2025 11:15;50,069500960751064
07.05.2025 11:30;68,3615864531863
07.05.2025 11:45;52,19116756727356
07.05.2025 12:00;57,33681503657483
07.05.2025 12:15;66,16643458323917
07.05.2025 12:30;57,4693784665823
07.05.2025 12:45;52,46634923341477
07.05.2025 13:00;60,57591885437233
07.05.2025 13:15;56,30358614767664
07.05.2025 13:30;62,33547025535848
07.05.2025 13:45;57,03955842193472
07.05.2025 14:00;64,58351036127776
07.05.2025 14:15;48,78060821827748
07.05.2025 14:30;52,19624632593249
07.05.2025 14:45;49,872488260245035
07.05.2025 15:00;59,37316172141336
07.05.2025 15:15;48,18425567352315
07.05.2025 15:30;53,210854623078426
07.05.2025 15:45;49,35119485700694
07.05.2025 16:00;65,34110945899627
07.05.2025 16:15;47,466263485274816
07.05.2025 16:30;45,579890773653275
07.05.2025 16:45;57,64354158822984
07.05.2025 17:00;68,69762839610333
07.05.2025 17:15;58,244483968143165
07.05.2025 17:30;61,40549501110642
07.05.2025 17:45;73,37386489964999
07.05.2025 18:00;73,50116970750344
07.05.2025 18:15;73,05459436834946
07.05.2025 18:30;68,45519172493493
07.05.2025 18:45;77,77897854491304
07.05.2025 19:00;66,83209456417376
07.05.2025 19:15;72,74357978834438
07.05.2025 19:30;87,63238979824806
07.05.2025 19:45;86,71119695104542
07.05.2025 20:00;79,9597300277453
07.05.2025 20:15;62,513019555171944
07.05.2025 20:30;66,38407577069913
07.05.2025 20:45;68,68686324541925
07.05.2025 21:00;70,6577748993825
07.05.2025 21:15;61,49152109789966
07.05.2025 21:30;66,91240282046199
07.05.2025 21:45;79,48361039804307
07.05.2025 22:00;68,51247034519874
07.05.2025 22:15;65,97119170285002
07.05.2025 22:30;56,19921066220394
07.05.2025 22:45;50,88464714372313
07.05.2025 23:00;52,944266177441094
07.05.2025 23:15;49,10927891710337
07.05.2025 23:30;60,839820952522224
07.05.2025 23:45;62,56238656864518
08.05.2025 00:00;52,166274152096186
08.05.2025 00:15;59,96129901246199
08.05.2025 00:30;69,212840899606
08.05.2025 00:45;72,63997597975407
08.05.2025 01:00;64,3384006189595
08.05.2025 01:15;57,73573498044357
08.05.2025 01:30;64,14704080820272
08.05.2025 01:45;68,47285628537362
08.05.2025 02:00;45,00198926422178
08.05.2025 02:15;69,48621404617592
08.05.2025 02:30;55,380700696748725
08.05.2025 02:45;55,55727510608033
08.05.2025 03:00;56,96202566567652
08.05.2025 03:15;61,87491506687165
08.05.2025 03:30;52,09521259902614
08.05.2025 03:45;58,180528042933354
08.05.2025 04:00;64,22024211463479
08.05.2025 04:15;62,51833650197377
08.05.2025 04:30;64,18016187287056
08.05.2025 04:45;59,85611930655266
08.05.2025 05:00;67,67107754633932
08.05.2025 05:15;70,97330125721926
08.05.2025 05:30;71,37150466551797
08.05.2025 05:45;68,19002441468254
08.05.2025 06:00;72,52522531545762
08.05.2025 06:15;72,76016760418317
08.05.2025 06:30;86,01414609135274
08.05.2025 06:45;76,2331893144998
08.05.2025 07:00;67,5363619500451
08.05.2025 07:15;62,15578068362571
08.05.2025 07:30;67,00370493450046
08.05.2025 07:45;67,02814671990257
08.05.2025 08:00;73,15043708466833
08.05.2025 08:15;64,69100603178518
08.05.2025 08:30;77,91678187338746
08.05.2025 08:45;59,228382813077175
08.05.2025 09:00;56,51725075778899
08.05.2025 09:15;66,98669881953701
08.05.2025 09:30;61,591688101772924
08.05.2025 09:45;57,80549850177106
08.05.2025 10:00;60,67542605119455
08.05.2025 10:15;58,81971164916792
08.05.2025 10:30;63,308353365753135
08.05.2025 10:45;57,45596699365227
08.05.2025 11:00;58,247960029063954
08.05.2025 11:15;59,629709553446176
08.05.2025 11:30;64,95944425469536
08.05.2025 11:45;67,78665245947107
08.05.2025 12:00;57,00317812102421
08.05.2025 12:15;56,8820774939253
08.05.2025 12:30;53,97633186234394
08.05.2025 12:45;59,02023807002314
08.05.2025 13:00;58,69426507603764
08.05.2025 13:15;66,09521995015915
08.05.2025 13:30;45,26895849609193
08.05.2025 13:45;56,50245299050588
08.05.2025 14:00;61,67735218083161
08.05.2025 14:15;58,762432164434614
08.05.2025 14:30;53,35024320817081
08.05.2025 14:45;50,86496634445434
08.05.2025 15:00;65,40007174996022
08.05.2025 15:15;52,96591580664919
08.05.2025 15:30;45,97543021133741
08.05.2025 15:45;63,71380917254163
08.05.2025 16:00;59,37744874214056
08.05.2025 16:15;55,186246720803105
08.05.2025 16:30;49,66729184263404
08.05.2025 16:45;55,644559512793364
08.05.2025 17:00;66,66971665907906
08.05.2025 17:15;48,876042854101115
08.05.2025 17:30;51,81443113994694
08.05.2025 17:45;61,061347159310394
08.05.2025 18:00;68,05887436475356
08.05.2025 18:15;67,84376031816079
08.05.2025 18:30;77,72451031143754
08.05.2025 18:45;83,01962224516569
08.05.2025 19:00;78,83160905849552
08.05.2025 19:15;81,55686805709115
08.05.2025 19:30;79,92561851275993
08.05.2025 19:45;78,05066415994212
08.05.2025 20:00;68,29251155147762
08.05.2025 20:15;69,33717830640694
08.05.2025 20:30;65,80810632421132
08.05.2025 20:45;72,78087134510247
08.05.2025 21:00;73,85701284047035
08.05.2025 21:15;60,45476374058979
08.05.2025 21:30;69,49977756051888
08.05.2025 21:45;61,34104277840133
08.05.2025 22:00;58,577237147697225
08.05.2025 22:15;60,416972729465016
08.05.2025 22:30;55,83377645218525
08.05.2025 22:45;66,9591678216929
08.05.2025 23:00;60,720623575167096
08.05.2025 23:15;66,92651469757077
08.05.2025 23:30;57,56511299735499
08.05.2025 23:45;57,39039684987508
09.05.2025 00:00;72,10871958742639
09.05.2025 00:15;47,63617761123618
09.05.2025 00:30;67,99299016981848
09.05.2025 00:45;70,58950012674478
09.05.2025 01:00;64,37798791744606
09.05.2025 01:15;56,71806250245539
09.05.2025 01:30;69,04036288314771
09.05.2025 01:45;56,82959416029849
09.05.2025 02:00;54,18382440868123
09.05.2025 02:15;56,46558965215994
09.05.2025 02:30;55,27318954697099
09.05.2025 02:45;52,74739119610628
09.05.2025 03:00;67,28831359244128
09.05.2025 03:15;54,29192490698947
09.05.2025 03:30;59,73820073236848
09.05.2025 03:45;50,13956033987897
09.05.2025 04:00;60,83071372129449
09.05.2025 04:15;52,96859272739724
09.05.2025 04:30;53,32279679176423
09.05.2025 04:45;61,43062220244927
09.05.2025 05:00;70,28565101526785
09.05.2025 05:15;66,73289291387579
09.05.2025 05:30;68,00097243236037
09.05.2025 05:45;64,3614073708898
09.05.2025 06:00;63,6100160781484
09.05.2025 06:15;72,25739694799914
09.05.2025 06:30;63,421702352413476
09.05.2025 06:45;73,59445117636594
09.05.2025 07:00;76,88101108296256
09.05.2025 07:15;62,673926252462536
09.05.2025 07:30;63,971700005787454
09.05.2025 07:45;65,41486324888359
09.05.2025 08:00;59,462079981316165
09.05.2025 08:15;66,21156915197925
09.05.2025 08:30;78,26801884310048
09.05.2025 08:45;61,25928080583282
09.05.2025 09:00;77,45626680138487
09.05.2025 09:15;64,30795702607102
09.05.2025 09:30;82,26010186619295
09.05.2025 09:45;61,444339521357044
09.05.2025 10:00;64,42571320242449
09.05.2025 10:15;57,782487043265185
09.05.2025 10:30;58,5990691866918
09.05.2025 10:45;71,65577731013965
09.05.2025 11:00;63,75628962179025
09.05.2025 11:15;67,05841933341355
09.05.2025 11:30;49,03831643170287
09.05.2025 11:45;61,66412696390759
09.05.2025 12:00;48,8925393367398
09.05.2025 12:15;45,526362314598174
09.05.2025 12:30;56,28294431821043
09.05.2025 12:45;56,568225880591044
09.05.2025 13:00;56,205868017597396
09.05.2025 13:15;62,45412937083706
09.05.2025 13:30;64,25345537554817
09.05.2025 13:45;69,70347761176993
09.05.2025 14:00;51,06653248309589
09.05.2025 14:15;69,82884368632135
09.05.2025 14:30;72,76959925763424
09.05.2025 14:45;57,3931856457677
09.05.2025 15:00;47,881568350737666
09.05.2025 15:15;49,505431837976175
09.05.2025 15:30;54,79229801588598
09.05.2025 15:45;71,28899168322184
09.05.2025 16:00;56,44260629830725
09.05.2025 16:15;51,116894022869545
09.05.2025 16:30;51,59578025520485
09.05.2025 16:45;46,89966673316347
09.05.2025 17:00;64,81701015263062
09.05.2025 17:15;59,60847919297992
09.05.2025 17:30;76,97542710240239
09.05.2025 17:45;69,48339976042958
09.05.2025 18:00;74,07377459450181
09.05.2025 18:15;69,17828909221193
09.05.2025 18:30;65,30134888902704
09.05.2025 18:45;69,08875587589029
09.05.2025 19:00;66,76986507022069
09.05.2025 19:15;83,96062346848696
09.05.2025 19:30;75,2905201133838
09.05.2025 19:45;84,50397840858231
09.05.2025 20:00;78,3767794335966
09.05.2025 20:15;74,52104853651277
09.05.2025 20:30;67,13010045556084
09.05.2025 20:45;75,98865586935112
09.05.2025 21:00;70,78515537478567
09.05.2025 21:15;76,98648937719405
09.05.2025 21:30;64,05547477957623
09.05.2025 21:45;71,85204877060264
09.05.2025 22:00;77,61930874591359
09.05.2025 22:15;66,7740473279086
09.05.2025 22:30;69,24588938969433
09.05.2025 22:45;66,78752299912153
09.05.2025 23:00;75,25503217303283
09.05.2025 23:15;63,892676530415045
09.05.2025 23:30;65,64103670414804
09.05.2025 23:45;60,048004363349776
10.05.2025 00:00;49,35984563381894
10.05.2025 00:15;46,325895395096424
10.05.2025 00:30;63,65561420720337
10.05.2025 00:45;47,73484054569227
10.05.2025 01:00;60,02384122396565
10.05.2025 01:15;57,72899648260495
10.05.2025 01:30;61,262070077105705
10.05.2025 01:45;51,26446380331202
10.05.2025 02:00;49,374738389139864
10.05.2025 02:15;57,61759521006595
10.05.2025 02:30;53,003678290214225
10.05.2025 02:45;46,542078996165465
10.05.2025 03:00;68,87346183192702
10.05.2025 03:15;49,9517304954702
10.05.2025 03:30;48,77582495278905
10.05.2025 03:45;54,336537470281016
10.05.2025 04:00;65,1705732150216
10.05.2025 04:15;41,67845401695716
10.05.2025 04:30;65,56090713613507
10.05.2025 04:45;51,60084734479379
10.05.2025 05:00;60,52404612162514
10.05.2025 05:15;54,70383175618147
10.05.2025 05:30;74,17716302285919
10.05.2025 05:45;61,92777115545046
10.05.2025 06:00;56,8980021998535
10.05.2025 06:15;60,45037301586211
10.05.2025 06:30;63,741273229536034
10.05.2025 06:45;64,89412072270329
10.05.2025 07:00;67,10195536215136
10.05.2025 07:15;64,35480543773483
10.05.2025 07:30;55,239930840852765
10.05.2025 07:45;62,7638152946666
10.05.2025 08:00;69,73747991963108
10.05.2025 08:15;61,100271407796626
10.05.2025 08:30;69,71793005802773
10.05.2025 08:45;65,11908328747307
10.05.2025 09:00;63,06403835635584
10.05.2025 09:15;72,19348497301047
10.05.2025 09:30;50,95889725974966
10.05.2025 09:45;57,272995356950936
10.05.2025 10:00;69,7764792272088
10.05.2025 10:15;73,0048169015084
10.05.2025 10:30;74,93528172631429
10.05.2025 10:45;58,393175556094164
10.05.2025 11:00;60,14830378343124
10.05.2025 11:15;61,387654835969464
10.05.2025 11:30;63,192897104943434
10.05.2025 11:45;56,16786931303136
10.05.2025 12:00;58,609665334531954
10.05.2025 12:15;55,27914466497926
10.05.2025 12:30;54,726402792363025
10.05.2025 12:45;45,22560388333143
10.05.2025 13:00;49,87268963172384
10.05.2025 13:15;49,41055877882546
10.05.2025 13:30;45,89269225434516
10.05.2025 13:45;43,46764368219711
10.05.2025 14:00;52,06033978876678
10.05.2025 14:15;53,900879503004546
10.05.2025 14:30;56,53541144250202
10.05.2025 14:45;59,46266890645865
10.05.2025 15:00;57,40382366318342
10.05.2025 15:15;53,39494804564089
10.05.2025 15:30;48,10168954507783
10.05.2025 15:45;60,268795484072655
10.05.2025 16:00;51,923491609122365
10.05.2025 16:15;49,23320979298838
10.05.2025 16:30;51,28620617772593
10.05.2025 16:45;48,5277719830225
10.05.2025 17:00;51,44303534373643
10.05.2025 17:15;53,178488117409934
10.05.2025 17:30;57,307380359783394
10.05.2025 17:45;66,9137549467915
10.05.2025 18:00;67,59305176011486
10.05.2025 18:15;78,42360461274984
10.05.2025 18:30;78,14466449051162
10.05.2025 18:45;85,15119066508814
10.05.2025 19:00;76,45154131559677
10.05.2025 19:15;77,63055861564969
10.05.2025 19:30;70,48702889449592
10.05.2025 19:45;79,65873354261406
10.05.2025 20:00;68,69615893840621
10.05.2025 20:15;62,06880258316996
10.05.2025 20:30;81,79745628193926
10.05.2025 20:45;60,93213950319641
10.05.2025 21:00;71,14649793997131
10.05.2025 21:15;60,294785905315074
10.05.2025 21:30;72,73554715211432
10.05.2025 21:45;72,16546853838432
10.05.2025 22:00;65,62313876618418
10.05.2025 22:15;69,37623317349002
10.05.2025 22:30;59,585733033185086
10.05.2025 22:45;74,2090383235269
10.05.2025 23:00;62,97707269772659
10.05.2025 23:15;50,77341694305845
10.05.2025 23:30;57,0140959850745
10.05.2025 23:45;55,01994666132206
11.05.2025 00:00;52,535688919466395
11.05.2025 00:15;42,691242544501925
11.05.2025 00:30;57,00328950378263
11.05.2025 00:45;44,601177237437945
11.05.2025 01:00;36,6330307067567
11.05.2025 01:15;51,91687652698725
11.05.2025 01:30;49,05440903402168
11.05.2025 01:45;48,344780817877435
11.05.2025 02:00;32,69626808289546
11.05.2025 02:15;48,52118415662807
11.05.2025 02:30;53,342668891389664
11.05.2025 02:45;50,22829171666852
11.05.2025 03:00;57,52328071424967
11.05.2025 03:15;64,74830414146872
11.05.2025 03:30;58,85391796340215
11.05.2025 03:45;62,72433985118232
11.05.2025 04:00;63,67254200338711
11.05.2025 04:15;49,22166589428725
11.05.2025 04:30;59,95361662784205
11.05.2025 04:45;64,45535527347793
11.05.2025 05:00;55,12873803945977
11.05.2025 05:15;53,40886891668236
11.05.2025 05:30;63,44442650600064
11.05.2025 05:45;50,139340818502696
11.05.2025 06:00;53,66149832332686
11.05.2025 06:15;57,24914340941269
11.05.2025 06:30;65,59462010237355
11.05.2025 06:45;64,39700776094946
11.05.2025 07:00;70,4623684029735
11.05.2025 07:15;57,10087278970356
11.05.2025 07:30;57,11561720523665
11.05.2025 07:45;68,2721905599732
11.05.2025 08:00;59,09598561164952
11.05.2025 08:15;60,857221379237956
11.05.2025 08:30;51,710662807644994
11.05.2025 08:45;65,8110553655326
11.05.2025 09:00;74,0682469377148
11.05.2025 09:15;55,2860823696381
11.05.2025 09:30;69,37991789449623
11.05.2025 09:45;61,22731163630886
11.05.2025 10:00;48,0789447516388
11.05.2025 10:15;53,07649014568362
11.05.2025 10:30;51,67864523847568
11.05.2025 10:45;54,789502282003696
11.05.2025 11:00;59,27788883146673
11.05.2025 11:15;67,67166671901252
11.05.2025 11:30;43,736037154166524
11.05.2025 11:45;48,32582926780729
11.05.2025 12:00;44,26674909974151
11.05.2025 12:15;41,08074622754012
11.05.2025 12:30;50,33951164018769
11.05.2025 12:45;50,38943106656344
11.05.2025 13:00;38,89241391818644
11.05.2025 13:15;52,04948753959056
11.05.2025 13:30;45,13944508732321
11.05.2025 13:45;54,33621108711585
11.05.2025 14:00;64,2710277276117
11.05.2025 14:15;58,505783364638724
11.05.2025 14:30;56,484140061428946
11.05.2025 14:45;51,76611551838846
11.05.2025 15:00;54,93586644047859
11.05.2025 15:15;58,33290002400172
11.05.2025 15:30;56,025443532091245
11.05.2025 15:45;51,13563785028335
11.05.2025 16:00;52,0543723972936
11.05.2025 16:15;40,49109071444417
11.05.2025 16:30;44,376265103894156
11.05.2025 16:45;54,64404615828896
11.05.2025 17:00;58,127297840984774
11.05.2025 17:15;54,90604183510639
11.05.2025 17:30;66,87739340999825
11.05.2025 17:45;62,88708927976396
11.05.2025 18:00;60,57083865457677
11.05.2025 18:15;56,57899033391437
11.05.2025 18:30;77,88831319130797
11.05.2025 18:45;75,13395608868584
11.05.2025 19:00;83,96292990687871
11.05.2025 19:15;87,71879559917164
11.05.2025 19:30;64,00053304229706
11.05.2025 19:45;64,08753331204612
11.05.2025 20:00;52,62234681642759
11.05.2025 20:15;78,16546217644066
11.05.2025 20:30;75,17223260978886
11.05.2025 20:45;69,8432796782466
11.05.2025 21:00;58,993023626269775
11.05.2025 21:15;65,34120425004419
11.05.2025 21:30;65,64990420255718
11.05.2025 21:45;68,3119902510754
11.05.2025 22:00;63,33789446041065
11.05.2025 22:15;64,80638121702655
11.05.2025 22:30;58,17354935790065
11.05.2025 22:45;66,34828076015307
11.05.2025 23:00;61,68411855031209
11.05.2025 23:15;48,276838310450295
11.05.2025 23:30;65,75948354239098
11.05.2025 23:45;64,17455344876525
12.05.2025 00:00;60,79777886946931
12.05.2025 00:15;59,507039456277326
12.05.2025 00:30;69,1563170563954
12.05.2025 00:45;46,119056407685996
12.05.2025 01:00;66,25025172039965
12.05.2025 01:15;54,24232350639863
12.05.2025 01:30;65,26270511420874
12.05.2025 01:45;58,468969218078314
12.05.2025 02:00;48,96825595316514
12.05.2025 02:15;54,25224399961827
12.05.2025 02:30;64,96106384132904
12.05.2025 02:45;56,44671250967076
12.05.2025 03:00;53,712275459018315
12.05.2025 03:15;53,853273579143334
12.05.2025 03:30;62,985876218821154
12.05.2025 03:45;71,04482338501687
12.05.2025 04:00;44,17326996296269
12.05.2025 04:15;79,20928077672595
12.05.2025 04:30;61,556835763440304
12.05.2025 04:45;64,80162112858017
12.05.2025 05:00;58,37742753733598
12.05.2025 05:15;62,16951309518892
12.05.2025 05:30;64,33282975007079
12.05.2025 05:45;56,45602001342165
12.05.2025 06:00;58,8850185503127
12.05.2025 06:15;73,42583880670075
12.05.2025 06:30;54,79772692663274
12.05.2025 06:45;69,3913775375115
12.05.2025 07:00;64,05317202909612
12.05.2025 07:15;60,017209078275144
12.05.2025 07:30;81,21987140885406
12.05.2025 07:45;61,23310394380689
12.05.2025 08:00;60,23629045325349
12.05.2025 08:15;66,73525909089064
12.05.2025 08:30;62,46731110117236
12.05.2025 08:45;67,50493091146292
12.05.2025 09:00;67,98623667511585
12.05.2025 09:15;67,94632856340841
12.05.2025 09:30;64,79040189645696
12.05.2025 09:45;59,03713100436679
12.05.2025 10:00;68,05168644788415
12.05.2025 10:15;61,58540207353029
12.05.2025 10:30;58,36202309723871
12.05.2025 10:45;71,08726554083987
12.05.2025 11:00;58,89794337484571
12.05.2025 11:15;66,75300136128999
12.05.2025 11:30;65,7936968482048
12.05.2025 11:45;64,91656490687302
12.05.2025 12:00;59,58913005472534
12.05.2025 12:15;53,47397350277075
12.05.2025 12:30;51,94247456921745
12.05.2025 12:45;51,94240401538236
12.05.2025 13:00;39,09619367800042
12.05.2025 13:15;60,79520762801336
12.05.2025 13:30;58,2065485496948
12.05.2025 13:45;63,56412147729172
12.05.2025 14:00;56,82256192369551
12.05.2025 14:15;62,54073009268272
12.05.2025 14:30;48,98685298651932
12.05.2025 14:45;50,08186523466227
12.05.2025 15:00;40,725286644905154
12.05.2025 15:15;56,89980808916177
12.05.2025 15:30;51,557798822854636
12.05.2025 15:45;49,311581067879196
12.05.2025 16:00;56,284111282012276
12.05.2025 16:15;50,060431599026636
12.05.2025 16:30;43,20827887669395
12.05.2025 16:45;71,4809009381949
12.05.2025 17:00;54,72043931452214
12.05.2025 17:15;49,523378390163316
12.05.2025 17:30;54,83957354325507
12.05.2025 17:45;61,31238202556808
12.05.2025 18:00;64,73428066762621
12.05.2025 18:15;77,42523651124921
12.05.2025 18:30;70,66042819827652
12.05.2025 18:45;86,0750017788862
12.05.2025 19:00;71,79161674347027
12.05.2025 19:15;78,90538145932065
12.05.2025 19:30;83,69651205736076
12.05.2025 19:45;84,75370469497277
12.05.2025 20:00;85,17257026780176
12.05.2025 20:15;73,08181058440867
12.05.2025 20:30;73,75094719895941
12.05.2025 20:45;55,071504275736324
12.05.2025 21:00;69,46765851959229
12.05.2025 21:15;76,85408649298256
12.05.2025 21:30;73,88561947806312
12.05.2025 21:45;65,47829911741933
12.05.2025 22:00;76,57176054123205
12.05.2025 22:15;60,72253354324344
12.05.2025 22:30;57,28028506072839
12.05.2025 22:45;58,05157373766042
12.05.2025 23:00;52,65555121592389
12.05.2025 23:15;64,19293340884953
12.05.2025 23:30;61,30511203162625
12.05.2025 23:45;63,116207295939354
13.05.2025 00:00;53,66303486707191
13.05.2025 00:15;56,15968188648196
13.05.2025 00:30;41,32128223087642
13.05.2025 00:45;59,21000255125951
13.05.2025 01:00;57,2777474578913
13.05.2025 01:15;48,89625398645649
13.05.2025 01:30;55,88803748522153
13.05.2025 01:45;54,84557039389551
13.05.2025 02:00;69,04309888256691
13.05.2025 02:15;49,32417111346514
13.05.2025 02:30;59,15312080172586
13.05.2025 02:45;49,30696643065301
13.05.2025 03:00;53,181736474044826
13.05.2025 03:15;59,21238788004575
13.05.2025 03:30;56,034780547634504
13.05.2025 03:45;57,77261940103389
13.05.2025 04:00;60,51268553553212
13.05.2025 04:15;55,1728398674247
13.05.2025 04:30;65,34381512480712
13.05.2025 04:45;57,625871199316805
13.05.2025 05:00;59,77254875699149
13.05.2025 05:15;63,74779997035952
13.05.2025 05:30;63,61203786076658
13.05.2025 05:45;67,29801081563835
13.05.2025 06:00;65,78698938527609
13.05.2025 06:15;67,55815069132264
13.05.2025 06:30;62,61372522139248
13.05.2025 06:45;57,883502138149495
13.05.2025 07:00;55,90918529549048
13.05.2025 07:15;54,34685832790016
13.05.2025 07:30;78,70123086395675
13.05.2025 07:45;51,623115112820386
13.05.2025 08:00;75,67335190560927
13.05.2025 08:15;61,704885268776266
13.05.2025 08:30;75,45120931714375
13.05.2025 08:45;51,03160646019068
13.05.2025 09:00;64,71105901289155
13.05.2025 09:15;75,28333759054456
13.05.2025 09:30;69,33926230637515
13.05.2025 09:45;61,415135661361504
13.05.2025 10:00;49,8875368440215
13.05.2025 10:15;52,8215844437154
13.05.2025 10:30;70,13032525736651
13.05.2025 10:45;58,31512599780169
13.05.2025 11:00;58,29756641277422
13.05.2025 11:15;59,796424200740326
13.05.2025 11:30;46,57852095469351
13.05.2025 11:45;57,70401431247472
13.05.2025 12:00;50,23914692593813
13.05.2025 12:15;54,33823420267393
13.05.2025 12:30;47,62471888733208
13.05.2025 12:45;42,11518232627669
13.05.2025 13:00;50,9528939545316
13.05.2025 13:15;60,2326476846124
13.05.2025 13:30;58,23398239502066
13.05.2025 13:45;57,05117775802021
13.05.2025 14:00;63,44970101493213
13.05.2025 14:15;55,844173193170185
13.05.2025 14:30;58,50685164591383
13.05.2025 14:45;54,171675989085706
13.05.2025 15:00;63,81396160988047
13.05.2025 15:15;58,9004747316758
13.05.2025 15:30;52,71886587161443
13.05.2025 15:45;44,540687025739885
13.05.2025 16:00;61,35558822965744
13.05.2025 16:15;48,58859954713209
13.05.2025 16:30;54,03536083955748
13.05.2025 16:45;70,18206207997565
13.05.2025 17:00;60,96963204102717
13.05.2025 17:15;68,6967937914938
13.05.2025 17:30;55,870973085007584
13.05.2025 17:45;70,25612212264151
13.05.2025 18:00;65,75843911620211
13.05.2025 18:15;70,48191455450694
13.05.2025 18:30;84,96290489823018
13.05.2025 18:45;70,91453327941049
13.05.2025 19:00;74,31553426633221
13.05.2025 19:15;68,81601779306848
13.05.2025 19:30;81,87445992705052
13.05.2025 19:45;71,68428719644238
13.05.2025 20:00;82,03719093405826
13.05.2025 20:15;62,53734949369023
13.05.2025 20:30;76,74797713409846
13.05.2025 20:45;66,92216392919751
13.05.2025 21:00;74,98481027207103
13.05.2025 21:15;68,14491343086176
13.05.2025 21:30;62,88456893548557
13.05.2025 21:45;62,4019688668496
13.05.2025 22:00;57,749243560803535
13.05.2025 22:15;68,29926204139477
13.05.2025 22:30;53,97697960338145
13.05.2025 22:45;58,483332633607084
13.05.2025 23:00;61,953660668185684
13.05.2025 23:15;70,15480708555606
13.05.2025 23:30;58,24482636461495
13.05.2025 23:45;56,172954286050576
14.05.2025 00:00;57,31658334506459
14.05.2025 00:15;40,889449590797746
14.05.2025 00:30;47,01719974856575
14.05.2025 00:45;52,78636455859503
14.05.2025 01:00;50,43257957600719
14.05.2025 01:15;44,23162095086887
14.05.2025 01:30;61,46259712666282
14.05.2025 01:45;57,30631897394994
14.05.2025 02:00;56,51227842715404
14.05.2025 02:15;50,73162819094117
14.05.2025 02:30;56,22639466096661
14.05.2025 02:45;59,380997474150966
14.05.2025 03:00;54,07008456387577
14.05.2025 03:15;59,224167237544705
14.05.2025 03:30;50,77940446956249
14.05.2025 03:45;57,33445894411879
14.05.2025 04:00;65,01862511705305
14.05.2025 04:15;66,09031114950889
14.05.2025 04:30;67,2854173744087
14.05.2025 04:45;60,60071466867247
14.05.2025 05:00;59,514241030525724
14.05.2025 05:15;56,9142000134667
14.05.2025 05:30;48,20625756920033
14.05.2025 05:45;52,274368692384094
14.05.2025 06:00;61,224946460783435
14.05.2025 06:15;62,257130815087024
14.05.2025 06:30;73,56869922058269
14.05.2025 06:45;73,23324062824973
14.05.2025 07:00;59,67095942258504
14.05.2025 07:15;70,52004903261422
14.05.2025 07:30;61,59390354520697
14.05.2025 07:45;70,41227921330683
14.05.2025 08:00;71,47310827141692
14.05.2025 08:15;74,97388430851106
14.05.2025 08:30;61,85517475945705
14.05.2025 08:45;72,13015732212025
14.05.2025 09:00;51,510484721997685
14.05.2025 09:15;72,89659781816543
14.05.2025 09:30;63,460359444208464
14.05.2025 09:45;62,072549363434746
14.05.2025 10:00;47,307545350007466
14.05.2025 10:15;57,821722348560854
14.05.2025 10:30;69,15504705353409
14.05.2025 10:45;55,70483072289562
14.05.2025 11:00;62,070568793983746
14.05.2025 11:15;56,108616877129066
14.05.2025 11:30;61,682204911104655
14.05.2025 11:45;54,330539801766086
14.05.2025 12:00;44,91035055114822
14.05.2025 12:15;51,31169245288731
14.05.2025 12:30;60,98584694854141
14.05.2025 12:45;55,51503340332293
14.05.2025 13:00;51,25268507824576
14.05.2025 13:15;68,98015797947366
14.05.2025 13:30;63,104073651429815
14.05.2025 13:45;60,0821985978511
14.05.2025 14:00;57,52054286137659
14.05.2025 14:15;60,74962925999915
14.05.2025 14:30;61,57654301023503
14.05.2025 14:45;41,116573254547326
14.05.2025 15:00;58,92809793523259
14.05.2025 15:15;54,16212085580946
14.05.2025 15:30;50,32935413417514
14.05.2025 15:45;51,50351650606521
14.05.2025 16:00;41,02238031964728
14.05.2025 16:15;37,85516909019403
14.05.2025 16:30;59,028950276138275
14.05.2025 16:45;54,27803278120315
14.05.2025 17:00;35,5892982968161
14.05.2025 17:15;50,84578796548899
14.05.2025 17:30;63,83576434543175
14.05.2025 17:45;58,62123376565119
14.05.2025 18:00;72,43638441484265
14.05.2025 18:15;73,58390373647238
14.05.2025 18:30;59,35669836461681
14.05.2025 18:45;70,0303042520506
14.05.2025 19:00;69,81573040661138
14.05.2025 19:15;64,07454050742244
14.05.2025 19:30;63,918569324608306
14.05.2025 19:45;68,60927504473273
14.05.2025 20:00;69,23427599945218
14.05.2025 20:15;74,9200555827079
14.05.2025 20:30;78,95683804851032
14.05.2025 20:45;73,86922454081397
14.05.2025 21:00;73,95342108858883
14.05.2025 21:15;65,21058143761101
14.05.2025 21:30;69,69044907451585
14.05.2025 21:45;62,906767672511755
14.05.2025 22:00;59,449161337106545
14.05.2025 22:15;74,55196075508016
14.05.2025 22:30;43,841615712188876
14.05.2025 22:45;46,077259382247156
14.05.2025 23:00;61,053388247865605
14.05.2025 23:15;55,842975326351294
14.05.2025 23:30;47,088532478351205
14.05.2025 23:45;49,32575809233529
15.05.2025 00:00;47,62872683431586
15.05.2025 00:15;60,348482983531085
15.05.2025 00:30;62,5930207939478
15.05.2025 00:45;65,58929613045446
15.05.2025 01:00;42,99871319876634
15.05.2025 01:15;44,56601737108797
15.05.2025 01:30;44,107189370082004
15.05.2025 01:45;63,20844903053469
15.05.2025 02:00;57,149421000209124
15.05.2025 02:15;54,84938888740577
15.05.2025 02:30;55,97647288834902
15.05.2025 02:45;54,08083144118828
15.05.2025 03:00;46,774790732449134
15.05.2025 03:15;58,40279921445242
15.05.2025 03:30;53,74728642585843
15.05.2025 03:45;46,948239281931684
15.05.2025 04:00;59,739563377172686
15.05.2025 04:15;53,18408789366443
15.05.2025 04:30;58,28310827074664
15.05.2025 04:45;56,42530975465181
15.05.2025 05:00;64,2310228751911
15.05.2025 05:15;60,29560068242905
15.05.2025 05:30;53,353979515638
15.05.2025 05:45;62,60636999790774
15.05.2025 06:00;63,58867151260414
15.05.2025 06:15;65,38062261957539
15.05.2025 06:30;69,61505193992902
15.05.2025 06:45;58,476364861506255
15.05.2025 07:00;67,96137855049477
15.05.2025 07:15;51,395969059679274
15.05.2025 07:30;63,28205869995583
15.05.2025 07:45;62,42102270121416
15.05.2025 08:00;74,82169702649685
15.05.2025 08:15;63,76648421704228
15.05.2025 08:30;68,72444053373948
15.05.2025 08:45;51,761922809466924
15.05.2025 09:00;61,16601977066478
15.05.2025 09:15;56,92414896072771
15.05.2025 09:30;79,67212188937079
15.05.2025 09:45;56,45696535904365
15.05.2025 10:00;61,11601146232148
15.05.2025 10:15;59,94014111621121
15.05.2025 10:30;47,567775404014085
15.05.2025 10:45;53,821752607083916
15.05.2025 11:00;59,22043236462993
15.05.2025 11:15;54,97914975229009
15.05.2025 11:30;37,22534977394302
15.05.2025 11:45;48,13799623071672
15.05.2025 12:00;57,69412664389808
15.05.2025 12:15;54,85087099507011
15.05.2025 12:30;58,348664088516
15.05.2025 12:45;42,76211054722929
15.05.2025 13:00;60,46171715071619
15.05.2025 13:15;52,28593388581789
15.05.2025 13:30;64,38161490194543
15.05.2025 13:45;53,70201875694982
15.05.2025 14:00;40,863133909987184
15.05.2025 14:15;61,38705342729759
15.05.2025 14:30;51,833091497879174
15.05.2025 14:45;52,75837465917852
15.05.2025 15:00;44,299581742212425
15.05.2025 15:15;65,88273373548773
15.05.2025 15:30;50,49017292160564
15.05.2025 15:45;63,71680193800523
15.05.2025 16:00;49,01676960551298
15.05.2025 16:15;44,01929113167026
15.05.2025 16:30;59,69316862414202
15.05.2025 16:45;50,72917841906061
15.05.2025 17:00;51,861388068923766
15.05.2025 17:15;45,42516285364796
15.05.2025 17:30;54,09388492686694
15.05.2025 17:45;63,53806472756057
15.05.2025 18:00;53,75439020968488
15.05.2025 18:15;61,83309681112453
15.05.2025 18:30;65,14357731538858
15.05.2025 18:45;70,47304968034243
15.05.2025 19:00;82,15412674280572
15.05.2025 19:15;70,32826368871822
15.05.2025 19:30;68,33644826549433
15.05.2025 19:45;92,2014899460298
15.05.2025 20:00;69,58458947072339
15.05.2025 20:15;70,32799827351664
15.05.2025 20:30;67,86206021959529
15.05.2025 20:45;67,04681982049296
15.05.2025 21:00;67,94050281964618
15.05.2025 21:15;72,22123640521866
15.05.2025 21:30;66,99578988423539
15.05.2025 21:45;70,18348961030446
15.05.2025 22:00;68,546096865224
15.05.2025 22:15;61,430546975217844
15.05.2025 22:30;61,48755932156373
15.05.2025 22:45;65,64997432037498
15.05.2025 23:00;49,294448596008934
15.05.2025 23:15;73,88375830484249
15.05.2025 23:30;52,257755138922356
15.05.2025 23:45;52,949708422594775
16.05.2025 00:00;44,228896982730504
16.05.2025 00:15;44,439707961032425
16.05.2025 00:30;59,537022651823406
16.05.2025 00:45;68,61634751043442
16.05.2025 01:00;48,76374737167179
16.05.2025 01:15;55,17973418865985
16.05.2025 01:30;54,310377254669326
16.05.2025 01:45;59,80079832016046
16.05.2025 02:00;68,37248746399274
16.05.2025 02:15;63,54744469108735
16.05.2025 02:30;51,31109345765019
16.05.2025 02:45;56,79228922422546
16.05.2025 03:00;57,63182635658878
16.05.2025 03:15;53,282591660883284
16.05.2025 03:30;45,991339424055646
16.05.2025 03:45;48,371692739444114
16.05.2025 04:00;62,36927020926932
16.05.2025 04:15;63,536393711425426
16.05.2025 04:30;53,85038870208122
16.05.2025 04:45;57,74018803525713
16.05.2025 05:00;64,98485461202347
16.05.2025 05:15;45,43778957980215
16.05.2025 05:30;55,0642612282698
16.05.2025 05:45;73,11475793283189
16.05.2025 06:00;61,83749859414783
16.05.2025 06:15;52,68205420272881
16.05.2025 06:30;61,914010992065755
16.05.2025 06:45;68,6922227087521
16.05.2025 07:00;44,239150257865575
16.05.2025 07:15;63,61226217413454
16.05.2025 07:30;60,31613128415659
16.05.2025 07:45;51,769946463666386
16.05.2025 08:00;64,36479063704724
16.05.2025 08:15;63,009872532109355
16.05.2025 08:30;62,91871608433532
16.05.2025 08:45;60,54613507454383
16.05.2025 09:00;55,149069140749084
16.05.2025 09:15;51,71517355657691
16.05.2025 09:30;56,36941991377344
16.05.2025 09:45;66,05285913064166
16.05.2025 10:00;60,89217786177052
16.05.2025 10:15;57,46820337613642
16.05.2025 10:30;49,69271565084286
16.05.2025 10:45;53,41997526141344
16.05.2025 11:00;60,13591106738613
16.05.2025 11:15;56,8073823556267
16.05.2025 11:30;49,61656109249962
16.05.2025 11:45;33,0147925369609
16.05.2025 12:00;44,955987062746416
16.05.2025 12:15;45,477155740824905
16.05.2025 12:30;43,451832458135655
16.05.2025 12:45;46,99996903574839
16.05.2025 13:00;55,83211844107767
16.05.2025 13:15;51,10560623427137
16.05.2025 13:30;59,1346043809183
16.05.2025 13:45;42,32634119209548
16.05.2025 14:00;51,19906427946905
16.05.2025 14:15;39,813489551554795
16.05.2025 14:30;50,8791034110516
16.05.2025 14:45;46,629498708610114
16.05.2025 15:00;62,8371991211976
16.05.2025 15:15;56,67096387941058
16.05.2025 15:30;59,81239443592379
16.05.2025 15:45;48,05876475014709
16.05.2025 16:00;44,73175946106018
16.05.2025 16:15;43,45012341593204
16.05.2025 16:30;53,192345923802904
16.05.2025 16:45;64,47765814073291
16.05.2025 17:00;56,33805952975509
16.05.2025 17:15;52,686683041497176
16.05.2025 17:30;56,327805853112416
16.05.2025 17:45;60,28346635703561
16.05.2025 18:00;77,15377347060078
16.05.2025 18:15;74,71546039443899
16.05.2025 18:30;69,42746847001993
16.05.2025 18:45;70,35284759484041
16.05.2025 19:00;72,90959143033481
16.05.2025 19:15;75,33689349740978
16.05.2025 19:30;69,23409283964608
16.05.2025 19:45;65,9635013597273
16.05.2025 20:00;78,51056678368249
16.05.2025 20:15;70,46342155350963
16.05.2025 20:30;75,67790603859225
16.05.2025 20:45;79,16784254498594
16.05.2025 21:00;69,65693565274562
16.05.2025 21:15;66,89874468074946
16.05.2025 21:30;85,18221307803952
16.05.2025 21:45;62,705597957796776
16.05.2025 22:00;52,21670488114605
16.05.2025 22:15;56,614742003801325
16.05.2025 22:30;68,32780490643462
16.05.2025 22:45;47,44228252763282
16.05.2025 23:00;50,418337256053974
16.05.2025 23:15;62,75390392405253
16.05.2025 23:30;52,55714294812289
16.05.2025 23:45;53,24737875784067
17.05.2025 00:00;54,80945703853721
17.05.2025 00:15;42,28065887931143
17.05.2025 00:30;37,02221050111677
17.05.2025 00:45;37,58643626307685
17.05.2025 01:00;51,39053474337352
17.05.2025 01:15;49,146086640758725
17.05.2025 01:30;42,50488898390482
17.05.2025 01:45;39,271188529769155
17.05.2025 02:00;45,53111782850482
17.05.2025 02:15;55,2998952611455
17.05.2025 02:30;41,71462623988657
17.05.2025 02:45;43,03577111276602
17.05.2025 03:00;39,485413978144486
17.05.2025 03:15;45,43497934751736
17.05.2025 03:30;50,61308878572476
17.05.2025 03:45;63,35295386086284
17.05.2025 04:00;50,44031573468031
17.05.2025 04:15;48,98513449618789
17.05.2025 04:30;55,92755999002739
17.05.2025 04:45;55,36995263182417
17.05.2025 05:00;47,144025654325134
17.05.2025 05:15;68,06528063141657
17.05.2025 05:30;52,60143208592084
17.05.2025 05:45;55,21290206710219
17.05.2025 06:00;58,17304020417957
17.05.2025 06:15;57,44851608815766
17.05.2025 06:30;66,37338535667652
17.05.2025 06:45;51,875761048099335
17.05.2025 07:00;61,90983325573129
17.05.2025 07:15;58,03959581443093
17.05.2025 07:30;64,12137971734894
17.05.2025 07:45;56,339995290556885
17.05.2025 08:00;55,66258644508322
17.05.2025 08:15;63,20770279499511
17.05.2025 08:30;59,969945718387606
17.05.2025 08:45;51,59412805920741
17.05.2025 09:00;65,89424829716688
17.05.2025 09:15;61,25631801142925
17.05.2025 09:30;54,699845404380746
17.05.2025 09:45;51,20687827763608
17.05.2025 10:00;55,7859352549199
17.05.2025 10:15;57,299062822317765
17.05.2025 10:30;40,89973923928318
17.05.2025 10:45;53,65210320547192
17.05.2025 11:00;54,17702510948008
17.05.2025 11:15;32,117776290990754
17.05.2025 11:30;47,97190456824851
17.05.2025 11:45;50,39499202526683
17.05.2025 12:00;47,2422643983418
17.05.2025 12:15;49,576790624660305
17.05.2025 12:30;40,79773995793754
17.05.2025 12:45;36,98226433848725
17.05.2025 13:00;32,45256901116798
17.05.2025 13:15;53,4790554579379
17.05.2025 13:30;52,56336877559007
17.05.2025 13:45;55,35042614200598
17.05.2025 14:00;41,8393262476813
17.05.2025 14:15;53,803284561269095
17.05.2025 14:30;37,62423373300791
17.05.2025 14:45;41,88124000815624
17.05.2025 15:00;49,16647099363634
17.05.2025 15:15;52,573459842729555
17.05.2025 15:30;59,37897655738327
17.05.2025 15:45;43,80741131250026
17.05.2025 16:00;38,63665586873135
17.05.2025 16:15;37,92025937057417
17.05.2025 16:30;39,183259702405486
17.05.2025 16:45;60,49728014205281
17.05.2025 17:00;51,69648600751627
17.05.2025 17:15;55,98505009699692
17.05.2025 17:30;49,51563010140688
17.05.2025 17:45;53,43716010067185
17.05.2025 18:00;61,66370041531801
17.05.2025 18:15;55,75839125958481
17.05.2025 18:30;59,2232585520198
17.05.2025 18:45;58,645176739015504
17.05.2025 19:00;61,84952502558652
17.05.2025 19:15;66,37858734868077
17.05.2025 19:30;60,65089348841417
17.05.2025 19:45;68,27360720790513
17.05.2025 20:00;67,7384654081538
17.05.2025 20:15;63,58600111152325
17.05.2025 20:30;57,82781666712451
17.05.2025 20:45;62,91810088147934
17.05.2025 21:00;57,08339060169264
17.05.2025 21:15;59,29822727235872
17.05.2025 21:30;65,05104797842007
17.05.2025 21:45;47,06951973228576
17.05.2025 22:00;69,64858038650007
17.05.2025 22:15;52,659296978666994
17.05.2025 22:30;54,93253033373322
17.05.2025 22:45;45,81584684007625
17.05.2025 23:00;58,264678824092314
17.05.2025 23:15;48,713174488294165
17.05.2025 23:30;46,28330276929586
17.05.2025 23:45;44,57413760992306
18.05.2025 00:00;44,02903951019696
18.05.2025 00:15;48,839474762658035
18.05.2025 00:30;47,12473888928375
18.05.2025 00:45;45,64225632044121
18.05.2025 01:00;40,95075810695595
18.05.2025 01:15;40,56058405956686
18.05.2025 01:30;42,739370991900536
18.05.2025 01:45;49,217296253642616
18.05.2025 02:00;50,673585228038235
18.05.2025 02:15;51,67622002877685
18.05.2025 02:30;46,16772005501822
18.05.2025 02:45;48,97212924595725
18.05.2025 03:00;45,25254640848728
18.05.2025 03:15;34,423420027832506
18.05.2025 03:30;45,347684717031434
18.05.2025 03:45;44,532119777155465
18.05.2025 04:00;40,25516510703591
18.05.2025 04:15;44,00175839567591
18.05.2025 04:30;49,445280041266834
18.05.2025 04:45;41,176352662315445
18.05.2025 05:00;44,82478944807976
18.05.2025 05:15;61,39937435868617
18.05.2025 05:30;40,14471189111595
18.05.2025 05:45;50,925480888712336
18.05.2025 06:00;44,72689806326596
18.05.2025 06:15;48,458760660590286
18.05.2025 06:30;52,94291873997663
18.05.2025 06:45;48,03615233606058
18.05.2025 07:00;59,1581947560609
18.05.2025 07:15;65,0228206153732
18.05.2025 07:30;61,94086217005267
18.05.2025 07:45;63,84907445361653
18.05.2025 08:00;47,082478955383685
18.05.2025 08:15;55,28247698863886
18.05.2025 08:30;59,49178000244914
18.05.2025 08:45;61,93852064303094
18.05.2025 09:00;67,67974846577319
18.05.2025 09:15;62,871245295912885
18.05.2025 09:30;60,59540336918016
18.05.2025 09:45;71,45928495570539
18.05.2025 10:00;52,58920935668269
18.05.2025 10:15;48,932559603856355
18.05.2025 10:30;52,109934504957096
18.05.2025 10:45;42,8765180482371
18.05.2025 11:00;48,42580631221843
18.05.2025 11:15;35,623652347781686
18.05.2025 11:30;42,146199034552254
18.05.2025 11:45;43,67823694880254
18.05.2025 12:00;50,224911505922286
18.05.2025 12:15;51,218853261701966
18.05.2025 12:30;35,96857232336108
18.05.2025 12:45;57,75643462934519
18.05.2025 13:00;45,057021908203815
18.05.2025 13:15;46,74178103468875
18.05.2025 13:30;34,378454255933434
18.05.2025 13:45;41,69638061699082
18.05.2025 14:00;53,570643035330555
18.05.2025 14:15;48,025958904043044
18.05.2025 14:30;47,90273514551404
18.05.2025 14:45;48,722070682007384
18.05.2025 15:00;37,76746658353968
18.05.2025 15:15;46,00548164514133
18.05.2025 15:30;56,10532361702038
18.05.2025 15:45;53,061496290205504
18.05.2025 16:00;43,59070691530176
18.05.2025 16:15;56,01111286095339
18.05.2025 16:30;36,47133460980511
18.05.2025 16:45;38,70725026514877
18.05.2025 17:00;60,1341367773907
18.05.2025 17:15;53,111959715849416
18.05.2025 17:30;49,583990122374104
18.05.2025 17:45;53,56028119238797
18.05.2025 18:00;50,8587144981904
18.05.2025 18:15;60,974835924697985
18.05.2025 18:30;62,684932554196486
18.05.2025 18:45;63,43065039762785
18.05.2025 19:00;56,057136781050986
18.05.2025 19:15;66,76705771270385
18.05.2025 19:30;61,554090689526426
18.05.2025 19:45;58,285322023467295
18.05.2025 20:00;73,33759414605031
18.05.2025 20:15;78,68529083810394
18.05.2025 20:30;75,82513613331481
18.05.2025 20:45;65,37771792437118
18.05.2025 21:00;57,36349400211057
18.05.2025 21:15;57,09281093830901
18.05.2025 21:30;58,816007943930465
18.05.2025 21:45;51,511002677884186
18.05.2025 22:00;62,278482842201726
18.05.2025 22:15;37,52950605397993
18.05.2025 22:30;48,59221293157826
18.05.2025 22:45;55,30523430933885
18.05.2025 23:00;42,96571683944056
18.05.2025 23:15;46,524153929302535
18.05.2025 23:30;51,81027124469101
18.05.2025 23:45;57,84326290121517
19.05.2025 00:00;39,549343838653556
19.05.2025 00:15;39,0329502107996
19.05.2025 00:30;41,99128086308677
19.05.2025 00:45;37,85695162175193
19.05.2025 01:00;38,36448696782034
19.05.2025 01:15;41,83459811627472
19.05.2025 01:30;57,29837393077653
19.05.2025 01:45;46,50925666513225
19.05.2025 02:00;48,95581996383759
19.05.2025 02:15;42,1070889763074
19.05.2025 02:30;53,31117595833789
19.05.2025 02:45;62,11597197745782
19.05.2025 03:00;42,91672027748765
19.05.2025 03:15;61,39117268495016
19.05.2025 03:30;52,10857104907808
19.05.2025 03:45;49,97587877277664
19.05.2025 04:00;53,0277764874119
19.05.2025 04:15;53,40563124181058
19.05.2025 04:30;64,19779919776863
19.05.2025 04:45;55,449053407958985
19.05.2025 05:00;56,286466069073164
19.05.2025 05:15;50,3113035618633
19.05.2025 05:30;59,9279601212304
19.05.2025 05:45;48,164872673836086
19.05.2025 06:00;56,38858214758721
19.05.2025 06:15;76,505367772163
19.05.2025 06:30;39,321682360237794
19.05.2025 06:45;59,009506304564134
19.05.2025 07:00;59,602275334530056
19.05.2025 07:15;56,380154900665914
19.05.2025 07:30;57,09849385916857
19.05.2025 07:45;59,62098334763941
19.05.2025 08:00;57,6442861610145
19.05.2025 08:15;60,99961333930595
19.05.2025 08:30;55,90977293463906
19.05.2025 08:45;72,47290956024074
19.05.2025 09:00;55,712778357666494
19.05.2025 09:15;60,905108517353796
19.05.2025 09:30;52,3043930517925
19.05.2025 09:45;62,05093597918261
19.05.2025 10:00;59,484170086502246
19.05.2025 10:15;56,85864887783647
19.05.2025 10:30;45,592680996520016
19.05.2025 10:45;47,23134768088782
19.05.2025 11:00;62,38419943331326
19.05.2025 11:15;44,405129196148856
19.05.2025 11:30;52,36878650941162
19.05.2025 11:45;40,51328702586702
19.05.2025 12:00;52,0946488195564
19.05.2025 12:15;39,19697031359209
19.05.2025 12:30;37,88040977669078
19.05.2025 12:45;40,443907605917715
19.05.2025 13:00;43,05166086416552
19.05.2025 13:15;50,07142478975964
19.05.2025 13:30;48,686216581831225
19.05.2025 13:45;41,50601296564174
19.05.2025 14:00;48,58620782807321
19.05.2025 14:15;41,45834083249403
19.05.2025 14:30;54,448964162715285
19.05.2025 14:45;55,62591982984944
19.05.2025 15:00;48,89938663214579
19.05.2025 15:15;50,602251122250614
19.05.2025 15:30;60,27469264981544
19.05.2025 15:45;45,453407645444734
19.05.2025 16:00;39,41163715243788
19.05.2025 16:15;48,98611419419591
19.05.2025 16:30;36,92890124452684
19.05.2025 16:45;44,28095693137063
19.05.2025 17:00;42,78233638684453
19.05.2025 17:15;44,47042185374729
19.05.2025 17:30;49,891594498792486
19.05.2025 17:45;60,77157533686676
19.05.2025 18:00;65,77105222744562
19.05.2025 18:15;66,48204926493877
19.05.2025 18:30;65,47014201059423
19.05.2025 18:45;62,92979313072225
19.05.2025 19:00;49,532208611781584
19.05.2025 19:15;69,74918624951945
19.05.2025 19:30;51,765130578402015
19.05.2025 19:45;54,15220522838978
19.05.2025 20:00;65,83736746432736
19.05.2025 20:15;68,06455244267265
19.05.2025 20:30;61,72849947353751
19.05.2025 20:45;74,23613491673385
19.05.2025 21:00;65,15975448428162
19.05.2025 21:15;58,53714804262421
19.05.2025 21:30;68,37938983906305
19.05.2025 21:45;68,10695850115708
19.05.2025 22:00;59,333151398763576
19.05.2025 22:15;49,05122301907316
19.05.2025 22:30;49,5088269154341
19.05.2025 22:45;42,268990997010185
19.05.2025 23:00;51,283344334891645
19.05.2025 23:15;43,55333420053158
19.05.2025 23:30;48,0496720697089
19.05.2025 23:45;51,738009396432666
20.05.2025 00:00;33,5584576784517
20.05.2025 00:15;38,60078910409697
20.05.2025 00:30;43,903062152780386
20.05.2025 00:45;47,08951735290886
20.05.2025 01:00;44,009406916195886
20.05.2025 01:15;45,58710733909499
20.05.2025 01:30;42,558115078837695
20.05.2025 01:45;37,38550185761518
20.05.2025 02:00;43,83044513766147
20.05.2025 02:15;46,140665457736525
20.05.2025 02:30;45,54119206630409
20.05.2025 02:45;48,6057015728656
20.05.2025 03:00;50,899897817751985
20.05.2025 03:15;52,92752403436572
20.05.2025 03:30;43,960250876985434
20.05.2025 03:45;37,66476300897918
20.05.2025 04:00;57,965590579897466
20.05.2025 04:15;52,20757351698111
20.05.2025 04:30;43,352938164770364
20.05.2025 04:45;52,588950039315876
20.05.2025 05:00;58,81218536262524
20.05.2025 05:15;64,2039387573617
20.05.2025 05:30;54,6665297688737
20.05.2025 05:45;61,131698118756056
20.05.2025 06:00;46,04654702835959
20.05.2025 06:15;54,96056220407723
20.05.2025 06:30;53,47599973187705
20.05.2025 06:45;58,75621395361611
20.05.2025 07:00;67,94839482764823
20.05.2025 07:15;58,808886798527375
20.05.2025 07:30;50,931271916902894
20.05.2025 07:45;49,11712530892782
20.05.2025 08:00;69,59877937580409
20.05.2025 08:15;61,86551363819936
20.05.2025 08:30;61,135714902550674
20.05.2025 08:45;55,01672916965942
20.05.2025 09:00;58,35096038980731
20.05.2025 09:15;49,65262095630985
20.05.2025 09:30;58,020196313288004
20.05.2025 09:45;46,97534060488177
20.05.2025 10:00;51,14433370738201
20.05.2025 10:15;47,75473831453918
20.05.2025 10:30;28,827939925615617
20.05.2025 10:45;48,32281662733898
20.05.2025 11:00;43,60745286304253
20.05.2025 11:15;46,97423057707382
20.05.2025 11:30;47,24014141768261
20.05.2025 11:45;58,47889142867189
20.05.2025 12:00;46,85432658476893
20.05.2025 12:15;46,08045207894513
20.05.2025 12:30;47,482185189375734
20.05.2025 12:45;50,70785391236506
20.05.2025 13:00;48,96951357188725
20.05.2025 13:15;48,011701481109334
20.05.2025 13:30;51,7074273328659
20.05.2025 13:45;30,403586864020912
20.05.2025 14:00;62,11521971487238
20.05.2025 14:15;59,291231518861494
20.05.2025 14:30;49,8240665422401
20.05.2025 14:45;38,59460640359045
20.05.2025 15:00;57,03277741686998
20.05.2025 15:15;43,45571391657451
20.05.2025 15:30;50,3264059294594
20.05.2025 15:45;37,581119153554354
20.05.2025 16:00;61,33695589574327
20.05.2025 16:15;34,82272265381016
20.05.2025 16:30;45,583843413209856
20.05.2025 16:45;31,528034915879786
20.05.2025 17:00;46,89310574783966
20.05.2025 17:15;46,57836932153863
20.05.2025 17:30;60,213241925171126
20.05.2025 17:45;51,46124093712326
20.05.2025 18:00;65,25700595448274
20.05.2025 18:15;53,024337105648634
20.05.2025 18:30;59,984410209250726
20.05.2025 18:45;62,164383573950246
20.05.2025 19:00;68,93231247036434
20.05.2025 19:15;68,73630789785298
20.05.2025 19:30;71,7146594680251
20.05.2025 19:45;68,40852175622294
20.05.2025 20:00;70,63518614333452
20.05.2025 20:15;58,716203345977895
20.05.2025 20:30;66,49535151066878
20.05.2025 20:45;73,59342363424058
20.05.2025 21:00;49,001903214100224
20.05.2025 21:15;62,543982090006466
20.05.2025 21:30;62,25018502701931
20.05.2025 21:45;66,21697606917225
20.05.2025 22:00;59,665075436134366
20.05.2025 22:15;54,017744591148606
20.05.2025 22:30;55,20873865981851
20.05.2025 22:45;46,088403504696174
20.05.2025 23:00;47,70199234565303
20.05.2025 23:15;40,39121077139136
20.05.2025 23:30;59,5999084131561
20.05.2025 23:45;51,90241486636447
21.05.2025 00:00;40,05580817069864
21.05.2025 00:15;48,37065394287538
21.05.2025 00:30;54,59060972707966
21.05.2025 00:45;53,430932432643424
21.05.2025 01:00;39,9973494426895
21.05.2025 01:15;24,568038368134467
21.05.2025 01:30;49,293305266482925
21.05.2025 01:45;40,34739054789959
21.05.2025 02:00;50,95417034175853
21.05.2025 02:15;53,30891507109401
21.05.2025 02:30;54,533531790183176
21.05.2025 02:45;59,06049076363181
21.05.2025 03:00;55,6463114714584
21.05.2025 03:15;59,42645946806885
21.05.2025 03:30;57,07270634870415
21.05.2025 03:45;57,98304087506451
21.05.2025 04:00;47,80251626520448
21.05.2025 04:15;39,508344309568514
21.05.2025 04:30;66,43564362485648
21.05.2025 04:45;50,109862410872736
21.05.2025 05:00;58,961355898059686
21.05.2025 05:15;47,27203490950819
21.05.2025 05:30;58,672181098412125
21.05.2025 05:45;35,63866134544571
21.05.2025 06:00;50,706014287691424
21.05.2025 06:15;53,571334292790134
21.05.2025 06:30;58,148346954683724
21.05.2025 06:45;62,9610410548017
21.05.2025 07:00;47,95740526353819
21.05.2025 07:15;60,73571374050393
21.05.2025 07:30;65,08597626482914
21.05.2025 07:45;73,42338583065879
21.05.2025 08:00;62,229264181539286
21.05.2025 08:15;53,89298976027986
21.05.2025 08:30;48,09431023027766
21.05.2025 08:45;69,18904526739253
21.05.2025 09:00;61,12090780740637
21.05.2025 09:15;55,21116737827617
21.05.2025 09:30;43,59066202808541
21.05.2025 09:45;47,75105518379265
21.05.2025 10:00;57,267303336755575
21.05.2025 10:15;54,25242583566134
21.05.2025 10:30;37,632532651728866
21.05.2025 10:45;54,30212302416524
21.05.2025 11:00;37,767308588991924
21.05.2025 11:15;57,79143418586179
21.05.2025 11:30;48,02638092501466
21.05.2025 11:45;41,51572490067951
21.05.2025 12:00;50,517982318408976
21.05.2025 12:15;45,888570075075904
21.05.2025 12:30;52,05280859314641
21.05.2025 12:45;43,54904666326736
21.05.2025 13:00;44,98809836111438
21.05.2025 13:15;43,3102453184359
21.05.2025 13:30;48,033629805927504
21.05.2025 13:45;58,66668566275758
21.05.2025 14:00;43,21078006061658
21.05.2025 14:15;51,69558248102298
21.05.2025 14:30;41,09140125653087
21.05.2025 14:45;33,13551169865406
21.05.2025 15:00;48,742559404773445
21.05.2025 15:15;49,776043499299504
21.05.2025 15:30;45,4565955690775
21.05.2025 15:45;34,826430544291554
21.05.2025 16:00;47,16100385492486
21.05.2025 16:15;46,756227471411314
21.05.2025 16:30;37,80774886125829
21.05.2025 16:45;35,77273123645387
21.05.2025 17:00;45,49352376817579
21.05.2025 17:15;53,60140363718647
21.05.2025 17:30;54,042524553189736
21.05.2025 17:45;47,85771881763411
21.05.2025 18:00;57,70722684910707
21.05.2025 18:15;65,14664656731486
21.05.2025 18:30;53,36684338680102
21.05.2025 18:45;63,78598527134855
21.05.2025 19:00;73,93013980669463
21.05.2025 19:15;56,45036903414899
21.05.2025 19:30;73,79084038673116
21.05.2025 19:45;76,86433996367937
21.05.2025 20:00;63,44631348769538
21.05.2025 20:15;61,640190399428555
21.05.2025 20:30;70,058214079568
21.05.2025 20:45;60,05877056784814
21.05.2025 21:00;43,305356973664175
21.05.2025 21:15;57,45362430972505
21.05.2025 21:30;59,8297315793061
21.05.2025 21:45;60,1934356224394
21.05.2025 22:00;47,442519970331105
21.05.2025 22:15;50,45110238022105
21.05.2025 22:30;58,060754360806
21.05.2025 22:45;49,83785521722386
21.05.2025 23:00;38,74078011492252
21.05.2025 23:15;57,42877393713962
21.05.2025 23:30;46,71610187659749
21.05.2025 23:45;55,41402229446987
22.05.2025 00:00;35,95119690347379
22.05.2025 00:15;44,875046352682396
22.05.2025 00:30;49,29412630442867
22.05.2025 00:45;45,122170505524515
22.05.2025 01:00;37,46057470017605
22.05.2025 01:15;29,048085312955397
22.05.2025 01:30;56,43925696030048
22.05.2025 01:45;47,542543765645206
22.05.2025 02:00;54,01628355100169
22.05.2025 02:15;52,40850442983217
22.05.2025 02:30;50,16682617644525
22.05.2025 02:45;43,848744257321314
22.05.2025 03:00;49,67097990595987
22.05.2025 03:15;56,45817467274447
22.05.2025 03:30;47,251158825541836
22.05.2025 03:45;60,28222354927237
22.05.2025 04:00;36,84343841658959
22.05.2025 04:15;36,53606743092673
22.05.2025 04:30;55,22707672668406
22.05.2025 04:45;43,188789690283144
22.05.2025 05:00;63,914556274810195
22.05.2025 05:15;59,736356173612975
22.05.2025 05:30;62,28870562889774
22.05.2025 05:45;58,20820933158638
22.05.2025 06:00;46,37013211257276
22.05.2025 06:15;41,88605296173839
22.05.2025 06:30;64,57414285681509
22.05.2025 06:45;44,14509597556044
22.05.2025 07:00;66,26456411010402
22.05.2025 07:15;60,107253923673966
22.05.2025 07:30;55,45055021421456
22.05.2025 07:45;59,465997037029325
22.05.2025 08:00;59,987908747018814
22.05.2025 08:15;54,953920521469875
22.05.2025 08:30;66,16897824007778
22.05.2025 08:45;65,43260461541686
22.05.2025 09:00;56,04236840931246
22.05.2025 09:15;49,70664234038203
22.05.2025 09:30;63,46238944057434
22.05.2025 09:45;39,07473701110948
22.05.2025 10:00;55,372476732469366
22.05.2025 10:15;56,55143455868334
22.05.2025 10:30;44,712483107916476
22.05.2025 10:45;56,11119324986851
22.05.2025 11:00;48,35925994454051
22.05.2025 11:15;42,97894335708664
22.05.2025 11:30;52,38089734996461
22.05.2025 11:45;36,61365169352694
22.05.2025 12:00;49,153712074579225
22.05.2025 12:15;28,401196944338746
22.05.2025 12:30;44,53847146819069
22.05.2025 12:45;42,350430956751474
22.05.2025 13:00;39,893123397216115
22.05.2025 13:15;48,124955271392096
22.05.2025 13:30;45,18152633074028
22.05.2025 13:45;53,91530039253814
22.05.2025 14:00;50,12299118583943
22.05.2025 14:15;49,74448639097196
22.05.2025 14:30;49,0239167983864
22.05.2025 14:45;42,90571883655979
22.05.2025 15:00;44,64745670710625
22.05.2025 15:15;48,136573450898084
22.05.2025 15:30;45,16523426883215
22.05.2025 15:45;53,38930668264121
22.05.2025 16:00;45,22226957562252
22.05.2025 16:15;46,83574879322835
22.05.2025 16:30;35,228733406357144
22.05.2025 16:45;52,03503187995522
22.05.2025 17:00;42,811134153646776
22.05.2025 17:15;41,65893207494108
22.05.2025 17:30;63,00729536872138
22.05.2025 17:45;58,883330477573836
22.05.2025 18:00;63,358953928793184
22.05.2025 18:15;62,0908497429475
22.05.2025 18:30;60,319348718624795
22.05.2025 18:45;60,697289403386264
22.05.2025 19:00;69,56451346874812
22.05.2025 19:15;72,82359536948472
22.05.2025 19:30;64,61008908031525
22.05.2025 19:45;79,39727127132467
22.05.2025 20:00;62,962233623580225
22.05.2025 20:15;53,552558039290375
22.05.2025 20:30;50,00457441261833
22.05.2025 20:45;48,78035957692035
22.05.2025 21:00;56,115577088354556
22.05.2025 21:15;55,77207998201829
22.05.2025 21:30;60,5658996472721
22.05.2025 21:45;54,06339078215443
22.05.2025 22:00;58,761319747602556
22.05.2025 22:15;51,9047584264578
22.05.2025 22:30;50,56785187619667
22.05.2025 22:45;45,46603983062679
22.05.2025 23:00;58,650863677002306
22.05.2025 23:15;37,295716175319725
22.05.2025 23:30;49,57484944980408
22.05.2025 23:45;45,75473600352428
23.05.2025 00:00;50,69976790200291
23.05.2025 00:15;45,084239722646814
23.05.2025 00:30;45,294572022931085
23.05.2025 00:45;43,37379912479522
23.05.2025 01:00;55,00250489027875
23.05.2025 01:15;45,280641601213794
23.05.2025 01:30;59,07205148000303
23.05.2025 01:45;47,22009786866044
23.05.2025 02:00;45,509087011976774
23.05.2025 02:15;44,39862396025973
23.05.2025 02:30;49,44671863633621
23.05.2025 02:45;41,48744407793211
23.05.2025 03:00;46,77090016469099
23.05.2025 03:15;45,99546709183589
23.05.2025 03:30;48,45490816741363
23.05.2025 03:45;48,92862046724209
23.05.2025 04:00;49,661447728076745
23.05.2025 04:15;47,95685287790866
23.05.2025 04:30;58,801246616425686
23.05.2025 04:45;51,38606390413844
23.05.2025 05:00;67,3611937952558
23.05.2025 05:15;50,23130715524169
23.05.2025 05:30;57,40585441630866
23.05.2025 05:45;46,407022430337065
23.05.2025 06:00;62,01871889128031
23.05.2025 06:15;48,045134582370345
23.05.2025 06:30;56,700318210920315
23.05.2025 06:45;52,06336209753374
23.05.2025 07:00;57,70339853121249
23.05.2025 07:15;52,92378510194194
23.05.2025 07:30;49,68755701026426
23.05.2025 07:45;53,556734830374126
23.05.2025 08:00;66,58384662372102
23.05.2025 08:15;58,952603505151416
23.05.2025 08:30;46,453679947684506
23.05.2025 08:45;63,24884147122005
23.05.2025 09:00;48,439456179354714
23.05.2025 09:15;59,04928783116661
23.05.2025 09:30;57,09552638010212
23.05.2025 09:45;56,51465831013584
23.05.2025 10:00;64,12122791669454
23.05.2025 10:15;44,40393257981805
23.05.2025 10:30;53,77292613032366
23.05.2025 10:45;57,87012811088888
23.05.2025 11:00;42,93735052935278
23.05.2025 11:15;40,59550717831973
23.05.2025 11:30;42,94760496389112
23.05.2025 11:45;45,15291555323606
23.05.2025 12:00;31,602788614950548
23.05.2025 12:15;44,79417897800852
23.05.2025 12:30;32,254969486931294
23.05.2025 12:45;51,12660403625718
23.05.2025 13:00;45,481578907996436
23.05.2025 13:15;57,34811388278409
23.05.2025 13:30;50,0602226314054
23.05.2025 13:45;42,52879653902197
23.05.2025 14:00;39,981708512147655
23.05.2025 14:15;47,13646218397895
23.05.2025 14:30;45,82070780193606
23.05.2025 14:45;54,36527815369495
23.05.2025 15:00;39,43431739950127
23.05.2025 15:15;59,406639629642356
23.05.2025 15:30;52,66852694049501
23.05.2025 15:45;41,57450340230316
23.05.2025 16:00;55,28575986978921
23.05.2025 16:15;35,84839026073035
23.05.2025 16:30;42,518141542763985
23.05.2025 16:45;32,860522446749734
23.05.2025 17:00;56,63498406851562
23.05.2025 17:15;33,88332240694582
23.05.2025 17:30;37,981368988475396
23.05.2025 17:45;46,13167372728922
23.05.2025 18:00;63,41009388786204
23.05.2025 18:15;63,5313534656364
23.05.2025 18:30;60,10580819438532
23.05.2025 18:45;68,42520309218772
23.05.2025 19:00;62,04768275829476
23.05.2025 19:15;66,98238957819301
23.05.2025 19:30;75,79599455840031
23.05.2025 19:45;62,39516876335028
23.05.2025 20:00;58,30593963223396
23.05.2025 20:15;65,9557725912544
23.05.2025 20:30;66,72132974340562
23.05.2025 20:45;60,85386395717391
23.05.2025 21:00;65,55372391691009
23.05.2025 21:15;55,49474183978071
23.05.2025 21:30;56,188616195529065
23.05.2025 21:45;56,39376315180786
23.05.2025 22:00;54,377341716357144
23.05.2025 22:15;62,39150194805172
23.05.2025 22:30;52,568187588242694
23.05.2025 22:45;46,889420949168226
23.05.2025 23:00;51,896708309586465
23.05.2025 23:15;54,58615407818833
23.05.2025 23:30;52,39341745037024
23.05.2025 23:45;51,56603417884153
24.05.2025 00:00;30,526658996739222
24.05.2025 00:15;23,567981494721522
24.05.2025 00:30;49,946442135830225
24.05.2025 00:45;44,09780288627218
24.05.2025 01:00;40,88419242691394
24.05.2025 01:15;45,9095158821189
24.05.2025 01:30;54,56118683023618
24.05.2025 01:45;50,99461074005862
24.05.2025 02:00;47,87783641787525
24.05.2025 02:15;34,99435753127835
24.05.2025 02:30;35,984978999616885
24.05.2025 02:45;24,68688920057467
24.05.2025 03:00;45,970821970478234
24.05.2025 03:15;49,48442265717538
24.05.2025 03:30;50,29494487776394
24.05.2025 03:45;46,9919457642133
24.05.2025 04:00;41,55453984106421
24.05.2025 04:15;39,12810170319067
24.05.2025 04:30;37,82661287921077
24.05.2025 04:45;43,06963252857072
24.05.2025 05:00;38,06003028133143
24.05.2025 05:15;57,960079348884776
24.05.2025 05:30;37,36093109198486
24.05.2025 05:45;45,89343451880101
24.05.2025 06:00;34,54598387659646
24.05.2025 06:15;50,86552233100942
24.05.2025 06:30;49,420576362128195
24.05.2025 06:45;47,300149662460974
24.05.2025 07:00;43,72723780678006
24.05.2025 07:15;50,6507282525673
24.05.2025 07:30;47,216107347574294
24.05.2025 07:45;50,56242320843347
24.05.2025 08:00;65,4813864908709
24.05.2025 08:15;53,243517132323745
24.05.2025 08:30;55,695303732438745
24.05.2025 08:45;47,76757285317112
24.05.2025 09:00;44,9035743049836
24.05.2025 09:15;49,37589875151548
24.05.2025 09:30;66,22593201549955
24.05.2025 09:45;45,81771426605853
24.05.2025 10:00;50,148225850625785
24.05.2025 10:15;40,65688317760953
24.05.2025 10:30;25,949854151159297
24.05.2025 10:45;38,03200414671922
24.05.2025 11:00;59,46906689669191
24.05.2025 11:15;45,85830240971306
24.05.2025 11:30;52,425012131634574
24.05.2025 11:45;37,391835124068
24.05.2025 12:00;21,51406568148632
24.05.2025 12:15;30,216873065512683
24.05.2025 12:30;40,29956399971307
24.05.2025 12:45;39,684777102510964
24.05.2025 13:00;38,18135741159373
24.05.2025 13:15;36,261081733885945
24.05.2025 13:30;48,12451472295385
24.05.2025 13:45;37,36585074268873
24.05.2025 14:00;43,900939082423285
24.05.2025 14:15;43,137030185735
24.05.2025 14:30;39,50401126186804
24.05.2025 14:45;36,142022626616146
24.05.2025 15:00;38,86962697101262
24.05.2025 15:15;55,45728347378801
24.05.2025 15:30;49,05424070547583
24.05.2025 15:45;47,10488700716996
24.05.2025 16:00;34,08184071064063
24.05.2025 16:15;29,399710206992147
24.05.2025 16:30;46,607973637012265
24.05.2025 16:45;45,98960621939921
24.05.2025 17:00;42,43454063140615
24.05.2025 17:15;41,393310396168225
24.05.2025 17:30;35,535827328881986
24.05.2025 17:45;55,01879721550266
24.05.2025 18:00;59,514861519737536
24.05.2025 18:15;49,19182869706752
24.05.2025 18:30;50,85244473591372
24.05.2025 18:45;66,5684990744901
24.05.2025 19:00;54,684189134344365
24.05.2025 19:15;72,50434042376968
24.05.2025 19:30;59,492131737661026
24.05.2025 19:45;57,4774412304489
24.05.2025 20:00;59,82459808788498
24.05.2025 20:15;55,89240074735777
24.05.2025 20:30;65,2700393057515
24.05.2025 20:45;62,125999481978475
24.05.2025 21:00;61,95721560492611
24.05.2025 21:15;53,98126837821842
24.05.2025 21:30;47,88683692215214
24.05.2025 21:45;49,49381520373452
24.05.2025 22:00;45,17146119096917
24.05.2025 22:15;57,15030041717655
24.05.2025 22:30;52,782734186696636
24.05.2025 22:45;44,16159870748328
24.05.2025 23:00;37,501035983616546
24.05.2025 23:15;54,09560029559023
24.05.2025 23:30;43,716082590414835
24.05.2025 23:45;41,408733241189594
25.05.2025 00:00;51,932316319270754
25.05.2025 00:15;37,51766539885793
25.05.2025 00:30;38,8588393360797
25.05.2025 00:45;39,482225404099495
25.05.2025 01:00;31,89098742162853
25.05.2025 01:15;43,33120952554005
25.05.2025 01:30;35,80534134772622
25.05.2025 01:45;37,17657773285648
25.05.2025 02:00;36,28298133235049
25.05.2025 02:15;37,16368281787983
25.05.2025 02:30;35,4818506521959
25.05.2025 02:45;43,193958493389005
25.05.2025 03:00;40,51881328578438
25.05.2025 03:15;42,13182652230462
25.05.2025 03:30;58,51195236956014
25.05.2025 03:45;41,24674147748207
25.05.2025 04:00;46,939378484210565
25.05.2025 04:15;48,18102841181412
25.05.2025 04:30;43,235907361196794
25.05.2025 04:45;46,20193767344297
25.05.2025 05:00;45,12143867034413
25.05.2025 05:15;47,15814898318986
25.05.2025 05:30;42,4438828186872
25.05.2025 05:45;43,902630280491024
25.05.2025 06:00;48,24908022847994
25.05.2025 06:15;35,10519292994377
25.05.2025 06:30;59,92074707955102
25.05.2025 06:45;65,07475468549401
25.05.2025 07:00;51,39827883849688
25.05.2025 07:15;55,51685576113952
25.05.2025 07:30;58,84504585831691
25.05.2025 07:45;42,25131069153616
25.05.2025 08:00;58,28906112503306
25.05.2025 08:15;49,045182501363755
25.05.2025 08:30;67,7625983995194
25.05.2025 08:45;49,725944723218454
25.05.2025 09:00;57,12188409736378
25.05.2025 09:15;48,7903941331829
25.05.2025 09:30;64,566502895385
25.05.2025 09:45;44,504219088285424
25.05.2025 10:00;55,759294967480685
25.05.2025 10:15;51,4092075436557
25.05.2025 10:30;48,95194453466503
25.05.2025 10:45;46,557064396337296
25.05.2025 11:00;39,235393761907865
25.05.2025 11:15;24,187118910397224
25.05.2025 11:30;48,9169534905532
25.05.2025 11:45;36,51959959486024
25.05.2025 12:00;47,01356825786006
25.05.2025 12:15;40,40001002200545
25.05.2025 12:30;45,5147806047107
25.05.2025 12:45;43,51509393019672
25.05.2025 13:00;21,801833383880258
25.05.2025 13:15;44,45157894114805
25.05.2025 13:30;38,43763049475201
25.05.2025 13:45;49,19897025380575
25.05.2025 14:00;45,46359791193574
25.05.2025 14:15;46,45671572593507
25.05.2025 14:30;40,22568215099275
25.05.2025 14:45;36,69954622093957
25.05.2025 15:00;39,175441377560375
25.05.2025 15:15;29,078326846866496
25.05.2025 15:30;37,269276433795426
25.05.2025 15:45;29,610036951861506
25.05.2025 16:00;29,954097732057868
25.05.2025 16:15;40,11296444225968
25.05.2025 16:30;43,322417509675645
25.05.2025 16:45;40,24312978051224
25.05.2025 17:00;38,473143387883674
25.05.2025 17:15;37,30728995378012
25.05.2025 17:30;43,96534276947424
25.05.2025 17:45;42,95010603622746
25.05.2025 18:00;51,18839441135502
25.05.2025 18:15;43,30951250903729
25.05.2025 18:30;61,29655168391454
25.05.2025 18:45;53,9721667374836
25.05.2025 19:00;62,072719900152386
25.05.2025 19:15;66,24147939075138
25.05.2025 19:30;62,54330533377932
25.05.2025 19:45;65,86814732958135
25.05.2025 20:00;45,32162917722499
25.05.2025 20:15;55,2718024780459
25.05.2025 20:30;65,12827001646036
25.05.2025 20:45;59,5368328811002
25.05.2025 21:00;67,33231286645649
25.05.2025 21:15;64,69213862511839
25.05.2025 21:30;53,25020063136572
25.05.2025 21:45;47,86515020343559
25.05.2025 22:00;41,51400502039275
25.05.2025 22:15;43,625202146049695
25.05.2025 22:30;42,98082704058145
25.05.2025 22:45;40,72125310871233
25.05.2025 23:00;37,6297337267287
25.05.2025 23:15;46,19249587071841
25.05.2025 23:30;54,70750866850096
25.05.2025 23:45;48,92444012007914
26.05.2025 00:00;43,182820218613
26.05.2025 00:15;52,54052237097659
26.05.2025 00:30;47,87289705852584
26.05.2025 00:45;45,16762093143916
26.05.2025 01:00;44,7401258888568
26.05.2025 01:15;44,07649434690778
26.05.2025 01:30;50,05423076490349
26.05.2025 01:45;46,50433378023651
26.05.2025 02:00;40,47008345039042
26.05.2025 02:15;40,190222822572196
26.05.2025 02:30;47,850593114545504
26.05.2025 02:45;48,81903110509935
26.05.2025 03:00;43,771049768234114
26.05.2025 03:15;38,22674354089131
26.05.2025 03:30;55,14720499918709
26.05.2025 03:45;53,96091535713337
26.05.2025 04:00;33,14812296700873
26.05.2025 04:15;56,88187502492419
26.05.2025 04:30;46,568086495682834
26.05.2025 04:45;49,97026665808492
26.05.2025 05:00;57,299126104142765
26.05.2025 05:15;61,662986786779406
26.05.2025 05:30;57,911817597830805
26.05.2025 05:45;53,421744467513435
26.05.2025 06:00;42,92106555579585
26.05.2025 06:15;39,00654697868332
26.05.2025 06:30;59,94873661376551
26.05.2025 06:45;63,71095969820684
26.05.2025 07:00;49,0356840406858
26.05.2025 07:15;53,30192757615107
26.05.2025 07:30;51,56300388938266
26.05.2025 07:45;51,88831202831986
26.05.2025 08:00;63,86130549165509
26.05.2025 08:15;57,86228018414222
26.05.2025 08:30;53,998605568764106
26.05.2025 08:45;74,4675279947433
26.05.2025 09:00;44,76223038998502
26.05.2025 09:15;58,52949783055548
26.05.2025 09:30;46,24270595071708
26.05.2025 09:45;51,732495235187024
26.05.2025 10:00;53,42527719904214
26.05.2025 10:15;56,584525220500204
26.05.2025 10:30;48,13636315683638
26.05.2025 10:45;47,00973666453482
26.05.2025 11:00;45,53268599603511
26.05.2025 11:15;38,48485263558209
26.05.2025 11:30;49,14801629173474
26.05.2025 11:45;45,81930950715175
26.05.2025 12:00;45,85811996815032
26.05.2025 12:15;41,052340072620694
26.05.2025 12:30;39,919784614903506
26.05.2025 12:45;50,25024682234019
26.05.2025 13:00;50,91674146105353
26.05.2025 13:15;54,11465489797993
26.05.2025 13:30;47,43851478726337
26.05.2025 13:45;55,71962206518083
26.05.2025 14:00;42,80596919027274
26.05.2025 14:15;43,92236368524452
26.05.2025 14:30;54,608730222617716
26.05.2025 14:45;51,99871923554428
26.05.2025 15:00;44,516548611158164
26.05.2025 15:15;38,97566138208707
26.05.2025 15:30;44,04237101415393
26.05.2025 15:45;40,232267963784686
26.05.2025 16:00;56,36934679785337
26.05.2025 16:15;48,523548560079675
26.05.2025 16:30;38,022156829185995
26.05.2025 16:45;37,6063574392883
26.05.2025 17:00;40,43641799379079
26.05.2025 17:15;44,28420485464274
26.05.2025 17:30;49,35374291576601
26.05.2025 17:45;60,93318480271163
26.05.2025 18:00;48,918849866921775
26.05.2025 18:15;74,37976128463247
26.05.2025 18:30;53,73494190229589
26.05.2025 18:45;52,437823534888864
26.05.2025 19:00;75,39921984302639
26.05.2025 19:15;73,80158626882483
26.05.2025 19:30;63,30770676074925
26.05.2025 19:45;67,2401797864288
26.05.2025 20:00;66,81350016792263
26.05.2025 20:15;64,0738637225291
26.05.2025 20:30;52,74666066492979
26.05.2025 20:45;42,938721603835376
26.05.2025 21:00;52,83425287011492
26.05.2025 21:15;69,82952905413629
26.05.2025 21:30;68,49596355456508
26.05.2025 21:45;52,151155129450295
26.05.2025 22:00;45,872339799463205
26.05.2025 22:15;53,2577239881693
26.05.2025 22:30;53,26643711354341
26.05.2025 22:45;53,43404743570996
26.05.2025 23:00;30,723910526320054
26.05.2025 23:15;69,84076639010745
26.05.2025 23:30;55,11336694307796
26.05.2025 23:45;45,361610161556875
27.05.2025 00:00;41,034172337945606
27.05.2025 00:15;52,97721541889516
27.05.2025 00:30;49,53785841846176
27.05.2025 00:45;46,72133892680495
27.05.2025 01:00;49,294082526440626
27.05.2025 01:15;45,310793205819635
27.05.2025 01:30;48,93355888833002
27.05.2025 01:45;51,23493828354239
27.05.2025 02:00;48,59601627456985
27.05.2025 02:15;48,2883959970944
27.05.2025 02:30;56,083041300618405
27.05.2025 02:45;35,26247788195354
27.05.2025 03:00;41,001557451108894
27.05.2025 03:15;46,96046282454849
27.05.2025 03:30;41,90513122165279
27.05.2025 03:45;44,54221044530239
27.05.2025 04:00;56,69770607661983
27.05.2025 04:15;47,08575286659172
27.05.2025 04:30;35,85019500558242
27.05.2025 04:45;46,30072011512128
27.05.2025 05:00;50,36211202527779
27.05.2025 05:15;50,99644215824353
27.05.2025 05:30;55,426301114189926
27.05.2025 05:45;55,652905504647585
27.05.2025 06:00;52,12892561218297
27.05.2025 06:15;45,39552909167754
27.05.2025 06:30;51,23216843984481
27.05.2025 06:45;50,53378326828548
27.05.2025 07:00;53,28254166674993
27.05.2025 07:15;60,38834971115136
27.05.2025 07:30;58,916289737867395
27.05.2025 07:45;62,127982831329305
27.05.2025 08:00;54,079587529225606
27.05.2025 08:15;67,51341599729166
27.05.2025 08:30;61,39149284687792
27.05.2025 08:45;56,48025067136403
27.05.2025 09:00;59,677985270622244
27.05.2025 09:15;49,65791320278551
27.05.2025 09:30;39,45128351501016
27.05.2025 09:45;48,90881734890594
27.05.2025 10:00;56,81347398951067
27.05.2025 10:15;52,19460820640178
27.05.2025 10:30;50,003225180362115
27.05.2025 10:45;42,985900853633595
27.05.2025 11:00;34,831494886205775
27.05.2025 11:15;56,938452859762066
27.05.2025 11:30;44,35636145403989
27.05.2025 11:45;41,10996961728125
27.05.2025 12:00;38,64924332289692
27.05.2025 12:15;51,021075451872036
27.05.2025 12:30;48,05256779778436
27.05.2025 12:45;36,314023692016356
27.05.2025 13:00;52,130277317769114
27.05.2025 13:15;43,83483840204426
27.05.2025 13:30;41,804879317164534
27.05.2025 13:45;44,17104678734093
27.05.2025 14:00;40,92985327511824
27.05.2025 14:15;37,69321531773678
27.05.2025 14:30;52,57029436331742
27.05.2025 14:45;45,618556917288906
27.05.2025 15:00;51,604851519869335
27.05.2025 15:15;48,32918705054152
27.05.2025 15:30;49,05635299707537
27.05.2025 15:45;30,484777793348375
27.05.2025 16:00;37,43497866808489
27.05.2025 16:15;47,133939162019246
27.05.2025 16:30;34,08788851507718
27.05.2025 16:45;46,065154438598384
27.05.2025 17:00;35,49959446957648
27.05.2025 17:15;47,99653764633609
27.05.2025 17:30;61,125605374622644
27.05.2025 17:45;57,87768077469437
27.05.2025 18:00;42,597077841008655
27.05.2025 18:15;63,920298161115916
27.05.2025 18:30;73,36210597368452
27.05.2025 18:45;82,21001759764107
27.05.2025 19:00;67,17192399610121
27.05.2025 19:15;55,412904363397416
27.05.2025 19:30;68,24154400427126
27.05.2025 19:45;76,1606130962582
27.05.2025 20:00;63,33816033228067
27.05.2025 20:15;70,97466146443666
27.05.2025 20:30;56,54790432096006
27.05.2025 20:45;63,55725334606348
27.05.2025 21:00;41,94773391956353
27.05.2025 21:15;51,08748064036828
27.05.2025 21:30;56,0889796270718
27.05.2025 21:45;52,064271889427715
27.05.2025 22:00;44,09752201976499
27.05.2025 22:15;48,437037186035255
27.05.2025 22:30;53,12490920711652
27.05.2025 22:45;49,24917281344633
27.05.2025 23:00;49,46342941784563
27.05.2025 23:15;53,484009847497795
27.05.2025 23:30;45,40766048420612
27.05.2025 23:45;56,88465639166425
28.05.2025 00:00;40,005578578221105
28.05.2025 00:15;60,429053723613976
28.05.2025 00:30;54,728326818539216
28.05.2025 00:45;44,45128233883723
28.05.2025 01:00;44,92746945319679
28.05.2025 01:15;48,413939868533504
28.05.2025 01:30;51,17817982927215
28.05.2025 01:45;54,67919654536148
28.05.2025 02:00;37,67561971174949
28.05.2025 02:15;50,181001355129105
28.05.2025 02:30;32,38438089276054
28.05.2025 02:45;46,06808460889376
28.05.2025 03:00;57,63108121938953
28.05.2025 03:15;37,71823508901126
28.05.2025 03:30;36,68650009179525
28.05.2025 03:45;49,72696420170522
28.05.2025 04:00;58,26247803745715
28.05.2025 04:15;51,273278133752456
28.05.2025 04:30;36,18930721326879
28.05.2025 04:45;38,34917362099672
28.05.2025 05:00;51,50650512870603
28.05.2025 05:15;43,330917904579216
28.05.2025 05:30;53,349491839167435
28.05.2025 05:45;54,53471617238468
28.05.2025 06:00;50,58101411303344
28.05.2025 06:15;67,42180760411313
28.05.2025 06:30;59,471352379915665
28.05.2025 06:45;64,10523523257737
28.05.2025 07:00;62,626266765358245
28.05.2025 07:15;55,456189960333404
28.05.2025 07:30;55,58963376372696
28.05.2025 07:45;55,37282063291621
28.05.2025 08:00;62,440181507119405
28.05.2025 08:15;52,68394526915058
28.05.2025 08:30;69,18439981330658
28.05.2025 08:45;51,83860870433186
28.05.2025 09:00;57,652636658698064
28.05.2025 09:15;54,27209676071331
28.05.2025 09:30;52,26750355454774
28.05.2025 09:45;69,03649202997377
28.05.2025 10:00;49,750514126928856
28.05.2025 10:15;49,72610583765299
28.05.2025 10:30;46,72847242904329
28.05.2025 10:45;50,58159237102298
28.05.2025 11:00;48,14634685205997
28.05.2025 11:15;39,87297360912345
28.05.2025 11:30;43,67021392985836
28.05.2025 11:45;50,01329927607296
28.05.2025 12:00;51,04523223012182
28.05.2025 12:15;42,83465395533116
28.05.2025 12:30;43,87680168687405
28.05.2025 12:45;40,80735253774467
28.05.2025 13:00;40,94458353372146
28.05.2025 13:15;38,85752194778543
28.05.2025 13:30;35,13122425098619
28.05.2025 13:45;42,29561567387335
28.05.2025 14:00;54,309548429211326
28.05.2025 14:15;44,895715121993405
28.05.2025 14:30;45,140653958696944
28.05.2025 14:45;45,684497564510366
28.05.2025 15:00;56,90069076719094
28.05.2025 15:15;41,632160936632395
28.05.2025 15:30;47,967818117684246
28.05.2025 15:45;44,83789042562121
28.05.2025 16:00;44,85678942178932
28.05.2025 16:15;45,4771537675677
28.05.2025 16:30;44,35891396225524
28.05.2025 16:45;50,529538668113915
28.05.2025 17:00;46,22724288270133
28.05.2025 17:15;60,777101578779515
28.05.2025 17:30;50,67490793825852
28.05.2025 17:45;41,66605075735197
28.05.2025 18:00;61,04316963337045
28.05.2025 18:15;61,77796163128408
28.05.2025 18:30;61,82679634209555
28.05.2025 18:45;61,32611143756816
28.05.2025 19:00;50,05413059007231
28.05.2025 19:15;52,002057115085194
28.05.2025 19:30;77,50821739003736
28.05.2025 19:45;61,837862637330694
28.05.2025 20:00;72,17010975422029
28.05.2025 20:15;53,268736115079335
28.05.2025 20:30;55,93705655837437
28.05.2025 20:45;66,57961193479498
28.05.2025 21:00;59,525482690949914
28.05.2025 21:15;62,370500131006835
28.05.2025 21:30;56,90335648839555
28.05.2025 21:45;54,02102554727592
28.05.2025 22:00;49,30849797433039
28.05.2025 22:15;44,44357227297936
28.05.2025 22:30;61,50319318782745
28.05.2025 22:45;61,69088995798644
28.05.2025 23:00;42,63290603739967
28.05.2025 23:15;41,4986348037084
28.05.2025 23:30;46,24234768424361
28.05.2025 23:45;50,620416606202326
29.05.2025 00:00;46,7324205901746
29.05.2025 00:15;51,50434831387169
29.05.2025 00:30;47,66698577674012
29.05.2025 00:45;47,21552081721845
29.05.2025 01:00;64,91892354514374
29.05.2025 01:15;44,3650399710245
29.05.2025 01:30;59,54178357488044
29.05.2025 01:45;58,22007209743362
29.05.2025 02:00;51,66308499888791
29.05.2025 02:15;34,710652150494
29.05.2025 02:30;48,49205509748057
29.05.2025 02:45;44,78099671291361
29.05.2025 03:00;48,669000537900935
29.05.2025 03:15;41,27540277276587
29.05.2025 03:30;54,24964224230755
29.05.2025 03:45;56,15096569958715
29.05.2025 04:00;57,81531600765783
29.05.2025 04:15;47,39493096640376
29.05.2025 04:30;43,18032878205254
29.05.2025 04:45;53,66751443255643
29.05.2025 05:00;64,18947235818158
29.05.2025 05:15;53,14596521056075
29.05.2025 05:30;56,64214320611316
29.05.2025 05:45;52,627788096426166
29.05.2025 06:00;51,521128099527125
29.05.2025 06:15;60,26477637943657
29.05.2025 06:30;55,47641324030543
29.05.2025 06:45;59,75243773650916
29.05.2025 07:00;60,531498387763364
29.05.2025 07:15;60,08421126443145
29.05.2025 07:30;61,739873619026774
29.05.2025 07:45;52,273338787012136
29.05.2025 08:00;52,450032998164154
29.05.2025 08:15;58,33958066685159
29.05.2025 08:30;58,32639618626561
29.05.2025 08:45;54,164559731400075
29.05.2025 09:00;58,991325035014256
29.05.2025 09:15;62,79342734698863
29.05.2025 09:30;64,30894143820014
29.05.2025 09:45;65,10869273447224
29.05.2025 10:00;44,699438755398766
29.05.2025 10:15;44,92193926779738
29.05.2025 10:30;50,01753774519565
29.05.2025 10:45;52,08052473845869
29.05.2025 11:00;48,866740024444766
29.05.2025 11:15;45,22914581337017
29.05.2025 11:30;45,62672216069775
29.05.2025 11:45;49,23331281529484
29.05.2025 12:00;35,22354040987389
29.05.2025 12:15;60,56020519787084
29.05.2025 12:30;43,56552150450069
29.05.2025 12:45;51,412170969467304
29.05.2025 13:00;41,468948537996724
29.05.2025 13:15;50,99924628968379
29.05.2025 13:30;47,4996614213469
29.05.2025 13:45;54,01736411873223
29.05.2025 14:00;46,959144466233035
29.05.2025 14:15;59,71637847960918
29.05.2025 14:30;38,87247161859132
29.05.2025 14:45;56,29894149913177
29.05.2025 15:00;49,57215980558527
29.05.2025 15:15;41,65632637825962
29.05.2025 15:30;60,239257532417085
29.05.2025 15:45;59,87914182479376
29.05.2025 16:00;31,466321082036437
29.05.2025 16:15;46,06249242413722
29.05.2025 16:30;49,51285029919829
29.05.2025 16:45;48,86831656399487
29.05.2025 17:00;57,72901108042794
29.05.2025 17:15;58,95577635981891
29.05.2025 17:30;53,876699523734864
29.05.2025 17:45;70,79079451590137
29.05.2025 18:00;64,34640237546745
29.05.2025 18:15;57,59334531552228
29.05.2025 18:30;58,90545517212102
29.05.2025 18:45;73,23804843241498
29.05.2025 19:00;60,307808446866865
29.05.2025 19:15;63,93239445893803
29.05.2025 19:30;65,40158261540203
29.05.2025 19:45;69,48591320155558
29.05.2025 20:00;65,07282753421397
29.05.2025 20:15;56,30638171816332
29.05.2025 20:30;72,43372684646573
29.05.2025 20:45;60,060094171383284
29.05.2025 21:00;75,44880133217671
29.05.2025 21:15;61,80938013977692
29.05.2025 21:30;66,94390884565962
29.05.2025 21:45;60,96543189952802
29.05.2025 22:00;64,3488706766913
29.05.2025 22:15;57,868635843280686
29.05.2025 22:30;54,405138002582895
29.05.2025 22:45;59,44703686301319
29.05.2025 23:00;68,38030352769363
29.05.2025 23:15;48,41328195246321
29.05.2025 23:30;55,31592060021365
29.05.2025 23:45;49,27532904952952
30.05.2025 00:00;52,78594770919284
30.05.2025 00:15;49,54120428004369
30.05.2025 00:30;34,145914729917166
30.05.2025 00:45;47,85501830306615
30.05.2025 01:00;56,262644417284704
30.05.2025 01:15;43,923402889181965
30.05.2025 01:30;55,74716694647972
30.05.2025 01:45;50,6156812942703
30.05.2025 02:00;48,03238325668622
30.05.2025 02:15;55,77266922249456
30.05.2025 02:30;54,28025998975998
30.05.2025 02:45;52,566076032938994
30.05.2025 03:00;56,87805363715083
30.05.2025 03:15;51,37624507647142
30.05.2025 03:30;38,681560887904325
30.05.2025 03:45;47,84761091775376
30.05.2025 04:00;38,232715453600484
30.05.2025 04:15;55,91012228442625
30.05.2025 04:30;58,108089891301034
30.05.2025 04:45;59,036046732062545
30.05.2025 05:00;56,55900151761933
30.05.2025 05:15;60,67405754431225
30.05.2025 05:30;43,65731359397954
30.05.2025 05:45;54,77091488079778
30.05.2025 06:00;46,366090477329664
30.05.2025 06:15;54,51627773680413
30.05.2025 06:30;68,90872643308548
30.05.2025 06:45;65,7351977068127
30.05.2025 07:00;62,97641549027977
30.05.2025 07:15;57,4207163722304
30.05.2025 07:30;52,18337611376517
30.05.2025 07:45;61,0955603205416
30.05.2025 08:00;67,73871550407254
30.05.2025 08:15;62,94765310937365
30.05.2025 08:30;48,39239007690817
30.05.2025 08:45;59,645200646212515
30.05.2025 09:00;44,94607231776989
30.05.2025 09:15;63,76999715876229
30.05.2025 09:30;53,111692336579004
30.05.2025 09:45;48,33442609753415
30.05.2025 10:00;60,7582244143512
30.05.2025 10:15;58,508349472059805
30.05.2025 10:30;55,37738952732373
30.05.2025 10:45;67,30213955848782
30.05.2025 11:00;55,38844159228525
30.05.2025 11:15;45,579361852854944
30.05.2025 11:30;52,47191418347018
30.05.2025 11:45;45,38859922047772
30.05.2025 12:00;54,87072652590655
30.05.2025 12:15;46,60686937888275
30.05.2025 12:30;47,65895639568177
30.05.2025 12:45;35,40615337878324
30.05.2025 13:00;46,78414143515999
30.05.2025 13:15;47,93962321670874
30.05.2025 13:30;41,18452325685868
30.05.2025 13:45;47,79102163021622
30.05.2025 14:00;53,38969661746919
30.05.2025 14:15;50,610890960893485
30.05.2025 14:30;40,71037834716009
30.05.2025 14:45;48,202796495081486
30.05.2025 15:00;46,872237040825354
30.05.2025 15:15;50,98802826137733
30.05.2025 15:30;48,73955859326278
30.05.2025 15:45;45,2701983903488
30.05.2025 16:00;43,553626591060166
30.05.2025 16:15;46,46010145355268
30.05.2025 16:30;53,06641352542226
30.05.2025 16:45;48,810000140147686
30.05.2025 17:00;58,723968496922694
30.05.2025 17:15;58,01025911118979
30.05.2025 17:30;63,58478431569361
30.05.2025 17:45;64,87918965654744
30.05.2025 18:00;69,4897460970079
30.05.2025 18:15;52,960200884647094
30.05.2025 18:30;68,11739181213406
30.05.2025 18:45;74,05699759450827
30.05.2025 19:00;76,84564239266986
30.05.2025 19:15;62,50794627646718
30.05.2025 19:30;72,89917760729656
30.05.2025 19:45;68,82168534370638
30.05.2025 20:00;80,64173611184994
30.05.2025 20:15;57,10500172594921
30.05.2025 20:30;60,11363169115012
30.05.2025 20:45;51,455225714802474
30.05.2025 21:00;63,54643491318991
30.05.2025 21:15;76,7666734397447
30.05.2025 21:30;59,00145164498177
30.05.2025 21:45;58,49502107780256
30.05.2025 22:00;60,23353469072766
30.05.2025 22:15;54,300615994248936
30.05.2025 22:30;56,55952481851912
30.05.2025 22:45;55,77826642518258
30.05.2025 23:00;46,29798868076489
30.05.2025 23:15;50,88192006171997
30.05.2025 23:30;56,183348691440585
30.05.2025 23:45;57,05046284291254
31.05.2025 00:00;55,684447504274125
31.05.2025 00:15;48,945548189660116
31.05.2025 00:30;49,09201625377368
31.05.2025 00:45;51,85902072890837
31.05.2025 01:00;42,453768757798414
31.05.2025 01:15;42,18079723331043
31.05.2025 01:30;45,778358186570735
31.05.2025 01:45;37,75669459183177
31.05.2025 02:00;49,572523719737646
31.05.2025 02:15;54,12693712386144
31.05.2025 02:30;41,89413501611428
31.05.2025 02:45;50,01969220892225
31.05.2025 03:00;42,71423620626658
31.05.2025 03:15;40,18992967055948
31.05.2025 03:30;61,93455177031777
31.05.2025 03:45;40,83022642273191
31.05.2025 04:00;39,25969853161723
31.05.2025 04:15;50,162977625525606
31.05.2025 04:30;51,06574271064823
31.05.2025 04:45;54,46615737063344
31.05.2025 05:00;64,49533634275265
31.05.2025 05:15;45,80961104682537
31.05.2025 05:30;48,00764844204365
31.05.2025 05:45;64,12195391611269
31.05.2025 06:00;60,139422366442524
31.05.2025 06:15;59,84722506597641
31.05.2025 06:30;50,802599945036434
31.05.2025 06:45;63,21703031842125
31.05.2025 07:00;61,0810993379777
31.05.2025 07:15;57,20093186308594
31.05.2025 07:30;52,30426722496803
31.05.2025 07:45;57,52333167194497
31.05.2025 08:00;68,63471456854336
31.05.2025 08:15;49,36046160769735
31.05.2025 08:30;51,519507890242274
31.05.2025 08:45;52,13354832114263
31.05.2025 09:00;52,83441881912359
31.05.2025 09:15;55,07307277733896
31.05.2025 09:30;61,018226888410226
31.05.2025 09:45;57,196850911704004
31.05.2025 10:00;52,98826370026962
31.05.2025 10:15;53,27296340797363
31.05.2025 10:30;54,91079490972233
31.05.2025 10:45;37,87043123546316
31.05.2025 11:00;56,04869710459772
31.05.2025 11:15;41,670752413675594
31.05.2025 11:30;42,60252647819568
31.05.2025 11:45;46,08461632591827
31.05.2025 12:00;42,34548137275532
31.05.2025 12:15;45,70575618519187
31.05.2025 12:30;43,052656882963795
31.05.2025 12:45;40,4877386387968
31.05.2025 13:00;54,62595454892606
31.05.2025 13:15;49,69895547979063
31.05.2025 13:30;47,74117378648885
31.05.2025 13:45;50,94701732725544
31.05.2025 14:00;41,38471187862197
31.05.2025 14:15;62,045288865723066
31.05.2025 14:30;40,19166166885952
31.05.2025 14:45;48,64384603323895
31.05.2025 15:00;45,303054261556966
31.05.2025 15:15;44,515855056240895
31.05.2025 15:30;42,73305841676133
31.05.2025 15:45;38,87555600458568
31.05.2025 16:00;51,28545489626765
31.05.2025 16:15;33,71529488314764
31.05.2025 16:30;48,75018752231884
31.05.2025 16:45;46,63279092675561
31.05.2025 17:00;41,15439671310008
31.05.2025 17:15;49,13059691559696
31.05.2025 17:30;47,51171681556232
31.05.2025 17:45;43,948563062751376
31.05.2025 18:00;46,96823642625576
31.05.2025 18:15;62,0157768503487
31.05.2025 18:30;64,22840322337193
31.05.2025 18:45;63,67060288911048
31.05.2025 19:00;61,25604138686353
31.05.2025 19:15;63,53207736847588
31.05.2025 19:30;63,16284157329958
31.05.2025 19:45;53,33012207118824
31.05.2025 20:00;65,3509353215338
31.05.2025 20:15;67,69145788820663
31.05.2025 20:30;63,39413536291845
31.05.2025 20:45;73,85265380025835
31.05.2025 21:00;52,88507616553867
31.05.2025 21:15;53,643103306715844
31.05.2025 21:30;57,59437728967311
31.05.2025 21:45;56,84555683665241
31.05.2025 22:00;40,424804266353924
31.05.2025 22:15;56,684936733601795
31.05.2025 22:30;53,086961906572355
31.05.2025 22:45;35,548435478228846
31.05.2025 23:00;48,751321708397725
31.05.2025 23:15;43,23185773416957
31.05.2025 23:30;45,16795670098494
31.05.2025 23:45;38,535125879398436
