timestamp;forecast_model_1;forecast_model_2;forecast_model_3
01.05.2025 00:00;0,0;0,04949852482126333;0,030717391544924727
01.05.2025 00:15;0,0;0,0;0,09462014001367218
01.05.2025 00:30;0,0;0,07096974794891325;0,21248830942416325
01.05.2025 00:45;0,03519302476344812;0,0;0,21002678036915584
01.05.2025 01:00;0,0;0,0;0,08696781807842821
01.05.2025 01:15;0,11152524036443602;0,0;0,0
01.05.2025 01:30;0,1600234395281278;0,0805395708978397;0,0
01.05.2025 01:45;0,06884848489110434;0,0;0,031003605071961905
01.05.2025 02:00;0,12905903834558619;0,0;0,16418764737260785
01.05.2025 02:15;0,0;0,16976172159089933;0,053147222908992785
01.05.2025 02:30;0,4234676116900718;0,0;0,0
01.05.2025 02:45;0,0;0,0;0,13050932322397008
01.05.2025 03:00;0,0;0,10386961804149979;0,13972487321636126
01.05.2025 03:15;0,13520378741203393;0,0;0,0
01.05.2025 03:30;0,11290819572914887;0,0;0,14825425128802835
01.05.2025 03:45;0,07310835287135233;0,04585729045842533;0,09419481215900645
01.05.2025 04:00;0,10129779869896617;0,0;0,0
01.05.2025 04:15;0,0;0,03316485701523218;0,1906951674326527
01.05.2025 04:30;0,23839480418067513;0,0;0,0
01.05.2025 04:45;0,0;0,12832088886827228;0,0
01.05.2025 05:00;0,18688412734062776;0,08199949902748634;0,0
01.05.2025 05:15;3,1102956920405487;1,8303505740832033;2,578319563571772
01.05.2025 05:30;5,673139540858935;2,278618483810487;5,838217775423574
01.05.2025 05:45;8,968590762485805;7,925658016385075;1,5650209823156742
01.05.2025 06:00;9,418189675371856;3,465467553324814;10,138958823442788
01.05.2025 06:15;11,012649851406454;8,692721416156045;12,770417689822185
01.05.2025 06:30;14,226399628477242;7,104199142479764;17,617480249658385
01.05.2025 06:45;11,059458456628208;9,341736547055994;4,79481022907321
01.05.2025 07:00;11,87195957245599;8,646200763315905;7,863378018445058
01.05.2025 07:15;9,551567384414037;10,287012247723444;14,080151313742862
01.05.2025 07:30;9,027557328745083;12,17928013474345;0,730624768171614
01.05.2025 07:45;9,471827846173476;9,234597556630401;10,936884687495937
01.05.2025 08:00;7,555315796518767;2,6026013639006966;11,897163155065211
01.05.2025 08:15;7,275152944540554;6,26378058956496;4,365125989164509
01.05.2025 08:30;6,8409446756326275;3,3681418328605606;5,049552506924288
01.05.2025 08:45;6,768649190475134;3,276681994640442;3,230851570294062
01.05.2025 09:00;6,335450716186585;1,1925231066768625;4,668504069266506
01.05.2025 09:15;4,309111933586856;0,804255671053111;4,234157888807387
01.05.2025 09:30;4,065884480082363;5,884840187570271;2,607812700368024
01.05.2025 09:45;1,007188876484422;1,283685130337576;1,8786827136967452
01.05.2025 10:00;3,856657193331565;1,7541071226544729;4,610599430807355
01.05.2025 10:15;4,684856925494088;0,9478342325658768;5,014024302329726
01.05.2025 10:30;3,1774054680198303;9,64862194933502;14,988734981765171
01.05.2025 10:45;3,619543086168215;5,620981399147185;5,176310572489638
01.05.2025 11:00;3,323185081807969;1,4225055517534717;9,353832187605178
01.05.2025 11:15;3,4070798195875973;2,64911384030599;5,770456710896877
01.05.2025 11:30;2,9075762285099254;3,7004521742253393;6,586487195362888
01.05.2025 11:45;9,126219152906032;6,362706685796952;3,6947716476093557
01.05.2025 12:00;10,04973032127865;5,643671664533566;5,676115372556845
01.05.2025 12:15;11,464605617078515;11,527266293214156;9,672874179192469
01.05.2025 12:30;11,839852240561294;11,714378233956932;13,005641851905176
01.05.2025 12:45;7,062522619572355;3,8962108449880746;16,28921315209439
01.05.2025 13:00;10,258005698125755;1,0342570615632543;1,8640255869297633
01.05.2025 13:15;3,0590391262261;2,1772126075966707;6,287462311848643
01.05.2025 13:30;2,267511381813634;0,5402131825399974;1,4447279176609324
01.05.2025 13:45;0,0;5,932281956166456;4,788225581135741
01.05.2025 14:00;0,9195073793880715;2,9712567985627962;9,883178378424116
01.05.2025 14:15;1,303646389517071;2,351317741111207;3,3437249893764074
01.05.2025 14:30;0,33884766841896774;0,20980682384878424;5,892945676510454
01.05.2025 14:45;4,175529425452112;0,3193587069533139;11,998547438192462
01.05.2025 15:00;1,9783184759856316;0,0;8,876914480793959
01.05.2025 15:15;4,4487996447144145;6,944981203763263;6,32331724244659
01.05.2025 15:30;6,72587404376248;11,247874805213323;14,437473897753435
01.05.2025 15:45;15,052780105298194;19,591439157684075;15,90667127160707
01.05.2025 16:00;18,30382396853249;20,320933461792826;25,036974534955732
01.05.2025 16:15;22,440279729566587;26,05602165401129;30,237068490700118
01.05.2025 16:30;27,066108469590777;32,30615930543864;27,39431865185486
01.05.2025 16:45;38,38548065454536;39,073298088674335;37,71799182682358
01.05.2025 17:00;34,363137111786166;34,72907540261562;38,218275681302764
01.05.2025 17:15;32,89956781640181;41,71364118758089;41,63665909481663
01.05.2025 17:30;35,59089443171;40,95943804620633;43,77721136825535
01.05.2025 17:45;35,51984054738643;36,69933392377983;40,90792020570093
01.05.2025 18:00;35,679889446771114;32,81644448855483;36,63105759844777
01.05.2025 18:15;32,3546325502503;34,46921249943008;38,19930197341673
01.05.2025 18:30;28,779904462538074;34,616012408582996;27,124799109969636
01.05.2025 18:45;22,911513585958307;31,728422482119274;22,04059992155979
01.05.2025 19:00;23,670078854834948;26,82752239081378;13,163545162423056
01.05.2025 19:15;18,04029736478772;27,677932199998086;22,371485447225663
01.05.2025 19:30;14,101223338777029;17,415160912237198;14,858385813582544
01.05.2025 19:45;10,325214320407582;16,618483103820978;16,43576908535022
01.05.2025 20:00;8,155956855485622;11,004648329410795;5,13663957801621
01.05.2025 20:15;8,283709332256567;6,039611898949193;5,964671019542328
01.05.2025 20:30;5,280534652350432;3,0896509662548413;7,993977406930954
01.05.2025 20:45;4,798056347338863;0,0;0,6882938582435632
01.05.2025 21:00;0,49426716441177465;4,4479610868067105;3,8183898426092036
01.05.2025 21:15;0,9516594726805788;0,0;0,0
01.05.2025 21:30;0,0;0,0;0,0
01.05.2025 21:45;0,0;0,0621822535462545;0,0
01.05.2025 22:00;0,03848527552217866;0,0;0,04556908014734475
01.05.2025 22:15;0,0;0,0;0,19655533493595867
01.05.2025 22:30;0,0858180227371955;0,0;0,18716128077920818
01.05.2025 22:45;0,04756056787032685;0,0;0,10854963221128734
01.05.2025 23:00;0,05490716962487675;0,0;0,0
01.05.2025 23:15;0,0;0,0;0,0
01.05.2025 23:30;0,0;0,17835504132602814;0,02492536796381527
01.05.2025 23:45;0,0;0,055357976400984076;0,0
02.05.2025 00:00;0,07429650625611488;0,0;0,0
02.05.2025 00:15;0,14839454931502002;0,0;0,2857984796182248
02.05.2025 00:30;0,022571388301292187;0,0;0,015879022975671182
02.05.2025 00:45;0,0;0,03002336326327886;0,08136191117862275
02.05.2025 01:00;0,016136821435015207;0,0;0,1481840821422669
02.05.2025 01:15;0,39166143426138933;0,23199707749759146;0,008243767450868947
02.05.2025 01:30;0,24690079904816786;0,0;0,38865932518685536
02.05.2025 01:45;0,0;0,00880807383668003;0,0
02.05.2025 02:00;0,009501473054226705;0,0;0,0
02.05.2025 02:15;0,13981792878830165;0,0;0,0
02.05.2025 02:30;0,0;0,026548710760197908;0,23439874296409552
02.05.2025 02:45;0,0;0,0;0,12031288113279702
02.05.2025 03:00;0,0;0,0;0,0
02.05.2025 03:15;0,08282842281519782;0,04903644384229846;0,0
02.05.2025 03:30;0,0;0,2272234922341484;0,20773357509039056
02.05.2025 03:45;0,1783032977414056;0,021745405546174105;0,05425315730082891
02.05.2025 04:00;0,0;0,17162794252097066;0,2115626952924507
02.05.2025 04:15;0,0;0,09324035662781734;0,0
02.05.2025 04:30;0,1686525242098043;0,16265300620017759;0,07673029836503993
02.05.2025 04:45;0,0;0,0;0,04503414828660043
02.05.2025 05:00;0,0;0,0;0,0
02.05.2025 05:15;3,5055559182777367;0,0;0,0
02.05.2025 05:30;3,8999102644985504;0,0;6,776442369001847
02.05.2025 05:45;7,2913248236472565;5,234199183475694;0,8225835082089885
02.05.2025 06:00;6,276765533769085;0,8743339313084064;10,436995475550884
02.05.2025 06:15;7,706241269148571;5,686601137486964;11,38799206217655
02.05.2025 06:30;8,992088914322503;6,867567220950379;6,930645970013721
02.05.2025 06:45;10,67495318912228;11,504623080705034;15,11636579849814
02.05.2025 07:00;9,173908469152462;8,397017421988027;12,45385583602423
02.05.2025 07:15;12,466677805822497;7,742640541802992;6,543355267204602
02.05.2025 07:30;10,607876798144048;9,747371849573788;8,066708984464627
02.05.2025 07:45;5,082236458147072;1,803882618797763;12,456626133343043
02.05.2025 08:00;9,023551316565403;3,659447611132232;10,796993391674166
02.05.2025 08:15;8,955000268281307;0,8140325779739328;1,08430791621395
02.05.2025 08:30;6,272163327339947;1,5162415561407236;4,794733700736952
02.05.2025 08:45;9,289607166315951;6,607964649175429;8,487425000060512
02.05.2025 09:00;3,9099709070728093;3,0028923553956655;3,3030761692993336
02.05.2025 09:15;0,0006887546259051192;0,0;14,609467072045199
02.05.2025 09:30;1,1060661018232327;3,2253082565415676;7,763279531600436
02.05.2025 09:45;5,70494848021904;7,426870966269195;7,203482258906151
02.05.2025 10:00;1,1346152622848653;0,0;9,692628302430995
02.05.2025 10:15;0,9616837374435396;1,4471356983618793;4,151618217309371
02.05.2025 10:30;3,0780642758113674;1,1071406058950648;10,263424256058698
02.05.2025 10:45;5,435770657779804;2,669867073648708;0,7421460400889996
02.05.2025 11:00;0,0;0,0;4,444358689083835
02.05.2025 11:15;3,123464126338332;6,72377332973377;11,853682814828709
02.05.2025 11:30;8,70814419261491;2,7606120628121866;15,73450540676161
02.05.2025 11:45;4,400679100346183;8,69244154692511;7,377466398139553
02.05.2025 12:00;8,729372094283477;4,858214887596655;7,512471494203508
02.05.2025 12:15;6,642217119080239;5,658503973382343;14,108346222275925
02.05.2025 12:30;7,410110248796876;9,369037195538917;8,267487059266374
02.05.2025 12:45;7,90652703583799;8,262263959344322;9,253112451627462
02.05.2025 13:00;5,3688330814897895;4,311360849124791;12,220934611425088
02.05.2025 13:15;4,373844840641228;4,503386408079658;5,388728983412925
02.05.2025 13:30;0,0;0,0;0,0
02.05.2025 13:45;2,9782134958221373;0,7406500759660354;0,8426127276505007
02.05.2025 14:00;0,0;0,0;6,138940906122689
02.05.2025 14:15;0,5321965640469302;2,653061166658685;0,0
02.05.2025 14:30;0,8143925738054183;0,0;4,636790818685545
02.05.2025 14:45;1,6229552413817423;5,1353396471938835;0,6385923303885424
02.05.2025 15:00;2,4803978587736824;1,619562851205556;13,898762027828697
02.05.2025 15:15;1,7264867191278326;4,357361467974275;17,551104606639615
02.05.2025 15:30;4,555135447337877;10,580890807693466;8,33373348255085
02.05.2025 15:45;12,783669013401282;12,758681602644927;17,199458830594878
02.05.2025 16:00;17,44809577597194;18,473537279034442;18,080290258024597
02.05.2025 16:15;23,559954132388825;23,775050275513394;24,642701675830065
02.05.2025 16:30;24,40773625848184;29,81647083960126;36,126723571601545
02.05.2025 16:45;24,12863999813544;28,29569274265418;29,30194583981286
02.05.2025 17:00;30,85278934695817;31,92188403332215;31,823588971610125
02.05.2025 17:15;30,884295968629665;35,23833564294126;31,673851861788773
02.05.2025 17:30;31,81510269188189;37,03539564488303;39,42434916629194
02.05.2025 17:45;29,197216503372257;33,75638422913754;21,0279991491825
02.05.2025 18:00;30,75114431056602;35,64670945227064;29,2454611715441
02.05.2025 18:15;25,409580849864238;30,01377639930738;30,370205546873567
02.05.2025 18:30;23,696818170345427;26,77177215583813;25,045034785397544
02.05.2025 18:45;20,842002179885007;22,891628867499023;27,35166256058414
02.05.2025 19:00;16,08376739057389;17,223175566302903;26,228446193592603
02.05.2025 19:15;16,63194620733846;15,461289876745148;13,341611607429183
02.05.2025 19:30;16,325218542022117;13,684258913260228;24,372702790493165
02.05.2025 19:45;9,2743950982193;15,057138690088706;7,325791069241766
02.05.2025 20:00;8,710216580291018;9,316602463721862;15,672135076044729
02.05.2025 20:15;0,04629212121417581;5,462695783894623;8,567990533585895
02.05.2025 20:30;3,686391232146768;8,080643588844456;3,9648260117947216
02.05.2025 20:45;2,2333048025946853;7,892112013011424;3,1842235017062785
02.05.2025 21:00;0,0;2,4761587225815167;0,37070199056584613
02.05.2025 21:15;1,4617714088314937;0,0;1,6396204142792632
02.05.2025 21:30;0,0;0,0;0,0
02.05.2025 21:45;0,0;0,0;0,0
02.05.2025 22:00;0,32159129073541964;0,08194158548459637;0,0
02.05.2025 22:15;0,0;0,11886192333177961;0,07411602355908649
02.05.2025 22:30;0,0;0,018758428666783674;0,11418731195202897
02.05.2025 22:45;0,0;0,1315059866063796;0,14852418001579795
02.05.2025 23:00;0,06833255211071672;0,0;0,09998173397565085
02.05.2025 23:15;0,11761268198754062;0,13280663293486875;0,0
02.05.2025 23:30;0,3414809540164158;0,15237141632788015;0,23279559676154774
02.05.2025 23:45;0,21103463564788216;0,10162445188869952;0,13384627315943173
03.05.2025 00:00;0,028188389087272822;0,020125467522181948;0,20828194524856572
03.05.2025 00:15;0,0;0,10699849986074497;0,21769300567055258
03.05.2025 00:30;0,24360411470210377;0,0;0,0
03.05.2025 00:45;0,0;0,029754339654031278;0,05818191853398555
03.05.2025 01:00;0,0;0,045076571523768365;0,11618477752462165
03.05.2025 01:15;0,0;0,0;0,0
03.05.2025 01:30;0,0;0,07118763794092811;0,0
03.05.2025 01:45;0,0;0,0;0,0
03.05.2025 02:00;0,0;0,0;0,0
03.05.2025 02:15;0,10959849087181771;0,005964143891444767;0,0
03.05.2025 02:30;0,0;0,0;0,0
03.05.2025 02:45;0,0;0,012383105793047718;0,02240373415480164
03.05.2025 03:00;0,0;0,009983548565432989;0,0
03.05.2025 03:15;0,0314354621284674;0,0;0,17733602551154892
03.05.2025 03:30;0,010893878020383708;0,08519616882364962;0,3019468618698687
03.05.2025 03:45;0,0;0,0;0,0684675510621349
03.05.2025 04:00;0,0;0,34319615621020416;0,0
03.05.2025 04:15;0,058273039919875494;0,0;0,09700865660206032
03.05.2025 04:30;0,2085819380534021;0,0;0,0013954384980709533
03.05.2025 04:45;0,0;0,0;0,0
03.05.2025 05:00;0,013335425432314895;0,17213706970474518;0,0
03.05.2025 05:15;4,56736629832679;2,416161424983941;0,0
03.05.2025 05:30;5,970346306679201;0,0;0,0
03.05.2025 05:45;11,167572608814535;3,749978357166863;3,257338830320359
03.05.2025 06:00;8,35787203917145;11,686256718853578;9,186501300828525
03.05.2025 06:15;11,588346809603344;9,977631355855063;2,877718165701827
03.05.2025 06:30;13,23488987608646;6,4956049954786454;7,818009623002029
03.05.2025 06:45;10,352167446446373;10,982635142435457;13,737252810005756
03.05.2025 07:00;12,05386864498458;7,412106894845257;12,39045325774592
03.05.2025 07:15;12,409406791052605;14,757071047211037;18,58201856195791
03.05.2025 07:30;12,50131419359949;6,508563496941906;5,384946406683358
03.05.2025 07:45;9,091548094238185;7,443965153628604;18,98622181376239
03.05.2025 08:00;8,358963432804218;3,5305899075248974;2,3667769379633254
03.05.2025 08:15;9,594516902468774;3,730998403872082;0,010408470425490535
03.05.2025 08:30;8,282806636688967;8,370670728669854;7,308787862089289
03.05.2025 08:45;3,9941105455464974;2,313041105061444;1,1056658207461556
03.05.2025 09:00;4,245721955930305;1,9875502353880896;6,948019041665574
03.05.2025 09:15;7,047380368146091;0,0;6,2759457938504095
03.05.2025 09:30;5,9561846541371235;0,0;5,67570236070189
03.05.2025 09:45;1,6351618694969599;0,0;3,7484408776019253
03.05.2025 10:00;1,6058379630305983;0,6306971865631649;6,577022825357137
03.05.2025 10:15;3,496538353443345;4,105758884598931;4,702183735602961
03.05.2025 10:30;5,466588761210846;0,8762042500610512;11,32435449302769
03.05.2025 10:45;4,384693414096884;5,312205113490719;5,119814856877822
03.05.2025 11:00;5,71198178761439;2,0507283437186254;4,668513828726608
03.05.2025 11:15;6,528366457920802;3,7131599393303807;2,187517127737501
03.05.2025 11:30;7,057567946851086;3,274341215685866;9,95446450117492
03.05.2025 11:45;6,019947627947722;9,477279924951187;6,1762096439196155
03.05.2025 12:00;9,030519799174154;14,962659159587673;8,128309531807796
03.05.2025 12:15;10,364788377237574;5,517707425891286;16,55038679242037
03.05.2025 12:30;9,156684692836016;8,293637333977216;6,435316172069209
03.05.2025 12:45;3,7831131631855515;10,980004548148026;17,741818463677582
03.05.2025 13:00;4,567922655444902;1,433190711996307;10,769274003768304
03.05.2025 13:15;2,6725689928296332;3,98332040180284;7,394206234105407
03.05.2025 13:30;0,9982801045250749;4,806110874335429;2,5852934274767376
03.05.2025 13:45;0,15895473487046907;0,8684896696522636;9,01024338885179
03.05.2025 14:00;1,5217583718164875;2,1522496428556166;5,923945066356624
03.05.2025 14:15;0,0;5,846008045267817;3,533467324695219
03.05.2025 14:30;0,0;5,208587677024241;6,0149717160188665
03.05.2025 14:45;0,3079806751263211;1,3371857154785642;0,0
03.05.2025 15:00;5,114417882209315;2,9536388962192466;2,503247681865834
03.05.2025 15:15;8,08995434099476;3,2204040674694765;5,656333906139975
03.05.2025 15:30;10,155017897646882;12,61038600151301;15,244859978739068
03.05.2025 15:45;11,412593009568681;12,559207916150182;19,33161682922112
03.05.2025 16:00;20,009848496677947;22,259577144721025;29,374388754628338
03.05.2025 16:15;26,081260513984503;28,776635337939407;26,327346339165878
03.05.2025 16:30;31,83799372683603;33,57641459851542;37,90605993091282
03.05.2025 16:45;36,2517447271344;39,71836964893416;38,604294435323666
03.05.2025 17:00;36,09422708075824;48,898438884574745;37,828028239127605
03.05.2025 17:15;39,310240709507255;43,027821799340025;44,22571207056956
03.05.2025 17:30;41,37958722571609;43,668254164303704;43,59139643722872
03.05.2025 17:45;39,515147496940905;44,71494463114263;38,629106486449196
03.05.2025 18:00;33,13666941810963;39,265927352351184;38,16664646493201
03.05.2025 18:15;33,87550895072001;42,30411746799147;37,13027755885038
03.05.2025 18:30;24,694052846726354;34,03584215388551;32,56585192036665
03.05.2025 18:45;25,884908462179308;29,69126990272432;28,4769719019089
03.05.2025 19:00;23,412018317629382;22,638572226743488;22,135229125175503
03.05.2025 19:15;16,98470345639818;17,17864692809746;22,214589756656125
03.05.2025 19:30;16,18777767609379;13,13107538592375;15,428256311209754
03.05.2025 19:45;12,24545318885657;15,280859154980906;10,951951169697425
03.05.2025 20:00;5,304570143607087;7,779713290871168;11,378585472943396
03.05.2025 20:15;8,237340935596762;12,599109376893045;13,071732932179547
03.05.2025 20:30;3,4353224229226216;6,497739759341345;8,186150438590456
03.05.2025 20:45;3,849201894067605;3,064503877089127;2,714788879833768
03.05.2025 21:00;0,0;0,0;0,0
03.05.2025 21:15;0,0;1,5080316597669148;3,493312149461788
03.05.2025 21:30;0,0;0,0;0,0
03.05.2025 21:45;0,14374056060079854;0,0;0,0
03.05.2025 22:00;0,0;0,0;0,0
03.05.2025 22:15;0,0;0,128056912069165;0,12061445882481728
03.05.2025 22:30;0,0;0,0;0,07665383706117994
03.05.2025 22:45;0,0;0,09801292666790266;0,27383642143927434
03.05.2025 23:00;0,025274819214843407;0,14033490384841904;0,10115071107697077
03.05.2025 23:15;0,004731701790664707;0,04116953082128169;0,06364423868435409
03.05.2025 23:30;0,08326263743940868;0,35938610935279997;0,0
03.05.2025 23:45;0,0;0,0;0,0
04.05.2025 00:00;0,0014955577891837234;0,0;0,0
04.05.2025 00:15;0,2072601095483713;0,0;0,0
04.05.2025 00:30;0,311624974786843;0,3391760292912182;0,0
04.05.2025 00:45;0,1920193903457414;0,2697003705153318;0,0
04.05.2025 01:00;0,0;0,1933036301090874;0,24033146420489596
04.05.2025 01:15;0,06765790230654396;0,0;0,05529003194384899
04.05.2025 01:30;0,0;0,0;0,0
04.05.2025 01:45;0,04258508896948815;0,0;0,059771973321003126
04.05.2025 02:00;0,0;0,0;0,0
04.05.2025 02:15;0,0;0,22390569109139616;0,0423146574693636
04.05.2025 02:30;0,0;0,0;0,19162383947212247
04.05.2025 02:45;0,10839040449150228;0,0;0,0
04.05.2025 03:00;0,04319996332107169;0,11615801803851471;0,0
04.05.2025 03:15;0,060442178987153025;0,0;0,0
04.05.2025 03:30;0,03245254844690668;0,007896873190370864;0,19188929924746798
04.05.2025 03:45;0,06067912122685662;0,0;0,038794448534650354
04.05.2025 04:00;0,0794267638630053;0,0;0,0
04.05.2025 04:15;0,0;0,0;0,3551443768775806
04.05.2025 04:30;0,012433584212942468;0,0;0,0
04.05.2025 04:45;0,2614887562304536;0,03383727100595472;0,0
04.05.2025 05:00;0,02130465435017085;0,033182010358876704;0,0
04.05.2025 05:15;0,0;0,0;7,290708931520454
04.05.2025 05:30;2,141146222897513;0,6234539621543159;3,18785926894245
04.05.2025 05:45;6,090881502900937;0,0;2,269384369464545
04.05.2025 06:00;9,250955611404935;6,888041497034059;6,802773828756714
04.05.2025 06:15;8,941909995028405;8,899751205482968;4,977075711634973
04.05.2025 06:30;14,936325509087224;10,541963325476937;9,918364224569808
04.05.2025 06:45;9,20055059325053;9,01875237682309;10,033928080501797
04.05.2025 07:00;11,736578069002256;9,845082343717186;8,47278817493066
04.05.2025 07:15;14,45929345372528;12,98172412778053;14,100471986301338
04.05.2025 07:30;15,985109182188605;7,476532484580927;10,384880044859935
04.05.2025 07:45;11,028597408521245;9,274480970143971;8,73245511475351
04.05.2025 08:00;6,742987158094969;10,09042278986044;5,03747448550113
04.05.2025 08:15;3,023638095336432;9,211276442785344;19,958057054261225
04.05.2025 08:30;1,8305342505558793;0,0;4,241279782604524
04.05.2025 08:45;5,885798032386537;1,9962393419315556;0,0
04.05.2025 09:00;4,063230653727562;3,76596118237879;0,0
04.05.2025 09:15;2,177685478393357;2,120798664660073;9,236733532564616
04.05.2025 09:30;4,634820971256559;0,0;11,895990429923238
04.05.2025 09:45;3,9428788616896253;2,845069015600321;3,303131002292813
04.05.2025 10:00;5,805601972055967;2,1175972927688678;11,576628604619811
04.05.2025 10:15;4,158168319408786;7,40347016156195;9,62737117118315
04.05.2025 10:30;6,937152934355386;2,321514002526553;6,699399570502204
04.05.2025 10:45;3,5010186016994163;5,217803847064407;5,681703012027335
04.05.2025 11:00;3,0364613001621685;0,0;7,4517558676809195
04.05.2025 11:15;8,095409651212496;2,2366517674501356;13,03172509542752
04.05.2025 11:30;4,3607192367120735;7,478203764180683;11,645874366769483
04.05.2025 11:45;14,35408231694554;11,191890287089164;9,84676711135868
04.05.2025 12:00;10,280086719130521;6,689109196364708;12,808830142031201
04.05.2025 12:15;10,56971035714074;9,780340397270185;21,86847197858199
04.05.2025 12:30;10,62943350117851;5,878803133025643;14,889333367919326
04.05.2025 12:45;12,691861114341169;8,567207214787699;16,896037133164892
04.05.2025 13:00;8,330118698214767;9,089835202281186;13,614570691850286
04.05.2025 13:15;0,08846764344376368;2,074997032207369;9,370662069213
04.05.2025 13:30;4,646317413797718;1,1358453895846898;7,42591115583533
04.05.2025 13:45;0,8449190407426703;0,0;10,380005333779893
04.05.2025 14:00;0,0;0,0;8,055047271787346
04.05.2025 14:15;0,0;5,395749383620806;6,9398974140324565
04.05.2025 14:30;1,4549198252953872;0,9435013740032518;3,150638992035046
04.05.2025 14:45;0,06754714977876497;0,0;8,436899823568384
04.05.2025 15:00;2,3491366004995484;1,9914868476450627;7,3990240382758
04.05.2025 15:15;3,776384467490566;0,992102992049281;8,54921655914669
04.05.2025 15:30;11,916901337659503;6,669537372145624;24,059797693114447
04.05.2025 15:45;17,89526039736396;19,484852490671877;12,78749668389047
04.05.2025 16:00;20,33045363376671;22,301141031695554;28,78524893329492
04.05.2025 16:15;26,298371333266378;34,25383297794183;27,13394512291929
04.05.2025 16:30;32,101806288499375;36,14967237901764;37,44113955756187
04.05.2025 16:45;38,62934491615414;40,20711203368258;50,52648190350295
04.05.2025 17:00;37,21770601653243;43,647764560479914;37,70015295633451
04.05.2025 17:15;39,401947730374935;37,28756518414234;40,808914024283524
04.05.2025 17:30;41,86691168723756;44,71881245672734;43,182390632274384
04.05.2025 17:45;37,91417344043748;43,05629545021685;38,836724554878494
04.05.2025 18:00;37,26754256880326;45,42903363751155;44,02169961955006
04.05.2025 18:15;31,78822459554125;41,437648682176;35,879262186980974
04.05.2025 18:30;32,54544578053721;31,646483731830767;36,7888789349761
04.05.2025 18:45;32,50817118108393;35,331470248159135;26,246751008679436
04.05.2025 19:00;25,00869260334673;25,781882846750758;19,27036628655151
04.05.2025 19:15;23,677432100658965;20,975021409223572;22,65746774956109
04.05.2025 19:30;17,298306361283768;21,99843829622114;15,368458159537887
04.05.2025 19:45;14,50526343158865;15,515317492695756;22,711810155312925
04.05.2025 20:00;9,790155322475597;17,609923418752707;7,998419940140395
04.05.2025 20:15;7,387548802396092;10,168356338696686;6,020103447350006
04.05.2025 20:30;7,066994636433936;7,219969820759192;9,319168572068712
04.05.2025 20:45;2,9814561333892584;6,047733405392538;2,398059889033182
04.05.2025 21:00;0,0;4,31876172789505;0,0
04.05.2025 21:15;0,0;1,9680963417552175;9,131630894519134
04.05.2025 21:30;0,0;2,832551376600375;0,0
04.05.2025 21:45;0,006384524468087706;0,0;0,0
04.05.2025 22:00;0,015432676083959911;0,05560265144867344;0,0
04.05.2025 22:15;0,0;0,0;0,09542252397691162
04.05.2025 22:30;0,0;0,10223788035591411;0,19357971678294025
04.05.2025 22:45;0,03130177865481474;0,0;0,0
04.05.2025 23:00;0,0;0,0;0,0
04.05.2025 23:15;0,0;0,0;0,07179589749897122
04.05.2025 23:30;0,0;0,0;0,07619453683937812
04.05.2025 23:45;0,016201770680147606;0,2805958885268884;0,036056450333017555
05.05.2025 00:00;0,08762924162640412;0,0;0,0413609719360099
05.05.2025 00:15;0,0;0,0;0,0
05.05.2025 00:30;0,0;0,13782286001775693;0,014722628183382196
05.05.2025 00:45;0,08855573160832074;0,0;0,0
05.05.2025 01:00;0,018027576413964047;0,04256385065287058;0,16053655905556835
05.05.2025 01:15;0,0;0,0;0,3342689251058816
05.05.2025 01:30;0,11599053634849096;0,19211599742147548;0,02694797275607887
05.05.2025 01:45;0,0;0,0;0,0
05.05.2025 02:00;0,1568111422986702;0,20967869678663043;0,0383792048535102
05.05.2025 02:15;0,0;0,0;0,0
05.05.2025 02:30;0,0;0,0;0,11474675566572305
05.05.2025 02:45;0,02674943808948562;0,2099993678860172;0,0661764613621693
05.05.2025 03:00;0,0;0,02522613371720082;0,0
05.05.2025 03:15;0,0;0,3407198912708449;0,13531002285637175
05.05.2025 03:30;0,0;0,0;0,0028484652518080884
05.05.2025 03:45;0,0;0,03855642794410106;0,0
05.05.2025 04:00;0,0;0,28577239080732264;0,052740666813444
05.05.2025 04:15;0,0;0,0;0,03554887550989894
05.05.2025 04:30;0,19081018300158073;0,0;0,14406272191659372
05.05.2025 04:45;0,0;0,0;0,12473204251122731
05.05.2025 05:00;0,0;0,12200590342099886;0,0
05.05.2025 05:15;5,373686490947771;1,4920407464601215;0,0
05.05.2025 05:30;4,512150142645622;2,4897445162871907;0,6742515420631836
05.05.2025 05:45;6,110926433891674;1,7150135947579082;0,0
05.05.2025 06:00;7,702839941447925;0,11113853788239281;0,7047190031583752
05.05.2025 06:15;7,982212635039914;1,2579813379958633;9,082783202599922
05.05.2025 06:30;9,914623041166719;3,9131896211334056;6,579073147674633
05.05.2025 06:45;10,356187434747833;8,446717708127112;18,308080062951383
05.05.2025 07:00;12,81020069421357;2,1924084877422283;14,564911049789677
05.05.2025 07:15;12,539662811460234;7,636799839609406;16,090816634816115
05.05.2025 07:30;6,980916258299044;6,43261050561201;11,948483420941818
05.05.2025 07:45;8,199174374958064;4,975913798454334;6,388310822740196
05.05.2025 08:00;10,56097223674374;3,1782853517884178;10,126215276132001
05.05.2025 08:15;4,691708894810049;1,7340844201012642;4,464855731783356
05.05.2025 08:30;5,177852518976797;6,560831909310821;11,886213928351857
05.05.2025 08:45;5,471028415942072;3,8880389422105983;7,319765663563215
05.05.2025 09:00;2,5398031635594576;0,9359323174777119;7,22034757728398
05.05.2025 09:15;3,7761483051253695;0,3636924335848244;5,141299565334964
05.05.2025 09:30;0,9837903528867389;1,6770181832195021;12,809462518020371
05.05.2025 09:45;1,4319813047562313;0,0;0,0
05.05.2025 10:00;5,833713446297477;0,0;13,589249459905965
05.05.2025 10:15;1,9435111846453699;2,100822111565795;3,3720543405314714
05.05.2025 10:30;1,6320606438014387;0,0;0,0
05.05.2025 10:45;2,580372720010258;0,0;1,9919685165004264
05.05.2025 11:00;2,4946222941624274;1,1445310751260633;0,0
05.05.2025 11:15;4,026272457793005;3,2116654244633;10,252761872927925
05.05.2025 11:30;5,9052021074622285;0,0;4,249406524512535
05.05.2025 11:45;4,066826490356009;4,701893337202408;10,158529937914109
05.05.2025 12:00;6,545917590762296;8,313887850803601;15,105879758620038
05.05.2025 12:15;6,488745269247153;8,028351626339127;8,672862343800013
05.05.2025 12:30;2,6989520875544724;11,630658908877376;9,257525803345253
05.05.2025 12:45;3,926368018742079;9,016507353709017;5,16705654655138
05.05.2025 13:00;7,222790996950226;7,8758268249351895;7,353656775503533
05.05.2025 13:15;3,1460828374660443;9,815646786097293;17,68979650920781
05.05.2025 13:30;0,0;3,3585250224673557;9,661305118921696
05.05.2025 13:45;0,0;0,9450666193652424;4,758281583068417
05.05.2025 14:00;0,0;2,6425452748969915;2,9082856616328
05.05.2025 14:15;2,9366399256809883;0,0;5,134994241866707
05.05.2025 14:30;0,0;0,3195958566032635;5,8078819942010265
05.05.2025 14:45;2,5454430654635454;0,0;3,8394861586688735
05.05.2025 15:00;1,518491997326952;2,4775307623936627;8,508715984610642
05.05.2025 15:15;3,5051141877773464;1,6238174811902741;4,260729755080726
05.05.2025 15:30;2,974744790057276;4,943255265344816;7,191315248021775
05.05.2025 15:45;11,750100215889669;12,555777238145357;16,537785210935084
05.05.2025 16:00;13,613805785907267;15,89512795510515;14,57094627629477
05.05.2025 16:15;19,928258309335703;15,353685169148676;25,864369674153934
05.05.2025 16:30;19,68052824348845;20,03573509060336;25,800237137435225
05.05.2025 16:45;25,69440689865918;25,26421834682655;22,32501349482703
05.05.2025 17:00;27,943933007415072;28,06679982061943;31,795157557617653
05.05.2025 17:15;27,374406718528956;32,07892783274253;24,925092089250363
05.05.2025 17:30;28,27602578415782;31,34172759538382;34,10155266432806
05.05.2025 17:45;27,027875366815298;33,74173443005267;30,276887209275692
05.05.2025 18:00;24,627399183000342;31,139764758610283;36,94800771439112
05.05.2025 18:15;26,13595358202199;28,761772696394384;30,77784943918412
05.05.2025 18:30;23,707301204503796;26,078102192290704;20,799386965046068
05.05.2025 18:45;17,867692516117614;22,58517299586592;14,628408421362243
05.05.2025 19:00;17,218160101667436;21,388648092784294;16,304190666036853
05.05.2025 19:15;12,798668346529716;18,9241982209738;12,488140865654145
05.05.2025 19:30;8,33863337812555;13,552138108061733;21,008038389682923
05.05.2025 19:45;12,283705590275282;15,379994381751239;12,939969713744553
05.05.2025 20:00;4,520030718421812;3,081361958251758;14,25924080075104
05.05.2025 20:15;6,715624198958119;5,250355057200453;6,173774339483119
05.05.2025 20:30;2,9147059968012066;3,5723837720302614;4,931198894756987
05.05.2025 20:45;0,0;3,6673587487225543;1,8922331084362074
05.05.2025 21:00;0,26627449115501367;4,171016607164352;5,679020682925074
05.05.2025 21:15;0,4041038111988684;0,0;1,9976655522569668
05.05.2025 21:30;0,0;2,8101513702030454;0,0
05.05.2025 21:45;0,0;0,0;0,0
05.05.2025 22:00;0,1156098101179382;0,08955735848430296;0,00026156250866988677
05.05.2025 22:15;0,0;0,079006004173334;0,054496331950298425
05.05.2025 22:30;0,02009809527869501;0,30215853498029355;0,07256315666475738
05.05.2025 22:45;0,0;0,15682273882685585;0,04521183122041768
05.05.2025 23:00;0,0;0,05460753562466638;0,0
05.05.2025 23:15;0,0;0,20386994027294403;0,14952255300348358
05.05.2025 23:30;0,0;0,08083559116723;0,0
05.05.2025 23:45;0,0013218587260286948;0,0;0,3719105178232234
06.05.2025 00:00;0,03529683395234895;0,0;0,11446055702306387
06.05.2025 00:15;0,0;0,0;0,0
06.05.2025 00:30;0,0;0,0;0,027784399640462327
06.05.2025 00:45;0,13326816464556326;0,026252760802440576;0,1159025277048197
06.05.2025 01:00;0,0;0,0;0,0
06.05.2025 01:15;0,0;0,0;0,0
06.05.2025 01:30;0,0;0,004287265432416717;0,0
06.05.2025 01:45;0,0;0,08213061673197607;0,0813139416518327
06.05.2025 02:00;0,039151726949715096;0,24402013237595255;0,0
06.05.2025 02:15;0,0;0,02784803031679046;0,0
06.05.2025 02:30;0,0;0,0;0,0805252120400889
06.05.2025 02:45;0,19864247881049812;0,0;0,0
06.05.2025 03:00;0,13801342714977438;0,10305164371685727;0,0
06.05.2025 03:15;0,0;0,0;0,0
06.05.2025 03:30;0,0;0,13002554657420207;0,0
06.05.2025 03:45;0,08901856069780224;0,2096130228243853;0,07266801456824179
06.05.2025 04:00;0,0;0,0;0,0
06.05.2025 04:15;0,2250861966532436;0,08308388381384439;0,0
06.05.2025 04:30;0,09245045978115153;0,19389336155090162;0,05201777048807669
06.05.2025 04:45;0,044919828578099716;0,15285589879204228;0,0
06.05.2025 05:00;0,0;0,0;0,0
06.05.2025 05:15;2,4468990953114114;2,7893532190266503;0,7769060564398266
06.05.2025 05:30;5,488410050475367;0,0;0,0
06.05.2025 05:45;9,118645898106369;1,7932768917215498;1,782309504467257
06.05.2025 06:00;7,621049722875224;0,7392498169885102;9,320546443880708
06.05.2025 06:15;6,946995887059364;3,246112744912848;10,632321674234188
06.05.2025 06:30;15,514144266389888;11,59410026984821;2,8699293541917914
06.05.2025 06:45;9,55698397155098;12,12694399421645;6,297545037839264
06.05.2025 07:00;10,211352727147913;6,057889015386682;8,84566253513677
06.05.2025 07:15;7,7759840213884495;7,931535916751816;13,304732784243704
06.05.2025 07:30;12,40543833366037;7,166447200851481;14,076255493188102
06.05.2025 07:45;10,557372042252247;7,9416405584591505;19,60054313760464
06.05.2025 08:00;11,146697471528128;0,0;4,958432935490638
06.05.2025 08:15;2,6116880924762453;0,0;4,519811992496874
06.05.2025 08:30;9,085790342730498;5,262759358082;9,527789962433813
06.05.2025 08:45;4,445210967424291;0,0;2,902547562846173
06.05.2025 09:00;4,594668961694876;0,0;4,0444191145238815
06.05.2025 09:15;1,847287605357455;3,560559879331868;5,261461399647965
06.05.2025 09:30;8,208831913903937;4,494251764574997;0,0
06.05.2025 09:45;4,54292491332722;0,6213270042047855;5,811474835547066
06.05.2025 10:00;1,7261476838382792;0,0;3,7066170440339508
06.05.2025 10:15;4,1195292119794615;3,376999531845836;10,734261285977995
06.05.2025 10:30;1,2503404225728358;1,9435173611090089;5,851041600438917
06.05.2025 10:45;1,7560156599654435;0,0;1,1581191353578806
06.05.2025 11:00;1,7650330959597493;1,4460020097510977;5,1446375438075105
06.05.2025 11:15;0,8694376558696701;4,546199778828594;0,0
06.05.2025 11:30;7,241219620518918;9,306566600190191;4,446455497436515
06.05.2025 11:45;7,637042314534949;6,646360921761603;11,769330713765529
06.05.2025 12:00;6,308619745969416;10,593057497627209;10,773793841242671
06.05.2025 12:15;9,776143266506915;7,281477233465249;16,93548294320711
06.05.2025 12:30;6,825707889723446;5,79769122211336;3,8870586573981107
06.05.2025 12:45;6,300771017216132;4,870315548451122;9,292748310324932
06.05.2025 13:00;2,713955415067843;3,449629028310568;6,892653187646715
06.05.2025 13:15;1,0456145485960704;0,003625139011241174;11,634765463856422
06.05.2025 13:30;2,1260195133892155;3,2667602576246866;7,94038917980894
06.05.2025 13:45;0,41653497184547467;2,92553212592905;8,417950211025683
06.05.2025 14:00;3,8175529290337127;0,0;11,360949375322082
06.05.2025 14:15;1,2428568868505747;3,170666286834333;5,113484064533185
06.05.2025 14:30;0,0;0,8543831298568816;10,826857967322386
06.05.2025 14:45;4,191376919982713;4,238486939365604;3,069739458502645
06.05.2025 15:00;2,3257902053625683;0,0;2,304129314620039
06.05.2025 15:15;5,746498261800398;4,855993513401612;12,743556127707624
06.05.2025 15:30;9,636620086308856;8,376212431400113;6,548084542567469
06.05.2025 15:45;9,212677997105752;13,816700494713455;17,964481433300318
06.05.2025 16:00;15,531688884969796;16,19007778032602;21,090686472819975
06.05.2025 16:15;20,672238771219398;16,841015018273854;29,931565566400984
06.05.2025 16:30;21,434586627270345;23,963861931983715;28,213994741942603
06.05.2025 16:45;25,78278788365287;29,242422978646335;30,79010363602757
06.05.2025 17:00;32,323884213524465;33,22288443345396;35,704952633711535
06.05.2025 17:15;30,687500970880244;38,23413988988171;31,440000490161925
06.05.2025 17:30;28,026991873062595;35,83026372342551;31,619951062729633
06.05.2025 17:45;26,99773821167508;33,83348029802297;35,612011990214526
06.05.2025 18:00;30,81327058437672;30,69967752479531;30,919794398897015
06.05.2025 18:15;25,26846723103154;31,57024503440991;27,282289226121485
06.05.2025 18:30;23,091196132660883;25,835678848081322;27,37194911878744
06.05.2025 18:45;20,470265882116063;23,39635218118539;30,650565505206664
06.05.2025 19:00;13,903533833750362;16,316972898321243;18,297030007653476
06.05.2025 19:15;19,16441598161813;22,465951487248763;17,43453813273282
06.05.2025 19:30;12,460639219605971;16,33350942718938;9,308270638297076
06.05.2025 19:45;12,70474465596711;9,772412237747773;12,575927537374097
06.05.2025 20:00;7,206286379522638;8,216242242696584;12,362237902353352
06.05.2025 20:15;9,13401784909955;8,934098085581573;12,012855250226668
06.05.2025 20:30;4,4090260438605196;4,233710765628302;6,5384137439025976
06.05.2025 20:45;5,177571663382992;2,9203704265258645;9,231254269130995
06.05.2025 21:00;2,111188774352775;0,0;5,3529227034161035
06.05.2025 21:15;0,545352092094984;0,5808979044446261;5,257653563525774
06.05.2025 21:30;0,0;0,0;3,937210621910247
06.05.2025 21:45;0,07371604422967074;0,0;0,0
06.05.2025 22:00;0,0;0,0;0,05511387688017221
06.05.2025 22:15;0,1957866800115103;0,07852091327205762;0,011848945141260258
06.05.2025 22:30;0,06332078835273629;0,061998993522824605;0,0
06.05.2025 22:45;0,0;0,0;0,0
06.05.2025 23:00;0,1207016142198472;0,0;0,001914371798028717
06.05.2025 23:15;0,3362287333704503;0,12010797455116602;0,07207076407886527
06.05.2025 23:30;0,0;0,022196398683618328;0,014663832198645595
06.05.2025 23:45;0,08256197845369388;0,021940037924979193;0,2457098280738229
07.05.2025 00:00;0,0;0,0;0,10571617539075429
07.05.2025 00:15;0,012802832642751784;0,0;0,0
07.05.2025 00:30;0,0;0,0;0,11074181341448458
07.05.2025 00:45;0,0;0,007814017685268659;0,0072993417586617775
07.05.2025 01:00;0,006536599474591711;0,09228817804994334;0,006778913178398111
07.05.2025 01:15;0,2698496665267122;0,10447498864431927;0,19445456959665333
07.05.2025 01:30;0,0;0,01287921287448618;0,0
07.05.2025 01:45;0,0;0,1642362546877247;0,003496447208243761
07.05.2025 02:00;0,1932175826746553;0,0;0,17845650039744068
07.05.2025 02:15;0,0;0,0;0,04634858372623363
07.05.2025 02:30;0,0;0,07155805041273085;0,0
07.05.2025 02:45;0,0;0,01895693315838821;0,0
07.05.2025 03:00;0,0;0,07453972735197952;0,0
07.05.2025 03:15;0,0;0,0;0,3114271784641122
07.05.2025 03:30;0,0;0,26861941329165673;0,04627677318762174
07.05.2025 03:45;0,0;0,10657536204954621;0,0
07.05.2025 04:00;0,017705825048561025;0,0;0,05241853336947613
07.05.2025 04:15;0,0;0,0;0,0
07.05.2025 04:30;0,0;0,16157301156483733;0,0
07.05.2025 04:45;0,0;0,0;0,0
07.05.2025 05:00;0,0;0,33920472371881044;0,0
07.05.2025 05:15;0,2353444210666531;0,0;0,0
07.05.2025 05:30;5,3104401709898665;1,402500611862869;4,910824423163679
07.05.2025 05:45;10,191182500761169;0,23122025924125977;3,505874906933099
07.05.2025 06:00;10,149907248508562;4,160430797821799;4,632987980824638
07.05.2025 06:15;10,608283163836104;5,606844663699028;5,671055161698393
07.05.2025 06:30;10,050809683007321;10,074566508803608;11,18385917317102
07.05.2025 06:45;7,496463267169833;8,843802802210787;13,613813269390336
07.05.2025 07:00;10,992964902664518;9,16074328556927;8,368374187925546
07.05.2025 07:15;15,29035312375559;10,212171838356863;7,098248233942641
07.05.2025 07:30;9,368779790874523;10,201429457626697;14,601403186104688
07.05.2025 07:45;8,11874789591523;4,1308579780537125;4,151160879841149
07.05.2025 08:00;8,065217221438502;1,7402979179279123;11,009612238859559
07.05.2025 08:15;2,7964219890238087;7,892478913282179;12,199735866776948
07.05.2025 08:30;2,5140842608164693;0,910497002353968;12,49869824051348
07.05.2025 08:45;4,970020157976339;2,4751300526939244;9,317015325172493
07.05.2025 09:00;4,428636164631809;3,098237158967707;10,538180061577323
07.05.2025 09:15;3,3061569303045837;4,220394140345131;15,589372829434945
07.05.2025 09:30;2,9723614319136065;7,3629112799571015;0,0
07.05.2025 09:45;3,9389636752705135;2,4882290590409983;3,3887030543506085
07.05.2025 10:00;2,302124877548764;0,0;8,752336428299918
07.05.2025 10:15;3,404307098750784;0,0;5,193496784885455
07.05.2025 10:30;4,6400762799277375;0,8130516038049129;11,42534443784708
07.05.2025 10:45;3,5980971419343826;1,7681379006005207;6,946669979342243
07.05.2025 11:00;3,330995477784531;0,0;7,8497733064189825
07.05.2025 11:15;6,0580095082278556;6,308439899483689;7,608929854933199
07.05.2025 11:30;7,570267094348421;2,50638000266877;7,886411412493776
07.05.2025 11:45;7,689009092725426;11,497728881747072;9,654447118903548
07.05.2025 12:00;9,366012784637132;13,839630029710605;14,279081260140963
07.05.2025 12:15;6,584957559170808;7,255883510639132;9,254790873276056
07.05.2025 12:30;5,481926441563324;8,232722987737551;15,42034656341464
07.05.2025 12:45;9,31103014433187;4,4743860804618;14,915321643402748
07.05.2025 13:00;6,651763443468446;7,454030787623497;14,910439640096131
07.05.2025 13:15;3,220682060041068;0,8385448919331773;2,8142265184333173
07.05.2025 13:30;0,879491119686703;0,0;0,0
07.05.2025 13:45;0,8514790282716955;0,0;6,03804507541996
07.05.2025 14:00;2,2573217665517253;0,0;17,83620951157071
07.05.2025 14:15;3,1867904664841546;0,7394481325612314;11,81007293510168
07.05.2025 14:30;2,4816743358081004;3,587497326004997;3,953910457563155
07.05.2025 14:45;0,5451156749930386;0,0;7,9950732586972055
07.05.2025 15:00;4,611611367409603;7,190451527945504;10,27919747270722
07.05.2025 15:15;5,422762723060648;2,3972912920625324;4,904060336255093
07.05.2025 15:30;9,797460495530512;14,271655809109014;19,269619963257583
07.05.2025 15:45;13,48932660607555;11,983205904941784;17,31031597529882
07.05.2025 16:00;20,952096759553125;22,9210026549418;24,79993616774579
07.05.2025 16:15;24,244504994690494;27,335424518917147;30,24429422463823
07.05.2025 16:30;31,517934440993653;32,532033152840505;38,87495284456273
07.05.2025 16:45;38,27649963703669;38,33716776204439;33,559624270323056
07.05.2025 17:00;35,68797427427509;44,416559059922534;33,34368347203836
07.05.2025 17:15;37,823881162746495;44,95502448770071;42,54027570691343
07.05.2025 17:30;36,81663511960619;40,6997557245885;32,96882793756498
07.05.2025 17:45;36,33895293586647;41,87934895044949;39,41522323328469
07.05.2025 18:00;38,15650735875347;36,85190505005812;43,052337316505955
07.05.2025 18:15;31,284923159050724;33,65459899710796;38,11044045471392
07.05.2025 18:30;28,652891376615464;29,956425072979638;36,87025240229311
07.05.2025 18:45;23,001964501010896;28,155394710835306;31,697487807204613
07.05.2025 19:00;19,89335642237262;24,837837940590845;34,0712708467741
07.05.2025 19:15;15,900590376943336;16,70647842971745;19,843857368811463
07.05.2025 19:30;16,8797431319171;17,703104426431793;20,001238357082425
07.05.2025 19:45;17,59161674579415;17,956264354686198;12,930876410880003
07.05.2025 20:00;10,292128383787464;15,783379225990132;17,320974331659247
07.05.2025 20:15;4,9891491088335425;8,185732520876728;10,384153063367085
07.05.2025 20:30;7,404038251234289;2,9809657481248104;14,618141320232102
07.05.2025 20:45;1,2496913172383317;4,777451806422302;2,549072931926119
07.05.2025 21:00;4,251128095402102;0,0;8,995129102877037
07.05.2025 21:15;0,0;2,793751996657966;3,2945308622936027
07.05.2025 21:30;0,0;0,0;0,0
07.05.2025 21:45;0,0;0,0;0,0
07.05.2025 22:00;0,0;0,25807578219084165;0,0
07.05.2025 22:15;0,012864966592175753;0,0;0,153193164590619
07.05.2025 22:30;0,16012248243969165;0,2371120063230462;0,0
07.05.2025 22:45;0,01926992936861616;0,0;0,08023381677043193
07.05.2025 23:00;0,0;0,0028254567820049908;0,14349710847678204
07.05.2025 23:15;0,0;0,12071239952558496;0,002486952781118658
07.05.2025 23:30;0,0;0,09931157050437338;0,0
07.05.2025 23:45;0,0;0,1651142750486825;0,01995343807914956
08.05.2025 00:00;0,0;0,0;0,0
08.05.2025 00:15;0,0;0,012721255927471642;0,18058638930849455
08.05.2025 00:30;0,0;0,18725828639971068;0,2814800811216739
08.05.2025 00:45;0,0;0,0;0,21747177455564332
08.05.2025 01:00;0,14886874140097361;0,08588115916776028;0,0
08.05.2025 01:15;0,1638090625170139;0,0;0,0
08.05.2025 01:30;0,0;0,030881115987390798;0,0006238708171734259
08.05.2025 01:45;0,0;0,012682532462167252;0,06945869406338148
08.05.2025 02:00;0,0;0,0;0,0
08.05.2025 02:15;0,12143182733251866;0,0;0,0
08.05.2025 02:30;0,021825982894742527;0,021739837811505888;0,19601846244380886
08.05.2025 02:45;0,013918479396156256;0,0;0,0
08.05.2025 03:00;0,08043939201317844;0,23591039246913584;0,0
08.05.2025 03:15;0,0;0,15149333352245417;0,0
08.05.2025 03:30;0,2045829861531086;0,04349707477402449;0,05857119649683223
08.05.2025 03:45;0,0;0,0;0,0
08.05.2025 04:00;0,0;0,0;0,0362438463276075
08.05.2025 04:15;0,0;0,2960716552920616;0,0
08.05.2025 04:30;0,1847892486311808;0,0;0,0
08.05.2025 04:45;0,0;0,017078942722578587;0,21365702448319862
08.05.2025 05:00;0,14243366985672473;0,0541423071523019;0,05972848669334635
08.05.2025 05:15;0,7372317540173583;4,40291886269601;0,3175443687565469
08.05.2025 05:30;5,756667594267084;4,3298921165639666;0,0
08.05.2025 05:45;8,897207914355151;4,891992992691613;15,059967845619482
08.05.2025 06:00;4,914483425136643;3,7163476367325723;3,993336578874277
08.05.2025 06:15;8,17284446877314;5,559106614674029;5,634145106976242
08.05.2025 06:30;10,308104621065127;11,616001600780557;13,040577798187808
08.05.2025 06:45;15,662647476990593;8,975361886231246;18,44500580180073
08.05.2025 07:00;11,321006410759036;8,477529844272444;16,12083398240882
08.05.2025 07:15;11,061884335305812;14,967590756161687;6,764697850351712
08.05.2025 07:30;14,479560218657777;9,150491392969952;12,054740837598583
08.05.2025 07:45;8,194183918203105;11,483360185418992;1,5766094468436735
08.05.2025 08:00;8,967856739332055;1,4681976763602456;11,589798079593617
08.05.2025 08:15;3,4561430654481784;5,51748659295078;0,6191812362219888
08.05.2025 08:30;4,657935283730442;8,272311960102847;2,840366981082874
08.05.2025 08:45;1,8507058734078217;3,032970378111499;6,447528057768604
08.05.2025 09:00;3,904818932346444;3,248150875565205;9,295126689289779
08.05.2025 09:15;5,340822346290607;0,0;4,459137350103068
08.05.2025 09:30;2,364531233174075;3,2665531509716375;10,67207615063366
08.05.2025 09:45;1,6506080799579372;0,0;7,558806387843648
08.05.2025 10:00;1,9217603108801893;1,3522811015235887;8,562947877706952
08.05.2025 10:15;2,918273319063391;0,0;1,2399200380301156
08.05.2025 10:30;3,8053998596028475;5,831875726299292;13,030817290354896
08.05.2025 10:45;6,159560982812596;5,946450106311056;4,190396512812409
08.05.2025 11:00;0,0;0,5692688828031098;12,514222782757988
08.05.2025 11:15;3,318229458465919;0,8340855339807702;16,66669162411059
08.05.2025 11:30;7,217904103032458;10,304253519842444;12,665178246459853
08.05.2025 11:45;6,158579721082478;4,723851195155932;14,411874645923572
08.05.2025 12:00;8,804714820571213;4,638750072772789;0,0
08.05.2025 12:15;8,823603781067721;3,3193709482298805;11,707193548525785
08.05.2025 12:30;7,078682604506811;5,826417258424735;16,481101816620512
08.05.2025 12:45;5,472723635868625;2,5294479497846503;14,806083285382318
08.05.2025 13:00;5,173005183452834;3,9829711080429444;5,540087333172535
08.05.2025 13:15;6,356221039924858;6,078832544907471;7,830826475127298
08.05.2025 13:30;0,0;0,1394105563462178;0,0
08.05.2025 13:45;1,7725915006334416;2,960559328391325;8,798428075989278
08.05.2025 14:00;0,5710259906760105;0,0;0,0
08.05.2025 14:15;4,350140429492429;1,6993932521366664;11,183645418124238
08.05.2025 14:30;0,0;5,690213099646218;10,44074561589354
08.05.2025 14:45;2,892760061837587;0,5321320927819168;4,618512904487723
08.05.2025 15:00;4,965362434371619;4,259484264773269;10,090073879988088
08.05.2025 15:15;6,661511329811212;3,713643107050559;11,256431132299486
08.05.2025 15:30;8,396803899014547;14,322121672787853;15,032386574499066
08.05.2025 15:45;11,752382325023662;12,884457627896326;12,89775784912786
08.05.2025 16:00;18,237425363662858;23,917650985067333;26,014827148051637
08.05.2025 16:15;24,73857265929988;25,4306139993197;21,010411797170423
08.05.2025 16:30;28,010562215496485;32,34415165265858;24,517326572333346
08.05.2025 16:45;32,62750293557502;37,52273481221281;35,68152677855735
08.05.2025 17:00;31,847658948199534;36,62320914403561;37,08460935345566
08.05.2025 17:15;33,651473997949104;42,42961152080569;40,32953377745644
08.05.2025 17:30;39,84658714894216;37,42633840358381;36,48563451193769
08.05.2025 17:45;34,52803029935123;40,86102508394938;45,83239791245172
08.05.2025 18:00;31,645432288568283;35,89102950732888;37,15265433024695
08.05.2025 18:15;32,0815513748353;33,59755476473218;33,456226143513625
08.05.2025 18:30;28,71251286311283;30,23845012342539;32,09811361465117
08.05.2025 18:45;25,125629963035873;27,0916766569862;31,112076387150882
08.05.2025 19:00;20,2023991267942;20,259480133018837;25,84266956356597
08.05.2025 19:15;17,58503936464297;21,3562313669455;22,915508053595616
08.05.2025 19:30;14,864342874190788;17,502712673302568;20,95722237563312
08.05.2025 19:45;8,92875060388694;12,083305677456204;7,099320863141305
08.05.2025 20:00;9,72852086621338;11,396946803104349;5,271981292206127
08.05.2025 20:15;6,433991129231904;7,452993801010724;7,948841753348752
08.05.2025 20:30;7,821503397518871;3,4890010986616122;5,53041519554083
08.05.2025 20:45;2,120316229315252;2,3740368812194474;6,267820624591109
08.05.2025 21:00;0,0;0,0;2,449124071374387
08.05.2025 21:15;0,0;6,092188879048129;3,2159869580044926
08.05.2025 21:30;4,26148540819917;1,8596203825620998;0,0
08.05.2025 21:45;0,0;0,0;0,0
08.05.2025 22:00;0,0;0,0;0,0
08.05.2025 22:15;0,09893961158914379;0,0;0,21973505536128524
08.05.2025 22:30;0,0;0,0;0,08872950682930876
08.05.2025 22:45;0,12338103752425432;0,0;0,17202195474536383
08.05.2025 23:00;0,05274389985350241;0,19915805897713956;0,0
08.05.2025 23:15;0,0;0,0;0,007599981026936746
08.05.2025 23:30;0,0;0,0;0,060329837399479766
08.05.2025 23:45;0,0;0,01604370658008083;0,0
09.05.2025 00:00;0,05234648350035894;0,10019338579423716;0,0
09.05.2025 00:15;0,2831697367433129;0,0;0,0
09.05.2025 00:30;0,0;0,13529719427638728;0,059858879625332574
09.05.2025 00:45;0,08006644107877604;0,0;0,0
09.05.2025 01:00;0,003666096250127393;0,17569554481746208;0,0857955028870587
09.05.2025 01:15;0,0036086554594770342;0,0;0,046606980261436635
09.05.2025 01:30;0,0;0,0;0,0
09.05.2025 01:45;0,0;0,0;0,06742757184781255
09.05.2025 02:00;0,05027099239236825;0,0;0,0
09.05.2025 02:15;0,0;0,0;0,0
09.05.2025 02:30;0,0;0,0;0,08155892321830172
09.05.2025 02:45;0,15212598933724478;0,08815098309035285;0,08805210077315583
09.05.2025 03:00;0,014851443405351446;0,0;0,0
09.05.2025 03:15;0,0;0,0;0,0
09.05.2025 03:30;0,2010084922119447;0,0;0,0
09.05.2025 03:45;0,0;0,0;0,0
09.05.2025 04:00;0,19092312055936325;0,0;0,2287678664823403
09.05.2025 04:15;0,0;0,0;0,04747135712913099
09.05.2025 04:30;0,031729880912327965;0,15489095190778177;0,0021900350320822356
09.05.2025 04:45;0,0;0,18738816571372338;0,0
09.05.2025 05:00;0,0;0,3008193758083983;0,11084841705549607
09.05.2025 05:15;0,04797709067844513;0,0;0,0
09.05.2025 05:30;5,617834381563948;2,310695014635145;6,722693475943242
09.05.2025 05:45;4,190639232494004;0,0;1,8818585341365401
09.05.2025 06:00;11,583945676718862;10,750828440307762;6,5749537000890514
09.05.2025 06:15;9,71326287484902;12,669117140159093;6,11516279556666
09.05.2025 06:30;12,533880507941092;9,001987969239574;3,406371820462571
09.05.2025 06:45;10,823255887628896;10,15403560918713;8,804167659109087
09.05.2025 07:00;12,418460504791824;6,688405249510426;10,086792938039666
09.05.2025 07:15;10,348282673442405;14,405764869890838;12,147242959040248
09.05.2025 07:30;10,946647318441052;9,907603592176873;13,81031978812549
09.05.2025 07:45;9,329005177817399;6,9083702129889755;9,03527092888711
09.05.2025 08:00;5,6913040964930275;6,132871779899245;6,609691280827463
09.05.2025 08:15;4,622950536814184;3,2307691070906577;0,8933947794434776
09.05.2025 08:30;3,866709842552087;4,902588105553435;9,834898074239929
09.05.2025 08:45;1,9219921794364376;0,6014146107891563;5,048681850218011
09.05.2025 09:00;3,4228731429302623;6,378468583199099;10,043477991004186
09.05.2025 09:15;6,726545866901707;3,1953993231788953;12,5023933044409
09.05.2025 09:30;0,0;3,7470140839053387;4,087658986883036
09.05.2025 09:45;0,6771576781983941;0,939059513920442;1,650329086917032
09.05.2025 10:00;6,484879836140051;0,6840218154007769;5,422584913319113
09.05.2025 10:15;2,2339039512745122;0,0;7,693504282409011
09.05.2025 10:30;3,630497497388403;3,4480573332219566;4,7654463174412856
09.05.2025 10:45;4,648796966829878;0,0;4,351502802018151
09.05.2025 11:00;6,557695594222661;2,770024621540192;10,866019514487753
09.05.2025 11:15;1,712043442312448;3,7104507915673097;10,352522921033074
09.05.2025 11:30;5,866714548875936;5,869132251776919;8,68230241696574
09.05.2025 11:45;3,97194051612939;2,0240636828605867;4,484142983732291
09.05.2025 12:00;13,492527175392027;7,648582140876499;14,440227445812987
09.05.2025 12:15;5,928668509759201;11,118942612858296;10,213211272823582
09.05.2025 12:30;6,801487417172316;7,852193502336902;14,08818851932449
09.05.2025 12:45;5,703334191551084;7,206590538989313;12,91835593417528
09.05.2025 13:00;3,005651901193794;6,464217512185942;3,1841988069622804
09.05.2025 13:15;5,861529069029624;2,7559410888180573;8,465246076930699
09.05.2025 13:30;6,778102187344038;0,0;9,139165825649116
09.05.2025 13:45;0,0;0,0;7,778663965562652
09.05.2025 14:00;0,0;2,9386023425242196;6,038863744856826
09.05.2025 14:15;0,0;0,0;0,0
09.05.2025 14:30;0,3859401446082933;0,2439918724074428;11,486003394219512
09.05.2025 14:45;0,4756082823587212;0,0;8,287713528697235
09.05.2025 15:00;1,680414024502422;6,28248390588816;3,653228713013413
09.05.2025 15:15;5,6460441853408225;5,9815884223486036;7,454119609771125
09.05.2025 15:30;10,1955708938835;8,5551369100394;15,552174968073622
09.05.2025 15:45;14,247857875015988;15,706296968486953;21,347500601562736
09.05.2025 16:00;17,937392708395194;17,63804246561309;21,401052265711005
09.05.2025 16:15;22,194164144890635;24,446899202716477;32,18759776073179
09.05.2025 16:30;28,305411474849727;26,13082384055428;24,11513279774055
09.05.2025 16:45;33,027269968755796;33,742056791631;32,809501311332724
09.05.2025 17:00;34,69287392568663;40,23532282794146;28,53942713512982
09.05.2025 17:15;37,16036167748963;37,49531329640046;35,64472285853935
09.05.2025 17:30;34,355664678953936;42,50198625687632;46,68715622381686
09.05.2025 17:45;33,42371726293088;38,02110627828006;47,87063345190522
09.05.2025 18:00;31,868425940871465;39,194272505846996;37,62543854850232
09.05.2025 18:15;29,095430505578104;32,02729520117183;31,876731800606294
09.05.2025 18:30;31,19642653450728;33,248854102861216;31,895602917728176
09.05.2025 18:45;25,959684681665614;28,48779035608742;30,227885625057652
09.05.2025 19:00;25,991324485672635;33,019633195803834;20,46303708561883
09.05.2025 19:15;19,77575648994843;23,209779134953628;19,586153838945613
09.05.2025 19:30;16,447727217334485;16,674079648562714;24,545316003607365
09.05.2025 19:45;16,146416862595462;17,60445239190486;12,18213905988026
09.05.2025 20:00;10,770495832742505;17,23952959059207;9,352993371213161
09.05.2025 20:15;6,507819259689569;3,2622388441600023;8,81347320124494
09.05.2025 20:30;7,495580831873111;3,324912855017572;7,850523522043471
09.05.2025 20:45;2,685602692460834;2,628587798781784;1,9343661059987185
09.05.2025 21:00;0,0;0,0;1,8986802654947943
09.05.2025 21:15;0,0;0,0;3,344458235232483
09.05.2025 21:30;0,18852806007338074;0,0;7,84580729505459
09.05.2025 21:45;0,1970829788952652;0,0;0,0
09.05.2025 22:00;0,2784324851092927;0,0;0,0
09.05.2025 22:15;0,0;0,10477277355896311;0,11589219946148786
09.05.2025 22:30;0,05032120532914424;0,0;0,058098408148784635
09.05.2025 22:45;0,008548687749374999;0,12911797047738482;0,0
09.05.2025 23:00;0,25957602560292825;0,03106701451722405;0,0
09.05.2025 23:15;0,0;0,23688063150551983;0,018827943082143004
09.05.2025 23:30;0,056568516190533005;0,1564074170899029;0,0
09.05.2025 23:45;0,0;0,15915249398384723;0,02405454985347073
10.05.2025 00:00;0,0;0,0;0,0
10.05.2025 00:15;0,0;0,0;0,0
10.05.2025 00:30;0,277207318636583;0,0;0,0
10.05.2025 00:45;0,0;0,0;0,0423370682650725
10.05.2025 01:00;0,11861482598469163;0,22076538832432993;0,0
10.05.2025 01:15;0,17980082955950497;0,11180809632648182;0,0
10.05.2025 01:30;0,0;0,0;0,0
10.05.2025 01:45;0,01806834276169378;0,19568887611899596;0,0
10.05.2025 02:00;0,0;0,0;0,29368488869337744
10.05.2025 02:15;0,0;0,0;0,0
10.05.2025 02:30;0,13605114364949938;0,15110546293404217;0,0
10.05.2025 02:45;0,009101864555560144;0,0;0,1258846411182348
10.05.2025 03:00;0,05510121621655232;0,0;0,003195983671586029
10.05.2025 03:15;0,01997363695245764;0,03091845611756403;0,0
10.05.2025 03:30;0,3288005916444647;0,05781980171081428;0,13899688862175058
10.05.2025 03:45;0,0;0,12726015843056943;0,07078307257677084
10.05.2025 04:00;0,24081150644794647;0,0871277139401268;0,043293864234967894
10.05.2025 04:15;0,02002548333100987;0,08248387898430402;0,0
10.05.2025 04:30;0,2541298461871197;0,0;0,0
10.05.2025 04:45;0,0;0,04413653359014859;0,13757563278474932
10.05.2025 05:00;0,02769783114462911;0,0;0,0
10.05.2025 05:15;1,2482603070408644;4,288794980427729;0,0
10.05.2025 05:30;4,912662976414144;6,517499705320466;7,784585044715943
10.05.2025 05:45;5,8247433836290075;5,022027619283596;3,712433747189647
10.05.2025 06:00;5,8679248923659495;5,624670161105351;5,55733844670491
10.05.2025 06:15;9,729572417699028;5,178965794626146;0,894552655001216
10.05.2025 06:30;12,033202136726228;8,052294478571277;11,992549839344019
10.05.2025 06:45;11,946509219510654;8,146871022750055;9,371520596101655
10.05.2025 07:00;11,674301520869793;11,7321812276779;13,35808705732802
10.05.2025 07:15;11,495406506350268;8,177651643635533;12,696570219509875
10.05.2025 07:30;7,586191230781056;7,619979756583767;10,906624785974675
10.05.2025 07:45;7,633451322468324;0,6747343782692878;9,208206215244997
10.05.2025 08:00;6,008372534492752;9,603955801138593;10,869605359638953
10.05.2025 08:15;2,855825715894485;2,114363488176785;5,112148044338879
10.05.2025 08:30;7,346609615265098;5,491376479093191;1,637645136433619
10.05.2025 08:45;7,293679533490847;6,598138895385821;8,477908901285106
10.05.2025 09:00;1,8875509049559704;2,2791187232730783;2,0634014006290764
10.05.2025 09:15;4,107163413746626;5,294878541463948;0,08877850813242016
10.05.2025 09:30;0,9608478714999897;0,0;1,0479659033764888
10.05.2025 09:45;2,8091204275350345;7,961039868989055;6,882233401170457
10.05.2025 10:00;1,6808083719977633;4,157717217081835;5,255089621769038
10.05.2025 10:15;4,158542354916259;1,7967527255156597;0,0
10.05.2025 10:30;2,1793412446960243;5,835792326336575;5,018559992150737
10.05.2025 10:45;5,453766739390366;0,0;11,348102775993182
10.05.2025 11:00;3,355344067741025;1,8099770025624649;5,478594340019683
10.05.2025 11:15;3,4139282334254473;7,560161938914813;7,658581368087191
10.05.2025 11:30;3,3986886091941884;0,044141038328350035;13,833539235075513
10.05.2025 11:45;5,755293477408742;6,0311640499932295;12,404500354176232
10.05.2025 12:00;9,268383240622338;8,499036633077674;15,626521742725679
10.05.2025 12:15;7,302477213846501;11,741569489592958;0,0
10.05.2025 12:30;12,24186820603562;3,3782508476504995;19,079160180810895
10.05.2025 12:45;9,143595212134343;10,541626754525687;13,421334638215287
10.05.2025 13:00;4,456694603302855;3,5154881713572284;19,697305729406153
10.05.2025 13:15;2,763268338767382;2,1510736371780106;5,244472924849548
10.05.2025 13:30;2,390189025547865;0,0;0,0
10.05.2025 13:45;0,0;0,0;5,533707663766134
10.05.2025 14:00;2,7631853191047187;1,63188534932469;4,723707179390309
10.05.2025 14:15;0,3447230839394495;0,0;7,73546997400414
10.05.2025 14:30;0,6583087803254686;2,46815915941261;9,978991176734462
10.05.2025 14:45;2,7819260192388646;0,14972623035226684;6,581639185898896
10.05.2025 15:00;5,090809835301899;0,0;6,221561647279611
10.05.2025 15:15;5,140544666073823;4,369597129661361;12,308252154266238
10.05.2025 15:30;7,843457826113984;10,319748826215562;12,321931012746264
10.05.2025 15:45;14,32670236284865;12,2368018414705;15,071525025301566
10.05.2025 16:00;19,413206047128686;19,80331678148848;26,455386926833274
10.05.2025 16:15;21,489937092958844;26,67459320506094;31,75349282144662
10.05.2025 16:30;26,046390786179803;31,98473494777231;34,72340967381804
10.05.2025 16:45;29,275983807389103;31,346440700880702;32,360940550171264
10.05.2025 17:00;31,909542712084885;31,8856946955422;26,579578589223942
10.05.2025 17:15;29,923966420654484;36,50721807981583;35,82110148076813
10.05.2025 17:30;30,418097995877847;38,52905120219619;34,08081089626371
10.05.2025 17:45;29,885232147352205;31,341125620915854;34,68138117963599
10.05.2025 18:00;29,03068117742513;32,13052801023419;31,684170011259777
10.05.2025 18:15;26,309389788915905;28,96288508043646;30,88702084857368
10.05.2025 18:30;26,925786356088594;28,237451665943706;24,763400339836135
10.05.2025 18:45;22,65635865875713;23,850666893374893;21,043093304830677
10.05.2025 19:00;21,981282971880802;26,266882357703203;29,493116300227204
10.05.2025 19:15;13,592299178163605;14,002060227147357;15,178221434891288
10.05.2025 19:30;14,12091532167686;12,946402590783666;17,861934727682325
10.05.2025 19:45;12,53879936529356;12,284500790418718;17,899643516006112
10.05.2025 20:00;10,10027325626394;9,999595572198414;15,123998027038974
10.05.2025 20:15;4,834034374650569;3,6393735220108048;11,855340899433994
10.05.2025 20:30;4,631906245454072;3,717635665103811;7,712747804518866
10.05.2025 20:45;6,3886941588817425;1,6848814838181037;6,885496487132422
10.05.2025 21:00;1,4525456221571604;1,0667658238193582;8,701144974874909
10.05.2025 21:15;0,0;0,12003561728669482;2,5452806526599874
10.05.2025 21:30;0,0;0,0;0,0
10.05.2025 21:45;0,0;0,2343206547679244;0,18468793190340194
10.05.2025 22:00;0,020920850377505896;0,0;0,0
10.05.2025 22:15;0,18335643939991922;0,0;0,21506759317586668
10.05.2025 22:30;0,056821440803691815;0,0;0,0708060124632627
10.05.2025 22:45;0,18305740350404068;0,0;0,0
10.05.2025 23:00;0,0;0,002014262314807652;0,07634679518284594
10.05.2025 23:15;0,0;0,0;0,0
10.05.2025 23:30;0,002415760970589927;0,17163693872184324;0,0050142081521213225
10.05.2025 23:45;0,0;0,034035152394419455;0,0
11.05.2025 00:00;0,0;0,0;0,0
11.05.2025 00:15;0,0;0,0;0,14121461907148003
11.05.2025 00:30;0,17979773847778324;0,18295506855839033;0,07777674782200297
11.05.2025 00:45;0,0;0,1363306324926699;0,0
11.05.2025 01:00;0,21391171833190228;0,0;0,0
11.05.2025 01:15;0,0019115047806087283;0,0;0,040616341539800004
11.05.2025 01:30;0,09726433962210669;0,07121847280265571;0,05147806903436651
11.05.2025 01:45;0,08365644644455239;0,05300498790405594;0,0
11.05.2025 02:00;0,0;0,0;0,23869732244730563
11.05.2025 02:15;0,055080438232873334;0,11236898839599353;0,12202424059043936
11.05.2025 02:30;0,2892499416700659;0,0;0,0
11.05.2025 02:45;0,03774183796505351;0,19557401607845123;0,0
11.05.2025 03:00;0,1351915109339512;0,0794173734374432;0,0
11.05.2025 03:15;0,10399077668882777;0,0;0,0
11.05.2025 03:30;0,04605744875474806;0,0;0,18842362405976654
11.05.2025 03:45;0,02797180765871198;0,0;0,147678445949233
11.05.2025 04:00;0,08209733386819507;0,023981508195349627;0,005260427025208572
11.05.2025 04:15;0,11449238197134193;0,0;0,10168583413338222
11.05.2025 04:30;0,0;0,0;0,12344628395168235
11.05.2025 04:45;0,037095433364468224;0,0;0,008739109239980145
11.05.2025 05:00;0,0;0,0823535001596792;0,060392801905363475
11.05.2025 05:15;2,2788885863879687;1,3585209445633923;0,9043100617664044
11.05.2025 05:30;4,657364340218934;4,183182975552759;1,1087818810269536
11.05.2025 05:45;6,672521214254206;5,127296922147855;10,423844596456485
11.05.2025 06:00;11,069070655577047;8,417465021993962;4,671957691793472
11.05.2025 06:15;8,135480608012625;9,64248773332903;8,106749142986729
11.05.2025 06:30;10,966536078752082;15,217965224814474;5,091660314754389
11.05.2025 06:45;8,817020925635688;13,433863980414987;10,19381754061822
11.05.2025 07:00;13,548978343239547;17,866207178491656;15,791622044545296
11.05.2025 07:15;13,478237123303167;14,775425589063264;15,011786690969348
11.05.2025 07:30;11,766526253581425;5,917783822061441;14,943028785045952
11.05.2025 07:45;11,698001105169725;14,339573560966564;11,82245921428881
11.05.2025 08:00;10,314593882458247;4,846618627187533;17,359160019353936
11.05.2025 08:15;6,090296275459923;7,6433345997961775;3,7124792355063008
11.05.2025 08:30;5,057615871992369;3,61355066510661;0,3406501253061265
11.05.2025 08:45;8,962651153341623;7,693925913491432;3,925978845547214
11.05.2025 09:00;6,067549178555478;2,200587287130042;4,788064071869972
11.05.2025 09:15;4,230023398057208;5,592684599980716;3,7178726104619093
11.05.2025 09:30;0,6336101482128309;1,3875158480030731;6,505410093456217
11.05.2025 09:45;2,2123842991811147;5,402171286361387;10,449070001965017
11.05.2025 10:00;5,072804614886492;2,9481962279219873;12,280932232458223
11.05.2025 10:15;8,293239653060281;4,605722594857834;8,539477094765493
11.05.2025 10:30;3,7997870196216725;0,0;15,252102663753886
11.05.2025 10:45;2,9797633336899176;2,9387050911233676;6,280712916283839
11.05.2025 11:00;1,6873801598906377;3,9246988139000174;0,9554539437457334
11.05.2025 11:15;6,642689570802987;5,154593688902956;13,324442140361224
11.05.2025 11:30;2,4147417281281762;7,722024163655478;2,344259171990675
11.05.2025 11:45;9,464406778703177;6,888164974111449;9,18757867800609
11.05.2025 12:00;11,00981842269602;9,238495019558245;15,43739639689356
11.05.2025 12:15;10,373397451349843;12,573429317526159;13,239479487358778
11.05.2025 12:30;8,851042494688139;3,145162462375188;12,843827900691643
11.05.2025 12:45;8,719399383296249;9,194359037176747;7,40367479385728
11.05.2025 13:00;5,57321277773427;4,2966236990690785;9,961127005702785
11.05.2025 13:15;2,928208653137017;2,064649398940412;13,428346252938002
11.05.2025 13:30;5,3934272474777;2,5586677376481166;6,93032876544803
11.05.2025 13:45;0,0;3,9770512038972146;2,636882535249166
11.05.2025 14:00;0,5515046008998193;1,805688345007289;0,0
11.05.2025 14:15;0,0;0,0;1,8691213272631781
11.05.2025 14:30;2,813776245015391;2,9583546066154547;7,359246182189722
11.05.2025 14:45;3,6628073996803185;3,5474401429822042;7,650933490418235
11.05.2025 15:00;3,7416259314680755;4,258407920474147;5,93430670477173
11.05.2025 15:15;6,49434268407727;4,546700257125899;1,9284115639721495
11.05.2025 15:30;11,562359459021149;10,256906687388554;17,304095986156298
11.05.2025 15:45;13,614441613312119;19,119132329861273;16,281755067861535
11.05.2025 16:00;21,90606332662549;23,191312932800457;28,257905859601976
11.05.2025 16:15;24,995338600846555;26,80089873535766;27,983949643567318
11.05.2025 16:30;30,693389521511087;30,846928280592195;32,06604146862891
11.05.2025 16:45;39,48967487067479;43,43259757977878;41,64917336348628
11.05.2025 17:00;39,35050049408242;39,929628522432694;50,52583023807395
11.05.2025 17:15;37,707503148316896;44,183389209356946;45,62300515290427
11.05.2025 17:30;38,80754578863455;47,90617092546966;44,14708810527783
11.05.2025 17:45;38,346159429120426;40,35155802429865;44,28063865876926
11.05.2025 18:00;39,5720629874404;42,11825541575828;34,21291985262186
11.05.2025 18:15;33,24813153553614;38,6926181038146;33,812887764376214
11.05.2025 18:30;32,1812327701509;36,08933869893044;24,446086382570478
11.05.2025 18:45;30,413380719876496;35,63958790979128;38,76403416857859
11.05.2025 19:00;25,133734782926894;24,780844728384853;34,2785542448171
11.05.2025 19:15;23,1384914923926;25,348508847100163;25,494023339452216
11.05.2025 19:30;17,48982719523564;23,289618182286247;21,32805612041119
11.05.2025 19:45;13,80790106792758;15,778433254749096;10,626913671544663
11.05.2025 20:00;8,516260969065724;11,785041439250811;12,084950727061225
11.05.2025 20:15;10,38709790294314;10,92797091859116;17,828845054369655
11.05.2025 20:30;3,746310213846601;7,333474663406961;7,957266639608735
11.05.2025 20:45;3,5631752066611715;5,280859412501254;2,5671707941466635
11.05.2025 21:00;1,768921128595648;4,101049779724258;0,0
11.05.2025 21:15;0,0;0,0;6,5011983907254765
11.05.2025 21:30;0,0;1,6737195438033474;0,0
11.05.2025 21:45;0,0;0,04293552968462447;0,08912813311384228
11.05.2025 22:00;0,194394656854286;0,015830633580754757;0,0731408585473326
11.05.2025 22:15;0,0;0,0406097788440691;0,0
11.05.2025 22:30;0,0;0,0;0,0
11.05.2025 22:45;0,11935743380787815;0,02759885366627156;0,0
11.05.2025 23:00;0,0;0,38077583474764015;0,0
11.05.2025 23:15;0,0;0,17618506811207146;0,0
11.05.2025 23:30;0,1362401534984948;0,0;0,10139279414235611
11.05.2025 23:45;0,02380833758437323;0,0;0,05196121903035022
12.05.2025 00:00;0,07090794410531638;0,0;0,0
12.05.2025 00:15;0,0;0,1603041229477047;0,0
12.05.2025 00:30;0,0;0,11799080306622191;0,0
12.05.2025 00:45;0,0;0,0;0,027291664276490903
12.05.2025 01:00;0,0;0,0;0,0
12.05.2025 01:15;0,0;0,0;0,0
12.05.2025 01:30;0,046057936056847985;0,06665967937191343;0,07795867440508651
12.05.2025 01:45;0,0;0,0;0,0
12.05.2025 02:00;0,027755407104795824;0,10373880264109218;0,0
12.05.2025 02:15;0,023272219233964622;0,012966470755227505;0,0
12.05.2025 02:30;0,05801993316367903;0,14501382481747266;0,0
12.05.2025 02:45;0,0749223790933498;0,055436271058837035;0,037907643176677774
12.05.2025 03:00;0,0;0,12431930702410213;0,23978559267171096
12.05.2025 03:15;0,02759538999507456;0,0;0,0
12.05.2025 03:30;0,035401219263026175;0,0;0,13148723740991236
12.05.2025 03:45;0,0;0,0;0,0
12.05.2025 04:00;0,09697886187892353;0,1619353177350363;0,20905667232259775
12.05.2025 04:15;0,022491329433037683;0,28207945891016095;0,0
12.05.2025 04:30;0,08460732978653561;0,0;0,3654591957052187
12.05.2025 04:45;0,0;0,0;0,0
12.05.2025 05:00;0,0;0,0;0,19355745911595523
12.05.2025 05:15;0,4307957573572976;0,0;9,924765385429966
12.05.2025 05:30;2,7418453264518856;4,481280739778722;4,7821711461855
12.05.2025 05:45;5,508260608044737;2,4203105559885127;0,14695964779068493
12.05.2025 06:00;9,321892106321384;4,6204702010325995;5,436293421845092
12.05.2025 06:15;13,20876720920597;13,144914411321755;6,564788578954495
12.05.2025 06:30;14,15611000365987;12,344577798814479;14,970554803470637
12.05.2025 06:45;12,423125191662793;12,747113034552923;4,801168589502998
12.05.2025 07:00;11,788638099846043;12,410113460521956;7,184969151677657
12.05.2025 07:15;12,532087774662855;11,578482035882946;11,750722861400202
12.05.2025 07:30;10,535075389889602;11,11824856915415;14,098332417621751
12.05.2025 07:45;10,016485515514379;10,246099552617776;14,276657092508632
12.05.2025 08:00;8,366846359680686;5,791086804702728;13,668202741379638
12.05.2025 08:15;2,8454314564024505;9,66722312586189;9,887496034306134
12.05.2025 08:30;4,616781234221422;6,257230668988951;6,859859710644019
12.05.2025 08:45;7,933690447860856;3,90748890545602;9,978830792963237
12.05.2025 09:00;5,18180624642405;3,570142049412868;1,9861338958668933
12.05.2025 09:15;1,4976029531380983;2,618854487133389;0,0
12.05.2025 09:30;8,32083137785646;0,0;7,439436795456054
12.05.2025 09:45;5,300608516103857;3,3359809230964292;3,5849037926624003
12.05.2025 10:00;4,650125706771064;2,7037751882641685;6,165761902536159
12.05.2025 10:15;5,0219980745918775;1,4757516032426965;7,463421344042528
12.05.2025 10:30;2,5139476278098907;2,5895443096058908;7,269873761834907
12.05.2025 10:45;2,118884942907709;2,2176799573986123;10,559947658327197
12.05.2025 11:00;8,003463252286979;4,584761672287829;10,529016791214396
12.05.2025 11:15;5,448157076501403;4,080371613769998;7,882072131591998
12.05.2025 11:30;7,224721618938474;5,186717680032043;7,582579276607696
12.05.2025 11:45;7,870179479818143;2,409913378118652;11,061111788978566
12.05.2025 12:00;5,703999622551075;12,147979110469421;9,377668360560929
12.05.2025 12:15;11,594475068183678;8,503538758205972;12,421091853522437
12.05.2025 12:30;8,497734512780635;10,042678492427086;24,936731887144912
12.05.2025 12:45;8,120462052171234;6,639893206843711;12,82144867585265
12.05.2025 13:00;2,906559447758322;4,907935982897779;12,719569720495711
12.05.2025 13:15;0,0;7,643435351188975;5,655391734178606
12.05.2025 13:30;2,8808718834023264;5,987105409651995;11,459450687251522
12.05.2025 13:45;0,0;1,35739101227729;8,549627851225981
12.05.2025 14:00;0,0;0,511474770312023;9,125140206884522
12.05.2025 14:15;1,758355936045431;2,599605127304999;6,992009962711913
12.05.2025 14:30;4,263816777154111;0,537396982368372;9,699374779715079
12.05.2025 14:45;4,301264069016251;1,5491735511820441;12,126926217274761
12.05.2025 15:00;2,552672765460906;4,744527000367229;9,679691372546646
12.05.2025 15:15;5,024273195167051;4,827750514098033;9,958207534438355
12.05.2025 15:30;10,421913951689348;10,71379101578701;17,478452386645703
12.05.2025 15:45;16,04296764932314;16,220988804863268;15,200673675539164
12.05.2025 16:00;19,797896005813556;24,580650059292243;22,316582351809423
12.05.2025 16:15;26,50534497539863;27,76459141581625;30,62689392708995
12.05.2025 16:30;31,437410053470416;36,15474043155589;28,02227220273102
12.05.2025 16:45;36,59934862293462;36,85915397925761;42,675348918573114
12.05.2025 17:00;38,423552165358906;41,24918585992282;38,47820937410879
12.05.2025 17:15;39,962349317525465;43,03006226881257;41,77809235524897
12.05.2025 17:30;43,76091127859148;42,44773220812689;43,44536782987115
12.05.2025 17:45;42,239410086711835;46,82525645346824;43,177770178659955
12.05.2025 18:00;37,291289510146484;37,715063268442655;38,1462178471051
12.05.2025 18:15;38,90951065585043;37,50704643583703;38,24665683466904
12.05.2025 18:30;30,0574730307198;37,766390586696716;33,64040849866211
12.05.2025 18:45;31,7002980179918;30,25159226790492;29,61046778096685
12.05.2025 19:00;25,324251544092586;26,707702083914228;24,04985248058459
12.05.2025 19:15;26,893889758408406;20,25116460900803;27,51405695502661
12.05.2025 19:30;13,543304436698008;20,413747752998468;10,290217790219971
12.05.2025 19:45;12,305110815880374;17,972918006710408;15,481594218796719
12.05.2025 20:00;10,436665779525837;13,211518694537364;10,251189510164291
12.05.2025 20:15;9,175697830807191;11,280200184754063;12,361743066592073
12.05.2025 20:30;10,016015373340165;7,502888129510548;2,4159683288862226
12.05.2025 20:45;0,920660171533271;1,6391072424429143;2,2456525123002313
12.05.2025 21:00;2,8971495943888517;0,0;2,4156091233100536
12.05.2025 21:15;1,792614797444199;3,3305613107150074;5,248027630207344
12.05.2025 21:30;0,1917728064238533;1,0649715336617929;1,328739867181696
12.05.2025 21:45;0,0;0,1295345646109746;0,16262340351162966
12.05.2025 22:00;0,11169020643193128;0,0;0,0
12.05.2025 22:15;0,0;0,4437502004037232;0,0
12.05.2025 22:30;0,0;0,0;0,0
12.05.2025 22:45;0,08014711924079716;0,31579126452909967;0,11810552496664335
12.05.2025 23:00;0,0;0,11225510753812006;0,0
12.05.2025 23:15;0,0;0,0;0,0
12.05.2025 23:30;0,13600791443102742;0,034821568296537986;0,08059140179342283
12.05.2025 23:45;0,1421567634887802;0,11570707898256993;0,0
13.05.2025 00:00;0,10831067888114977;0,0;0,0
13.05.2025 00:15;0,127306451091044;0,12569740658284478;0,01606587973082901
13.05.2025 00:30;0,0;0,12239357390229899;0,0
13.05.2025 00:45;0,0;0,0894507750891197;0,0
13.05.2025 01:00;0,0;0,0;0,23024748017091864
13.05.2025 01:15;0,0251593751573966;0,0;0,0
13.05.2025 01:30;0,0;0,0;0,0
13.05.2025 01:45;0,0;0,02640969955737645;0,0
13.05.2025 02:00;0,089985065097435;0,0;0,0681682482748601
13.05.2025 02:15;0,177680886827157;0,025385297398701566;0,0
13.05.2025 02:30;0,05973903814051423;0,0;0,06408231006875795
13.05.2025 02:45;0,2691473797863852;0,0;0,03837302850888611
13.05.2025 03:00;0,0;0,0;0,0
13.05.2025 03:15;0,0;0,0;0,26913834051131424
13.05.2025 03:30;0,10719418343843314;0,2895141800240128;0,21912203411448097
13.05.2025 03:45;0,0;0,033017751926605055;0,0
13.05.2025 04:00;0,0;0,15540678769718982;0,0
13.05.2025 04:15;0,0;0,0;0,03420772455378639
13.05.2025 04:30;0,0;0,0;0,0
13.05.2025 04:45;0,0;0,1008512773232435;0,20464244305533832
13.05.2025 05:00;0,0;0,0;0,0
13.05.2025 05:15;1,7120796428491691;4,699444993920375;2,091804068090939
13.05.2025 05:30;5,660614788673788;0,3118120860384074;0,36395798016268754
13.05.2025 05:45;5,5591542192209475;7,255667009244881;5,422776350830759
13.05.2025 06:00;6,938295357025313;2,810040935002459;0,0
13.05.2025 06:15;7,670263846005732;7,975980525473203;9,871751432078707
13.05.2025 06:30;11,23346652741611;1,9118738839570177;10,121815524217215
13.05.2025 06:45;14,249094124563097;6,722319841117222;18,922552142842633
13.05.2025 07:00;11,134440210415008;10,578561653613576;10,874430124005896
13.05.2025 07:15;10,351868822286647;7,316336582423677;8,640842579582031
13.05.2025 07:30;9,826310777390955;11,089226599583906;11,580426945154166
13.05.2025 07:45;9,143808921416138;8,520869068335067;7,2262960373959295
13.05.2025 08:00;10,754493430707331;3,397380416350402;9,283666208467118
13.05.2025 08:15;6,35919101937804;0,598003956147581;6,463759394609284
13.05.2025 08:30;4,45597009699627;1,6473664453550967;1,2331911299269418
13.05.2025 08:45;7,168880300810801;0,8480170491168741;0,36453153745697087
13.05.2025 09:00;3,267536284352602;1,2412558859750997;6,392128355639859
13.05.2025 09:15;4,18357683810645;3,1800265519133837;12,259822993274717
13.05.2025 09:30;2,548180218533984;1,675065081100926;6,8305245438786475
13.05.2025 09:45;6,2534467664755224;6,027851108256118;9,018944928469327
13.05.2025 10:00;0,0;0,0;8,480800684309116
13.05.2025 10:15;4,330927449556187;4,752081851655211;6,626330296621982
13.05.2025 10:30;3,250905099314162;0,0;3,9099669711726035
13.05.2025 10:45;0,763840134057521;0,2117079385055443;5,683399414385734
13.05.2025 11:00;7,089094174261044;5,630181138323631;11,97567689415845
13.05.2025 11:15;2,610772602601312;5,988585183972582;9,794036450650761
13.05.2025 11:30;5,181254086171801;4,636295249262609;13,264144231577962
13.05.2025 11:45;6,587489563768746;7,740962510398553;8,905110540014311
13.05.2025 12:00;9,57426923484644;9,567084119054591;11,945870879061726
13.05.2025 12:15;8,530741441402737;7,833146862283423;13,091310022510777
13.05.2025 12:30;6,605563538845736;11,45976844156035;13,845914354993058
13.05.2025 12:45;5,069785142993254;11,78191618120459;16,04317897488448
13.05.2025 13:00;7,66053519336949;6,327808739021274;0,48773428483946546
13.05.2025 13:15;2,0688321184554805;3,2914882466871216;7,077554127835183
13.05.2025 13:30;3,219262213036314;4,138089710122545;7,1309364293046835
13.05.2025 13:45;0,0;0,0;0,0
13.05.2025 14:00;0,0;1,1432170167298719;7,941807931767739
13.05.2025 14:15;3,4223949510871616;0,0;2,6499750323873785
13.05.2025 14:30;0,0;0,0;3,3728612029596254
13.05.2025 14:45;0,21338180006668928;7,445025778945748;14,030875318714115
13.05.2025 15:00;5,196912180009484;3,080256617473728;12,527120916641135
13.05.2025 15:15;3,5705070922526705;4,029726985924841;12,722889737392128
13.05.2025 15:30;6,253386446540622;11,846954200726023;14,269768373399407
13.05.2025 15:45;13,21427398299479;12,458673169357766;17,578729275416613
13.05.2025 16:00;19,130308299400234;20,2836168109488;31,887199823186762
13.05.2025 16:15;23,204500009362015;28,76388730616962;30,45337493692969
13.05.2025 16:30;32,13805431442283;31,246266002037043;29,228097528992667
13.05.2025 16:45;33,70707093842368;32,44090664417293;31,409913072151546
13.05.2025 17:00;30,470882141074412;40,53064818713414;41,278781740073974
13.05.2025 17:15;37,33331152403302;39,590754769417686;40,06551567501972
13.05.2025 17:30;37,88488831037104;46,05836846746951;35,523620176185155
13.05.2025 17:45;36,04485575837619;38,28209954411257;41,033488456910995
13.05.2025 18:00;34,78209438083494;40,963681747512176;36,48371490203747
13.05.2025 18:15;33,15962067724202;41,75807159107101;38,47841526512123
13.05.2025 18:30;28,250244935587645;29,410996424877148;33,27410509613461
13.05.2025 18:45;26,034164597432525;27,339350234111027;25,471188705076333
13.05.2025 19:00;21,279703193745522;26,24310752783335;27,876793327819797
13.05.2025 19:15;17,20324050958385;19,317676895444613;19,995534274494126
13.05.2025 19:30;21,297675002011985;18,163438702415743;16,32641342112946
13.05.2025 19:45;10,409995127907639;13,093440683092389;12,410031727872726
13.05.2025 20:00;11,396305831559024;12,276393903265642;18,181095413960612
13.05.2025 20:15;4,19824065559027;8,676235634597534;8,42227185693999
13.05.2025 20:30;4,295704160039007;5,283253899652525;11,755482581959214
13.05.2025 20:45;1,1937989872624335;4,362964788198044;12,148122218926321
13.05.2025 21:00;0,0;0,0;0,0
13.05.2025 21:15;1,4940914515164763;0,0;0,0
13.05.2025 21:30;0,0;0,0;4,178038173085092
13.05.2025 21:45;0,0;0,0;0,24327103924632248
13.05.2025 22:00;0,013494061732231341;0,0;0,0
13.05.2025 22:15;0,1859584446532763;0,010915179588203977;0,0
13.05.2025 22:30;0,1015359397346728;0,15977675424336782;0,19008189098660488
13.05.2025 22:45;0,0;0,13991071627119392;0,0
13.05.2025 23:00;0,09120231534192848;0,23792842616777465;0,040813761476361114
13.05.2025 23:15;0,016763204616218958;0,2591939186931167;0,16389881334570197
13.05.2025 23:30;0,0;0,0;0,0
13.05.2025 23:45;0,0;0,0;0,0
14.05.2025 00:00;0,03068286421293825;0,0;0,0
14.05.2025 00:15;0,0;0,09478956155843851;0,0875149124156812
14.05.2025 00:30;0,0;0,0;0,05831675804964277
14.05.2025 00:45;0,1775908685837751;0,0;0,15924947596216357
14.05.2025 01:00;0,0;0,0;0,0
14.05.2025 01:15;0,0;0,05738560321361273;0,0
14.05.2025 01:30;0,0;0,0;0,0
14.05.2025 01:45;0,0;0,0;0,43019438015275513
14.05.2025 02:00;0,0;0,00019443097966602034;0,07903845278062543
14.05.2025 02:15;0,0;0,1798118904231701;0,020518763412344102
14.05.2025 02:30;0,21729328268458853;0,0;0,041795964047072455
14.05.2025 02:45;0,0;0,0;0,0
14.05.2025 03:00;0,026786564167232015;0,0;0,0
14.05.2025 03:15;0,0;0,14290133775904185;0,2614995191986863
14.05.2025 03:30;0,06571882386614206;0,0;0,09875209287783276
14.05.2025 03:45;0,014004879196468789;0,0;0,0
14.05.2025 04:00;0,0;0,0;0,0
14.05.2025 04:15;0,02700757071035609;0,0;0,0
14.05.2025 04:30;0,025518242573694006;0,0;0,0
14.05.2025 04:45;0,0;0,0;0,3073719053770055
14.05.2025 05:00;0,04977805901698644;0,0;0,0
14.05.2025 05:15;1,8251294100067068;0,0;0,29617684254240717
14.05.2025 05:30;7,9546429736794355;4,830821949903854;0,0
14.05.2025 05:45;5,473903308732527;6,570989132458481;2,2600718226843775
14.05.2025 06:00;8,667923578892015;2,695933389193686;11,099966558708328
14.05.2025 06:15;10,041691898519439;7,162238195329104;5,460685804703675
14.05.2025 06:30;9,894347252162634;6,02642264785633;6,626017143365262
14.05.2025 06:45;9,176919296793743;8,172636623976066;17,586137173478235
14.05.2025 07:00;15,464984412734053;13,302642481500289;13,088079904842838
14.05.2025 07:15;14,35661962968499;10,938848043820759;15,632601406238932
14.05.2025 07:30;13,110738800390282;11,670615772673099;14,80611738784919
14.05.2025 07:45;9,612033143565515;9,226832124238994;9,86420531065633
14.05.2025 08:00;9,928899531462111;1,234972013916722;7,484057393019957
14.05.2025 08:15;2,4978954460359106;6,726798981992584;9,716515535279921
14.05.2025 08:30;6,422004053579314;4,542432360407337;13,195494243837445
14.05.2025 08:45;4,18333574482058;5,776640839962376;12,029544302480534
14.05.2025 09:00;8,978016903436181;5,010833252638671;2,2167210941646296
14.05.2025 09:15;7,0181761338778035;6,957775204031174;12,260113456155736
14.05.2025 09:30;0,0;0,9754628336154596;3,9767567616966044
14.05.2025 09:45;1,646618325714078;0,0;3,931663509411579
14.05.2025 10:00;3,2527166160782377;1,868325016211044;5,400796961496111
14.05.2025 10:15;2,5998446978240795;2,4098803008743515;9,659462891035712
14.05.2025 10:30;0,6548533215676833;0,0;8,491461473092201
14.05.2025 10:45;7,259404107800886;2,3382723986979554;5,591589544178103
14.05.2025 11:00;5,405910815704461;2,6215050688931356;11,529567306744232
14.05.2025 11:15;6,441902150418544;0,8752538898363973;9,626599846409334
14.05.2025 11:30;5,68564860247311;8,153559248373861;8,485551183701887
14.05.2025 11:45;9,528943220585965;6,05290487501513;9,107766389377202
14.05.2025 12:00;8,990822492812192;8,41631476114052;15,359459115969624
14.05.2025 12:15;9,193882248248311;8,415175626926871;13,567842429621553
14.05.2025 12:30;12,2049814633719;14,458261979452296;9,727704555964408
14.05.2025 12:45;3,4314790528249186;6,522279223547253;14,652938833043926
14.05.2025 13:00;9,476123726247291;6,544502651032708;9,090187921211625
14.05.2025 13:15;4,592624381457682;3,0615326472273763;15,536256604462421
14.05.2025 13:30;3,7572905576588203;2,363694503418594;0,7620133819983366
14.05.2025 13:45;0,17526667469346746;6,104676952964757;6,8336943523725635
14.05.2025 14:00;0,0;2,9210034122404016;3,584756155175585
14.05.2025 14:15;0,0;2,986146383142258;2,4117495784289558
14.05.2025 14:30;0,9631407782571028;2,448145182062667;4,0360546359112615
14.05.2025 14:45;1,1813871525827833;0,0;13,669429655570159
14.05.2025 15:00;1,6992510010659845;0,9925711220873161;8,699843891356235
14.05.2025 15:15;3,747680982541108;6,2947438786199195;7,987010069015999
14.05.2025 15:30;8,029016302597203;10,138216633116004;8,42154104694368
14.05.2025 15:45;14,944255354098173;14,134925098713111;13,122464947382461
14.05.2025 16:00;19,32605870698384;17,652321313514513;22,82432468621287
14.05.2025 16:15;25,959891661850623;26,764601248672882;29,16220462708351
14.05.2025 16:30;35,74584409225228;35,50207269464064;35,83133713659138
14.05.2025 16:45;36,495871454123765;40,3789930563931;31,39645416620278
14.05.2025 17:00;42,15159986053715;41,647695890744934;42,846538781116905
14.05.2025 17:15;39,37295251150094;44,92670578048568;48,002040233164344
14.05.2025 17:30;40,661929562435574;43,27729609944466;49,99551781214609
14.05.2025 17:45;39,086480648039924;46,35591409786339;34,845857966155464
14.05.2025 18:00;33,294734599545215;40,27624428216607;36,654041152176674
14.05.2025 18:15;38,08206418284345;41,0090976572644;34,86354667359871
14.05.2025 18:30;31,523761672860825;35,964460659249674;35,38535472292302
14.05.2025 18:45;29,543246329265063;27,571074617565838;26,13239139384956
14.05.2025 19:00;21,225464884348426;25,343266749691317;32,42488907528602
14.05.2025 19:15;19,911073189303455;19,527704503535524;23,255803731227427
14.05.2025 19:30;16,542107316436645;20,40379883040977;20,46498486535948
14.05.2025 19:45;16,13611290741356;13,653653642253673;22,656444635638653
14.05.2025 20:00;11,75952988364637;13,9054342176849;13,536169589253861
14.05.2025 20:15;7,718530562896056;4,698581236585266;10,949184789337409
14.05.2025 20:30;8,913206519245156;7,4313292796235295;5,307668041003918
14.05.2025 20:45;5,094705557606224;5,166045165652859;0,0
14.05.2025 21:00;2,655922278971968;4,188353397540569;0,4199459892130393
14.05.2025 21:15;0,0;0,0;9,730698936721515
14.05.2025 21:30;0,0;0,0;2,532083793147824
14.05.2025 21:45;0,1795703133790732;0,027856205632145598;0,0
14.05.2025 22:00;0,0;0,0;0,0
14.05.2025 22:15;0,0;0,33329884337767907;0,03965077025670015
14.05.2025 22:30;0,0;0,0;0,0
14.05.2025 22:45;0,1281919792596643;0,02422191454685727;0,06032483016789215
14.05.2025 23:00;0,0;0,026100748356143556;0,1813373928407355
14.05.2025 23:15;0,08678373881762715;0,0;0,02080069248761449
14.05.2025 23:30;0,0;0,014287859617119099;0,0
14.05.2025 23:45;0,03630946220696061;0,11543915496100735;0,0
15.05.2025 00:00;0,0;0,014473722383674878;0,0
15.05.2025 00:15;0,0;0,20766943272297564;0,0
15.05.2025 00:30;0,22846423743525712;0,0;0,04661699352448697
15.05.2025 00:45;0,0;0,0;0,0
15.05.2025 01:00;0,07280492663183163;0,22125840708464165;0,2909550226541442
15.05.2025 01:15;0,259698661638193;0,13680394998957754;0,11884192431767221
15.05.2025 01:30;0,1028282889709234;0,08107675668994319;0,0
15.05.2025 01:45;0,0;0,18498231097791887;0,0
15.05.2025 02:00;0,0;0,0;0,0
15.05.2025 02:15;0,0;0,11934159940842312;0,23597781101389087
15.05.2025 02:30;0,023686186727981205;0,1596555243629134;0,13363825658285436
15.05.2025 02:45;0,03389140411335782;0,0;0,24355682933374306
15.05.2025 03:00;0,0;0,39438556768368394;0,0015313929844132123
15.05.2025 03:15;0,0;0,02945234460930863;0,0
15.05.2025 03:30;0,0;0,0;0,0
15.05.2025 03:45;0,0;0,05719079969006309;0,052452588737519366
15.05.2025 04:00;0,2977043185936612;0,0;0,0
15.05.2025 04:15;0,0;0,1747492910894277;0,0
15.05.2025 04:30;0,0;0,08219160500869468;0,24270762615792568
15.05.2025 04:45;0,0;0,0;0,0
15.05.2025 05:00;0,0953316856863348;0,2253677877394344;0,19964721660715268
15.05.2025 05:15;3,84312375697004;0,0;6,12546260875944
15.05.2025 05:30;10,076244158666476;6,04964148394543;4,021392601462341
15.05.2025 05:45;4,706241303052122;7,16320026466793;8,547572371028032
15.05.2025 06:00;7,321261482211291;7,346935065879965;7,671144661523973
15.05.2025 06:15;8,266296178987137;4,354270393985131;6,031087532026092
15.05.2025 06:30;11,7192619473056;3,1366643733446544;10,726802524805702
15.05.2025 06:45;13,750084175741298;13,799325294631796;14,955263193883717
15.05.2025 07:00;12,56846689673444;10,883429983998905;16,741811083712903
15.05.2025 07:15;15,76511883550765;9,60052722333244;12,55129210192666
15.05.2025 07:30;9,515619201268033;11,765892092501;4,002886785126793
15.05.2025 07:45;11,80431511523209;5,339998615545304;3,082086609348295
15.05.2025 08:00;8,857910486999206;4,376212272748694;6,924061211391298
15.05.2025 08:15;6,033056462994919;5,154676146077021;0,0
15.05.2025 08:30;5,3448155732616005;0,7240656361921141;14,167282884542075
15.05.2025 08:45;10,14195453287413;2,785039335174779;8,961839820453926
15.05.2025 09:00;2,8899954530789174;5,293422650645899;3,5429117395292566
15.05.2025 09:15;4,968921466647403;2,8629846373586147;1,7453111328434687
15.05.2025 09:30;1,7873706720487488;4,600078154136039;9,497373508242692
15.05.2025 09:45;7,4582226296694;5,053429585065308;1,7428709423599553
15.05.2025 10:00;4,5290138839905305;0,9133923251423801;1,2749059051147524
15.05.2025 10:15;2,591999546592941;0,0;3,658307314644223
15.05.2025 10:30;3,6482389498808434;0,0;6,133742652853472
15.05.2025 10:45;3,65910850778725;3,7572182173337354;8,87958582122174
15.05.2025 11:00;2,573840839663748;0,0;11,824758008107494
15.05.2025 11:15;7,354172988537478;3,9911926638366775;13,57821880815597
15.05.2025 11:30;7,150341730609936;6,5019729837308535;10,11166547828428
15.05.2025 11:45;7,777296349711509;10,746612656369718;15,314270078791587
15.05.2025 12:00;8,946509933704519;7,183292219214537;10,34323840123179
15.05.2025 12:15;8,718554612697258;5,873839125024279;4,7896648038776295
15.05.2025 12:30;9,177147422066282;8,53933845175873;10,374953998330238
15.05.2025 12:45;8,588370650894879;9,5000456339954;9,745764363814288
15.05.2025 13:00;3,7913387320731875;4,611339771397445;7,325004699452961
15.05.2025 13:15;6,442859500780624;5,820152831686618;4,206615118316826
15.05.2025 13:30;0,0;0,0;5,247656930980372
15.05.2025 13:45;2,1555976687532965;1,6800326480733367;9,053557510575343
15.05.2025 14:00;0,0;0,2020743176669515;11,315224899114483
15.05.2025 14:15;2,501768052639302;0,0;0,0
15.05.2025 14:30;0,0;3,0751070508114227;0,8292270806080841
15.05.2025 14:45;0,0;1,3897170251492268;2,9186257586146875
15.05.2025 15:00;1,394405409036471;6,249095952970388;11,86588232948171
15.05.2025 15:15;5,417688308927435;6,2887093685585285;9,370868839414959
15.05.2025 15:30;4,726693399525333;9,783567289076625;9,878929260957381
15.05.2025 15:45;11,855796785237496;12,899256583939712;20,73932650748704
15.05.2025 16:00;13,007427346014909;17,828955085845767;25,973376440053023
15.05.2025 16:15;24,939271657425067;30,60899605556026;28,868934890936963
15.05.2025 16:30;28,34263939825143;34,34348983261537;30,291925217664758
15.05.2025 16:45;30,075953471420775;33,91407183340191;38,10820411279737
15.05.2025 17:00;38,901985567284356;41,17146672406949;39,51947623078518
15.05.2025 17:15;35,59026235449979;35,89603126691143;40,7862849620706
15.05.2025 17:30;39,039852770746414;39,95959597718649;38,84174082763987
15.05.2025 17:45;33,78394441013939;41,68134237401221;42,27931086727634
15.05.2025 18:00;38,3970036186808;38,7617381532831;39,42535300356944
15.05.2025 18:15;34,134800911431384;36,65536139440898;39,94150156401619
15.05.2025 18:30;27,48255709872242;24,796808710364942;37,94799988354671
15.05.2025 18:45;24,878754737567053;28,85560019654481;31,56564304481094
15.05.2025 19:00;23,128147705659796;25,625483088668823;22,891353629864163
15.05.2025 19:15;20,166236595404985;24,605577429064137;27,674490056710848
15.05.2025 19:30;15,07385533715213;20,207120728712205;20,076260133459936
15.05.2025 19:45;15,955555753635076;14,825004420333334;26,456566142267036
15.05.2025 20:00;7,307951708901651;9,913342402188553;12,60653081200852
15.05.2025 20:15;6,751561050692399;4,2783138536451535;11,740583733005899
15.05.2025 20:30;7,642610449800306;6,339733195363512;9,028385143589217
15.05.2025 20:45;3,9901928866702017;0,0;3,958175032745227
15.05.2025 21:00;0,9981724552375486;0,0;2,010380209476714
15.05.2025 21:15;0,0;0,0;2,1016220112673696
15.05.2025 21:30;0,0;3,0734492510707234;2,0847030072554213
15.05.2025 21:45;0,0;0,14091769589689657;0,0
15.05.2025 22:00;0,0;0,0;0,40321683492943833
15.05.2025 22:15;0,0;0,0;0,0
15.05.2025 22:30;0,0;0,07753751861461204;0,10607760349110389
15.05.2025 22:45;0,044383692178386794;0,0;0,12994093679197682
15.05.2025 23:00;0,40265649101945034;0,0;0,0
15.05.2025 23:15;0,08262966085383548;0,005508754239672618;0,12285451350885805
15.05.2025 23:30;0,0;0,0;0,13065047648718578
15.05.2025 23:45;0,0;0,0;0,0
16.05.2025 00:00;0,0;0,03587022934980564;0,0
16.05.2025 00:15;0,11005345971045533;0,0;0,006796023522711388
16.05.2025 00:30;0,101903126754948;0,0;0,0
16.05.2025 00:45;0,0;0,0;0,2089695143774302
16.05.2025 01:00;0,18200009744139276;0,0;0,10540022774176183
16.05.2025 01:15;0,003166040832762724;0,06395327611789374;0,0
16.05.2025 01:30;0,11621411030927029;0,0;0,09091169380615101
16.05.2025 01:45;0,04442955030495173;0,0;0,0
16.05.2025 02:00;0,0;0,0;0,0
16.05.2025 02:15;0,0;0,0;0,04317315124783317
16.05.2025 02:30;0,0;0,05646827388152811;0,1673048252838676
16.05.2025 02:45;0,12630760033422705;0,0;0,02996540019836904
16.05.2025 03:00;0,0;0,12340110915629779;0,21873584999664844
16.05.2025 03:15;0,06596120934047675;0,14476380181888718;0,13019097870378957
16.05.2025 03:30;0,0;0,0;0,0
16.05.2025 03:45;0,11700875041955372;0,0;0,0
16.05.2025 04:00;0,04694120047349425;0,0;0,06126325293578572
16.05.2025 04:15;0,0;0,0;0,0
16.05.2025 04:30;0,0;0,0;0,229693526687489
16.05.2025 04:45;0,13971613639775543;0,0;0,0
16.05.2025 05:00;0,0;0,01046284263352292;0,047415967563657915
16.05.2025 05:15;4,546478356732546;0,0;0,0
16.05.2025 05:30;1,4823024090325925;1,0576233083468836;0,13513821533841486
16.05.2025 05:45;3,734413229267177;3,9645236456655364;6,295704714811942
16.05.2025 06:00;8,052286085121825;9,39302146309555;8,862989892835602
16.05.2025 06:15;10,296674998131707;3,253125277953759;6,346410589652599
16.05.2025 06:30;13,168810820025517;5,795340483679981;13,246727398722893
16.05.2025 06:45;12,3839953796297;5,416056300360453;15,84584789380344
16.05.2025 07:00;12,322647467282282;13,39694857882058;14,00959162790229
16.05.2025 07:15;13,263884005342407;10,689446728259114;9,063830891011222
16.05.2025 07:30;7,190043410917536;8,693286346347781;11,568693420565445
16.05.2025 07:45;9,629173904814591;14,473727866788995;10,521137227855975
16.05.2025 08:00;4,200756042936423;4,122039548768125;2,943174608466309
16.05.2025 08:15;4,8007617045817526;0,0;0,0
16.05.2025 08:30;5,498151555212328;3,1785639250076;0,0
16.05.2025 08:45;5,407521526380862;0,0;6,006827801347097
16.05.2025 09:00;4,591178731962038;1,1016603116694133;7,115741057397532
16.05.2025 09:15;0,0;0,0;0,3113163534093051
16.05.2025 09:30;3,0118245286758056;0,0;8,961665735078949
16.05.2025 09:45;4,447956060957149;0,0;6,113099976750968
16.05.2025 10:00;3,5448817059695625;5,081921999058844;10,647551211126716
16.05.2025 10:15;3,125410171935759;2,4439885198294307;7,611872199759806
16.05.2025 10:30;6,601724182115664;1,1426370908906427;2,077479215807845
16.05.2025 10:45;3,923937085554291;3,9116146533272023;8,38043327311637
16.05.2025 11:00;4,528241510051765;3,652080400574218;9,778407877233395
16.05.2025 11:15;7,402767863084183;5,052624927397347;6,70561464301881
16.05.2025 11:30;5,260989055159479;5,4582103639939685;2,580767754997429
16.05.2025 11:45;4,535081716211813;6,046334066836115;10,660867312880768
16.05.2025 12:00;3,255868951870771;9,577496696075283;8,16346130481163
16.05.2025 12:15;7,736370683925679;10,543995298356348;17,356089421914582
16.05.2025 12:30;7,942305757031946;6,642797290681963;9,2285623943964
16.05.2025 12:45;5,067148498596182;5,049981814076415;17,284736474455123
16.05.2025 13:00;6,661765015818864;9,144827172375098;1,3429377859811211
16.05.2025 13:15;3,0924764116044194;1,4161506916045974;8,333835615685365
16.05.2025 13:30;3,9272219312944645;2,338351552865067;12,240744548249914
16.05.2025 13:45;0,0;1,406724673242716;2,064337022916126
16.05.2025 14:00;0,7316255746719941;0,0;4,580605504095313
16.05.2025 14:15;1,1322465780429236;0,0;3,9868358237786055
16.05.2025 14:30;2,9178653188003594;0,0;2,7230915690874125
16.05.2025 14:45;0,0;0,0;7,156792462405303
16.05.2025 15:00;0,9996817821045689;0,0;2,262749511570906
16.05.2025 15:15;5,236403237111105;2,678002249840949;8,566704104489641
16.05.2025 15:30;10,644962812881722;9,57273144663169;14,916369274827737
16.05.2025 15:45;13,769823245875717;18,538840516553847;17,468978308380702
16.05.2025 16:00;14,199621046352034;18,30433367701112;15,725166025568925
16.05.2025 16:15;22,32692360562608;16,353816733191564;29,570880162182952
16.05.2025 16:30;25,928186656534734;28,80432136743044;31,54022081965894
16.05.2025 16:45;27,6421007876306;30,111968676096005;28,367137794918193
16.05.2025 17:00;30,921712418375638;34,93133982377117;29,076019377494404
16.05.2025 17:15;34,28043806086465;35,48973843579466;31,91835318364273
16.05.2025 17:30;36,11090357423976;35,47331210363204;38,1696203861219
16.05.2025 17:45;32,355785269657176;34,157935888233496;35,54602921303178
16.05.2025 18:00;30,02850547127955;33,37501233295967;36,55143114580943
16.05.2025 18:15;25,36321331101466;32,24284067714632;27,6282750008703
16.05.2025 18:30;26,712951662071728;28,682735161429875;25,16578465438053
16.05.2025 18:45;21,80882629686129;27,807826238358597;28,927055890341872
16.05.2025 19:00;20,05330923022166;24,831585088534776;20,553860183525586
16.05.2025 19:15;13,17260549135661;19,325602060963224;19,08185229969095
16.05.2025 19:30;15,367096056235889;9,939115283322588;9,484324891941284
16.05.2025 19:45;8,487041765469757;15,557405241877618;11,230339311185006
16.05.2025 20:00;7,286618214551655;8,41866002878442;14,776487143286275
16.05.2025 20:15;6,231046293327822;9,232731326711583;5,573832647832726
16.05.2025 20:30;8,465795139614318;2,91894941539067;9,927235276663211
16.05.2025 20:45;0,0;0,0;0,0
16.05.2025 21:00;0,0;7,022548005710622;0,5780063707550873
16.05.2025 21:15;0,0;0,0;0,13105114276028174
16.05.2025 21:30;2,100271477205183;2,094487925439718;6,970161213369623
16.05.2025 21:45;0,0;0,3645454654099921;0,11031702204075856
16.05.2025 22:00;0,0;0,0;0,0
16.05.2025 22:15;0,31999960956482915;0,0;0,0
16.05.2025 22:30;0,0;0,0;0,0
16.05.2025 22:45;0,07429109993782433;0,18651015825622702;0,12179977691777615
16.05.2025 23:00;0,039020311140202664;0,13121145650271346;0,0
16.05.2025 23:15;0,0;0,1208601209198876;0,0
16.05.2025 23:30;0,02417000276773125;0,20396937169571175;0,1725877165489539
16.05.2025 23:45;0,0;0,0;0,05989447094033814
17.05.2025 00:00;0,0;0,0;0,1511786145734276
17.05.2025 00:15;0,0;0,25648177978299747;0,11389975969011606
17.05.2025 00:30;0,0;0,09490921544168378;0,3269833962422947
17.05.2025 00:45;0,1348640259933826;0,0;0,16724580534098185
17.05.2025 01:00;0,008613866216952827;0,06822314634555143;0,0
17.05.2025 01:15;0,16357616412336448;0,0;0,07054019508473743
17.05.2025 01:30;0,08704911689175257;0,1347257736984986;0,0
17.05.2025 01:45;0,0;0,06122857041302604;0,0
17.05.2025 02:00;0,0;0,0;0,0
17.05.2025 02:15;0,0;0,04032452557432162;0,0
17.05.2025 02:30;0,0;0,03159415908774113;0,08175514328020497
17.05.2025 02:45;0,0;0,054519372969717976;0,0
17.05.2025 03:00;0,021899813784623037;0,0863293277869963;0,0
17.05.2025 03:15;0,25731316466988496;0,2243948939732597;0,0
17.05.2025 03:30;0,0792480484918315;0,06208334844214476;0,31677689032208506
17.05.2025 03:45;0,0;0,0034347690711696746;0,04877411295622494
17.05.2025 04:00;0,0;0,17219513312823373;0,0
17.05.2025 04:15;0,0;0,3364111085384651;0,06926751895543144
17.05.2025 04:30;0,12176466702416237;0,13726061312521337;0,328377911670913
17.05.2025 04:45;0,0;0,030930919021213525;0,09306935394688425
17.05.2025 05:00;0,08129762625083932;0,06487958246533779;0,0
17.05.2025 05:15;2,52350556892489;0,0;2,6374711165404374
17.05.2025 05:30;1,3234654146578173;0,8279545677159083;3,669123633258682
17.05.2025 05:45;5,962077688836951;0,6635220133403772;8,483193801081924
17.05.2025 06:00;7,133747497712771;5,056398468191656;1,6957900317405663
17.05.2025 06:15;7,064806425853007;7,334951190039805;8,615804428375379
17.05.2025 06:30;11,682277938034215;2,763571905383393;7,208012711831319
17.05.2025 06:45;13,647640922278004;10,167504952481984;11,458305502222784
17.05.2025 07:00;12,208550972982351;10,227450024817658;15,8374068836398
17.05.2025 07:15;12,451733806568482;12,844771689705807;15,600971526991628
17.05.2025 07:30;11,003140720544433;4,071246276058321;16,590361202061843
17.05.2025 07:45;6,618700801673604;5,042581658148411;10,239159144893897
17.05.2025 08:00;6,923900669443977;3,144718090622823;6,83322152753342
17.05.2025 08:15;4,71469841301614;6,221426073897387;5,713617300876915
17.05.2025 08:30;4,785331845227631;4,368455601403691;0,7191677294708505
17.05.2025 08:45;1,8978200675879915;7,773480274640351;11,793835465796157
17.05.2025 09:00;4,835228796477923;5,249505286484184;5,78356559015966
17.05.2025 09:15;5,27803466736489;0,9385341429041436;7,988068057898542
17.05.2025 09:30;2,7174302087952684;2,762025323989699;8,885700826035459
17.05.2025 09:45;8,53496511004008;0,6125470415502855;0,8391171806733846
17.05.2025 10:00;5,805766078564506;4,591826307087788;2,8801678701778872
17.05.2025 10:15;5,637170048967965;0,0;12,02832241237092
17.05.2025 10:30;3,866301435866493;0,0;6,506369570628413
17.05.2025 10:45;6,209561867167016;2,2367027188664865;3,460830140658158
17.05.2025 11:00;1,9836387260776593;5,5870473739666116;6,501293678952122
17.05.2025 11:15;0,0;0,0;11,946404198025725
17.05.2025 11:30;5,345645073906883;9,154857119516397;13,717570346568582
17.05.2025 11:45;8,057309443217328;5,96373759578619;4,979704614566052
17.05.2025 12:00;10,317057026766266;4,709906239420461;20,507059553610887
17.05.2025 12:15;8,356206922691406;0,0;15,888669722592352
17.05.2025 12:30;11,239122252317507;4,4210712093150315;12,333552012873307
17.05.2025 12:45;6,89455307041276;5,976838780168683;5,961660004522016
17.05.2025 13:00;6,075465550473249;4,207609160404154;13,498078797667809
17.05.2025 13:15;1,1092718833931154;4,624610932178292;9,885683119812395
17.05.2025 13:30;0,0;0,0;0,0
17.05.2025 13:45;4,03543681973662;0,0;5,172606606182451
17.05.2025 14:00;1,684604218684472;0,5614367414239192;19,33823936017489
17.05.2025 14:15;0,0;0,04018185926560601;5,328627575877064
17.05.2025 14:30;0,0;1,4141265693212128;2,997305256061723
17.05.2025 14:45;0,32170074735582155;0,03747507504951564;3,0999272250031327
17.05.2025 15:00;0,8011242841140163;5,3510100957794835;14,822769844488366
17.05.2025 15:15;1,8192828976821986;3,6715851246494164;13,212566019820242
17.05.2025 15:30;3,912737295271814;5,81613265047863;17,86920668254724
17.05.2025 15:45;13,217537872383064;13,99903548394331;19,626716263767072
17.05.2025 16:00;17,232678530936823;23,626913700351857;28,22416479254318
17.05.2025 16:15;25,308474362241075;25,47371813854413;24,243264727534374
17.05.2025 16:30;29,143501767889195;29,905320093587825;33,454183753998926
17.05.2025 16:45;32,353676555225306;37,85152530636903;36,9974835463739
17.05.2025 17:00;32,9561913089085;44,00144575450368;43,78934943133244
17.05.2025 17:15;36,311980195906386;41,090782543740765;41,44296593746274
17.05.2025 17:30;36,123710812827824;42,636644717048654;36,43021531602419
17.05.2025 17:45;37,526888668025784;42,86342355124501;39,70629140038469
17.05.2025 18:00;32,48069092028851;34,741721819888774;29,30001742758845
17.05.2025 18:15;32,8843647012572;34,350140634894146;24,68480635786339
17.05.2025 18:30;29,60294702719373;29,573382798497;36,01269653560358
17.05.2025 18:45;27,50443089325895;28,505112099184107;27,469652204428424
17.05.2025 19:00;21,001283895514018;23,09031659091775;23,932821785236463
17.05.2025 19:15;14,407611324659669;19,39562563216195;24,28952557956265
17.05.2025 19:30;15,668088661729335;15,280907677762555;23,532188601751617
17.05.2025 19:45;13,939285356909282;13,623032481059736;17,297041088183416
17.05.2025 20:00;10,743434059226527;12,64656769071899;19,833011771372103
17.05.2025 20:15;7,69534277035003;7,856429628898522;11,230834223431765
17.05.2025 20:30;3,7957874430290186;0,5208344884195375;7,886833007149897
17.05.2025 20:45;0,6607161973790578;1,058510314629487;5,2224483643418695
17.05.2025 21:00;0,8183968282725793;0,0;0,0
17.05.2025 21:15;0,252011199339931;0,4328493570711287;4,726012374363203
17.05.2025 21:30;0,0;0,35895688294630634;0,0
17.05.2025 21:45;0,0;0,0384065639097387;0,39784375319804144
17.05.2025 22:00;0,10755006520733987;0,002777762290999104;0,0
17.05.2025 22:15;0,0;0,32477562472595706;0,0
17.05.2025 22:30;0,24062731802191506;0,0;0,0
17.05.2025 22:45;0,0;0,1732358742364049;0,0
17.05.2025 23:00;0,11905984945946659;0,0;0,04266145274739561
17.05.2025 23:15;0,0;0,0;0,0
17.05.2025 23:30;0,0;0,0;0,0
17.05.2025 23:45;0,0;0,0;0,17210136341120413
18.05.2025 00:00;0,03834068775772398;0,0866365977626489;0,0
18.05.2025 00:15;0,06862868149213425;0,013695033398785613;0,0
18.05.2025 00:30;0,15875422677346024;0,0;0,0
18.05.2025 00:45;0,21119233238960675;0,2206511870234573;0,0
18.05.2025 01:00;0,04977323201650536;0,16352010067135866;0,0
18.05.2025 01:15;0,25705113587524564;0,2379083298144602;0,0
18.05.2025 01:30;0,013945881423371689;0,035544699610217445;0,07787768717791829
18.05.2025 01:45;0,1616160543379386;0,0;0,08928952671625956
18.05.2025 02:00;0,06430795093592209;0,10553407239279315;0,0
18.05.2025 02:15;0,0;0,0;0,0
18.05.2025 02:30;0,02718512315697655;0,019508933207975414;0,02047379910085883
18.05.2025 02:45;0,07547578162636875;0,0;0,0
18.05.2025 03:00;0,0;0,0;0,02679929740451827
18.05.2025 03:15;0,061928477699633444;0,01911832572586085;0,22020697929240937
18.05.2025 03:30;0,1298044438990342;0,0;0,0
18.05.2025 03:45;0,0;0,0;0,0
18.05.2025 04:00;0,0;0,05456774184749318;0,05881552459826226
18.05.2025 04:15;0,2517405227240056;0,19087997009799382;0,0
18.05.2025 04:30;0,0;0,0;0,0
18.05.2025 04:45;0,0;0,0;0,07129843093181833
18.05.2025 05:00;0,0;0,0;0,10365561041674888
18.05.2025 05:15;2,3268120535504613;0,0;0,6546735501648694
18.05.2025 05:30;4,037113091523762;0,0;6,5216663140787885
18.05.2025 05:45;3,993808308523665;0,0;5,039928908819539
18.05.2025 06:00;8,879640138577637;6,333467705852569;7,426505601790794
18.05.2025 06:15;9,214417300380468;6,641759213759916;9,536441419464024
18.05.2025 06:30;7,01578831587631;1,5002512654191973;15,808741967066114
18.05.2025 06:45;7,591347269371968;6,467560288191381;6,3317053374663335
18.05.2025 07:00;8,825599264315459;14,571962546783084;7,7935118008588615
18.05.2025 07:15;13,476822511513225;9,032436926078528;7,237453183869604
18.05.2025 07:30;10,594144026852174;11,911959531165287;13,941897169857878
18.05.2025 07:45;8,301780855253252;6,679417102590362;12,035908318655647
18.05.2025 08:00;3,870247099240362;1,4600435311740818;5,073712348262936
18.05.2025 08:15;8,41723526206522;1,642968533376394;0,0
18.05.2025 08:30;4,957934164839305;3,599964958082128;4,480412391325116
18.05.2025 08:45;5,826346280381386;0,7258999932235222;8,958451104715982
18.05.2025 09:00;6,323859579372692;0,0;5,905969829062572
18.05.2025 09:15;0,40361757620383387;4,209886082690629;4,992959388690297
18.05.2025 09:30;1,7671725433641996;0,0;2,881364713765025
18.05.2025 09:45;4,027406257949081;4,669537324223137;10,044937574443557
18.05.2025 10:00;9,60060585281508;0,9325937745099417;7,803782872218822
18.05.2025 10:15;4,349846018379443;2,017466332821371;8,875221474756357
18.05.2025 10:30;5,079936651134274;1,7049092491635736;5,5893142223984125
18.05.2025 10:45;5,616714876641474;0,1465757431563599;8,552951426722968
18.05.2025 11:00;4,81009470867888;4,36762479703604;9,335882421242113
18.05.2025 11:15;1,0296893389703405;0,0;2,9741782476369973
18.05.2025 11:30;7,198090984933291;5,381110966549418;10,361556970454208
18.05.2025 11:45;3,3442731881566083;0,0;13,43470169816905
18.05.2025 12:00;10,12098158056839;5,847310119035732;15,624647949898929
18.05.2025 12:15;6,725807769529065;8,267481613440333;12,270686000221836
18.05.2025 12:30;1,5974864790679435;8,39847906243892;7,453889290054768
18.05.2025 12:45;4,8661011983671365;1,8954368355520064;6,924261114393312
18.05.2025 13:00;5,196929600272014;0,5928494329779896;6,977371414583356
18.05.2025 13:15;1,4958606189556232;0,0;7,761776790869184
18.05.2025 13:30;2,284842765985132;1,2495588065270165;5,558648379457655
18.05.2025 13:45;0,0;0,0;1,201619990691487
18.05.2025 14:00;0,0;0,3829776326666972;1,196366384499819
18.05.2025 14:15;0,0;0,7013680694471741;0,0
18.05.2025 14:30;0,0;0,0;0,0
18.05.2025 14:45;0,0;2,5372372709396775;5,674031673620149
18.05.2025 15:00;2,916223308228675;1,6264609436510553;15,331119154716589
18.05.2025 15:15;2,4286760182178355;3,6103640692842243;16,76284541121469
18.05.2025 15:30;7,523643743253134;2,919121937186757;8,310936739392233
18.05.2025 15:45;11,053167518396773;12,923207652218538;16,65536589248944
18.05.2025 16:00;12,910595933094273;15,569968802949946;15,05503831155899
18.05.2025 16:15;15,885191692418088;19,342737888727168;18,007658752844137
18.05.2025 16:30;22,498501067042223;26,516263964596572;22,184704572457207
18.05.2025 16:45;31,106732293058563;34,133601483281566;30,46351205347194
18.05.2025 17:00;30,292670825061048;32,3902504310045;32,44260154534442
18.05.2025 17:15;26,938657461981215;35,37493348718993;35,27112965806566
18.05.2025 17:30;23,871448958194883;29,681104559691907;36,49706447120194
18.05.2025 17:45;31,54340926993679;34,241638281154735;32,33599370914484
18.05.2025 18:00;28,55621198559952;31,98913033781007;32,393968982455156
18.05.2025 18:15;28,66940361657929;32,91889379829174;25,434987693510493
18.05.2025 18:30;21,69338759605338;24,965796615588737;21,432704026736026
18.05.2025 18:45;20,266617409677472;21,557197890832143;16,884883466625027
18.05.2025 19:00;20,450705313624404;24,165431760791826;24,487128507426956
18.05.2025 19:15;15,423576565767124;18,386713807108674;17,971251763110388
18.05.2025 19:30;12,39737118850306;12,282906335917431;8,656247168412138
18.05.2025 19:45;9,70600889121102;18,23310954309417;12,191627539936926
18.05.2025 20:00;9,364825689610448;6,881473640241569;5,866888157531658
18.05.2025 20:15;6,1405608137547505;7,269365955901798;15,208258197760323
18.05.2025 20:30;6,569357117531069;6,629134700316423;4,485745205761003
18.05.2025 20:45;0,3014273842542595;2,66474600976671;5,981710702513114
18.05.2025 21:00;0,0;0,23720616292212682;6,338728005510465
18.05.2025 21:15;3,242479814384211;0,0;0,0
18.05.2025 21:30;0,0;0,0;0,30418847021883183
18.05.2025 21:45;0,0;0,0;0,00532532482099568
18.05.2025 22:00;0,0;0,0;0,0
18.05.2025 22:15;0,0;0,0;0,3095312235710086
18.05.2025 22:30;0,0;0,08788074853162563;0,1800830998360947
18.05.2025 22:45;0,07946142360897335;0,04806686471772571;0,12503191770977523
18.05.2025 23:00;0,3045545161504652;0,0;0,01968089188202946
18.05.2025 23:15;0,12308573970223519;0,19412404858757296;0,0
18.05.2025 23:30;0,16838972771318553;0,14166184597155568;0,16910795789009908
18.05.2025 23:45;0,0;0,0;0,0216441220077032
19.05.2025 00:00;0,015699804832586685;0,18361663378793405;0,0
19.05.2025 00:15;0,06397236063454304;0,04904076188944144;0,0
19.05.2025 00:30;0,0;0,0;0,0
19.05.2025 00:45;0,0;0,05371200667189683;0,15859935644787929
19.05.2025 01:00;0,1281827937499615;0,0;0,10245556246826788
19.05.2025 01:15;0,16354391326501633;0,08176179817221096;0,027244869229252656
19.05.2025 01:30;0,010111540427288694;0,028097328469675085;0,0
19.05.2025 01:45;0,0;0,0;0,0
19.05.2025 02:00;0,0;0,0;0,0
19.05.2025 02:15;0,0;0,07907738109478891;0,0
19.05.2025 02:30;0,011280361475209036;0,0;0,0
19.05.2025 02:45;0,038310466690712815;0,11669199144678692;0,0
19.05.2025 03:00;0,0;0,07225125934135805;0,04340409369240978
19.05.2025 03:15;0,03625668335748069;0,0;0,12172406129599815
19.05.2025 03:30;0,06253518586257586;0,15344822866160027;0,0
19.05.2025 03:45;0,038529306436068576;0,030726249275485645;0,21133754026821522
19.05.2025 04:00;0,0;0,024546427106713085;0,0
19.05.2025 04:15;0,0;0,0;0,0
19.05.2025 04:30;0,061476446739940196;0,25253335683596967;0,0
19.05.2025 04:45;0,23680676569589995;0,0;0,16382794932516279
19.05.2025 05:00;0,0;0,0;0,015883062312326765
19.05.2025 05:15;5,06462853342634;0,0;3,9385415482338946
19.05.2025 05:30;5,487932717982601;0,0;0,0
19.05.2025 05:45;6,219162593177507;4,900813503700683;4,616950819512581
19.05.2025 06:00;5,581252463596392;2,225373596506025;6,462508731281924
19.05.2025 06:15;6,131987169942439;8,032865427645325;15,418286709277286
19.05.2025 06:30;9,25568905106306;13,057911056866693;5,4779816828714765
19.05.2025 06:45;12,13402086547334;10,105602808570769;9,777065612651034
19.05.2025 07:00;15,119709374223685;14,03472067035501;8,933416042611213
19.05.2025 07:15;15,398854991047859;12,029596439749362;8,944469412455518
19.05.2025 07:30;12,561028775048;13,47654518549757;15,629840033379638
19.05.2025 07:45;7,7261681186408655;4,1185609484821395;9,455495023226673
19.05.2025 08:00;6,910365690036626;4,507754709414919;5,126112809768054
19.05.2025 08:15;5,115751456822098;5,232994351863734;4,463724060279603
19.05.2025 08:30;4,361158761298002;1,9109098331298648;3,573270754261795
19.05.2025 08:45;10,273849487736125;7,173773657231576;5,551911585362446
19.05.2025 09:00;2,9377750388790083;3,2753959712178697;2,8848210437542043
19.05.2025 09:15;5,100861155661311;9,170975513368202;6,29626136029664
19.05.2025 09:30;5,361918560117472;6,585276296719943;3,6132401270388117
19.05.2025 09:45;1,2267094229673239;3,0470207076679046;3,4264310499329027
19.05.2025 10:00;3,1976921887990883;4,249490463736835;7,625747722139184
19.05.2025 10:15;2,1065401723397397;4,675680771585804;6,930236947456756
19.05.2025 10:30;3,0399731098076868;0,0;4,278328411999225
19.05.2025 10:45;0,0;0,0;4,8929042102134614
19.05.2025 11:00;5,398464985445122;6,370886996242428;16,264333045655928
19.05.2025 11:15;5,567574896611464;3,884965102400089;16,34400760021909
19.05.2025 11:30;7,303739477397949;4,885148563379794;5,810998681497266
19.05.2025 11:45;4,702128981439516;5,835233463681262;6,708995266824006
19.05.2025 12:00;9,237547587495094;2,3303801247500546;8,822376371828435
19.05.2025 12:15;8,16695401154374;9,370922558635032;18,322842282165748
19.05.2025 12:30;7,560545713666219;6,116595803487749;10,993254400658714
19.05.2025 12:45;10,67468242217413;8,764683686052276;11,91466753733435
19.05.2025 13:00;3,7298341859480266;6,059545991422416;16,369850483700937
19.05.2025 13:15;0,4575030866263763;4,303990173952105;7,788766193248236
19.05.2025 13:30;1,547460109642691;2,1724068551968685;9,190714360854319
19.05.2025 13:45;0,0;0,0;7,080333194562613
19.05.2025 14:00;0,0;2,2644600997313034;3,5855260005601712
19.05.2025 14:15;0,0;1,6940451090631101;9,539477759005148
19.05.2025 14:30;0,0;3,239043357040354;1,753924991601668
19.05.2025 14:45;2,50768267280965;6,824136892254744;11,548322325880353
19.05.2025 15:00;4,331081501824517;0,0;6,300011047036632
19.05.2025 15:15;6,43708795529975;5,38454393098161;8,873279358784202
19.05.2025 15:30;6,492952378091452;8,076318596861789;9,588671366532548
19.05.2025 15:45;13,006328703945263;16,448282973016166;15,398289488459648
19.05.2025 16:00;18,93465978286668;20,73097998578517;21,4743192220238
19.05.2025 16:15;23,394588397054093;26,878965835681175;19,40334660654015
19.05.2025 16:30;29,028193985342693;35,66289629510746;32,85525310336794
19.05.2025 16:45;33,9225885535071;33,689110825017835;34,983501262004
19.05.2025 17:00;35,62054353457748;37,427189193032426;43,217110505701456
19.05.2025 17:15;37,34829912108409;38,12810402982229;42,18740369093302
19.05.2025 17:30;41,10905754353988;41,05130042712386;38,51852575009368
19.05.2025 17:45;36,667724965563686;37,73740123408531;38,49453232464776
19.05.2025 18:00;35,19649103089399;36,428376720717516;35,229483053220726
19.05.2025 18:15;34,19891348001362;36,36937166573809;42,16847803652173
19.05.2025 18:30;24,32448890457692;28,402792323242593;27,167116628760077
19.05.2025 18:45;23,449654489562114;31,13212886272982;25,835810652889023
19.05.2025 19:00;21,734495037939546;26,15206972220965;21,825657095601493
19.05.2025 19:15;17,42924995773157;24,545113874925356;16,097623855909966
19.05.2025 19:30;14,900717340963796;16,725003791994908;19,12417411408179
19.05.2025 19:45;13,409531362986712;14,000380422748822;15,675158377864332
19.05.2025 20:00;13,14568544857627;10,814111572496309;18,250954197249555
19.05.2025 20:15;6,523809939614416;7,142810748164888;12,481516936354094
19.05.2025 20:30;4,584950155516265;8,53783859571521;17,20882107477902
19.05.2025 20:45;0,0;2,2191877261525983;4,193628060538648
19.05.2025 21:00;0,09398469794981765;1,8735297762605991;0,6956939196102221
19.05.2025 21:15;0,0;0,0;0,0
19.05.2025 21:30;0,0;1,049436526909966;2,786312669905303
19.05.2025 21:45;0,08262603006721646;0,0;0,020035337183719283
19.05.2025 22:00;0,13172278678857352;0,10900966159867588;0,0
19.05.2025 22:15;0,0;0,0;0,0
19.05.2025 22:30;0,17226116212310102;0,0;0,16439284105463742
19.05.2025 22:45;0,18032607471463447;0,0;0,0
19.05.2025 23:00;0,2070577101091786;0,009408287409358182;0,20144889786459416
19.05.2025 23:15;0,06876482534782978;0,0;0,07494967334313458
19.05.2025 23:30;0,35402058744863035;0,0;0,0
19.05.2025 23:45;0,0;0,06865560560891579;0,0
20.05.2025 00:00;0,31861163792684094;0,0;0,2843932949772461
20.05.2025 00:15;0,11524492329876491;0,12812066759660687;0,21171087097191316
20.05.2025 00:30;0,20105809995400775;0,2337791624302721;0,0
20.05.2025 00:45;0,0;0,0;0,020188759417856878
20.05.2025 01:00;0,1266712054445644;0,19492394200807345;0,0
20.05.2025 01:15;0,2140461245496544;0,0;0,020217596673915764
20.05.2025 01:30;0,0;0,23988617386168054;0,0
20.05.2025 01:45;0,0;0,0;0,0
20.05.2025 02:00;0,0;0,0;0,27154940696471125
20.05.2025 02:15;0,0;0,0;0,0
20.05.2025 02:30;0,0;0,2561944790116108;0,0
20.05.2025 02:45;0,0;0,0802452458910627;0,0
20.05.2025 03:00;0,4385465036406989;0,0;0,01906766360467198
20.05.2025 03:15;0,2576705260195798;0,049335175392709756;0,0
20.05.2025 03:30;0,0;0,1456687257678829;0,03699047129738045
20.05.2025 03:45;0,08336074523991074;0,0;0,0
20.05.2025 04:00;0,11983966305888574;0,3939585128013569;0,1035375201863823
20.05.2025 04:15;0,0;0,0;0,0
20.05.2025 04:30;0,02674614047378241;0,15037660830671223;0,006944588891600847
20.05.2025 04:45;0,041397331112249726;0,11429058547226993;0,0
20.05.2025 05:00;0,0;0,0;0,2577583443418304
20.05.2025 05:15;1,8188669269276745;1,285657008223509;0,0
20.05.2025 05:30;2,0525808675622175;0,0;0,0
20.05.2025 05:45;5,892323242388166;2,2095315269439872;1,1720078338496869
20.05.2025 06:00;3,13692209530752;0,0;10,700841410360088
20.05.2025 06:15;9,79542060043625;2,9355076782913017;5,670011956332152
20.05.2025 06:30;8,063562614683818;6,321373466870281;8,509770900211832
20.05.2025 06:45;11,621293240661846;6,799985659167604;10,580810448624222
20.05.2025 07:00;11,329882114257586;10,575152847824292;20,551264801699254
20.05.2025 07:15;11,480284493397317;11,4808804189387;11,598659068205494
20.05.2025 07:30;9,078716558262581;14,555916897619085;14,81821228259544
20.05.2025 07:45;8,187819412749402;6,187215935340696;6,293956570838942
20.05.2025 08:00;11,359209614760763;8,316893133265586;7,00000303023252
20.05.2025 08:15;8,583618262784928;1,2338957693686137;6,638086778590648
20.05.2025 08:30;6,035569650280107;0,0;3,269259352814128
20.05.2025 08:45;5,290269470408954;2,1857435019152;5,809298134148651
20.05.2025 09:00;7,6750080097243565;0,0;11,03943502480618
20.05.2025 09:15;5,628072613563344;1,249170261750616;2,019391780788872
20.05.2025 09:30;2,5953872898160313;0,1675798409944429;6,312167854820128
20.05.2025 09:45;1,9772599690592538;0,0;7,350628819655541
20.05.2025 10:00;0,0;6,287383858469987;2,678941779773319
20.05.2025 10:15;6,506420185127869;1,18794372317168;11,402283044694546
20.05.2025 10:30;7,600096806788985;0,0;6,780634603088313
20.05.2025 10:45;3,499895742065152;4,332606924880204;5,923752012710461
20.05.2025 11:00;0,0;0,017182969494018208;0,0
20.05.2025 11:15;5,7127850250077445;6,3689609628347625;6,616994972180634
20.05.2025 11:30;3,5607398849919383;2,526753147410667;10,633911438611799
20.05.2025 11:45;4,8693355011081465;4,078650309609163;17,111608743869525
20.05.2025 12:00;8,850675442123341;8,122124736140401;13,925667892171168
20.05.2025 12:15;8,938483536797749;9,830638055276854;17,12705137801847
20.05.2025 12:30;6,32015762160134;9,222757675406907;6,8603129358318125
20.05.2025 12:45;4,506166145451809;5,437284953140658;9,909743471375817
20.05.2025 13:00;3,750699612102448;4,757732739427716;13,227193321177074
20.05.2025 13:15;2,07405109850556;4,825297523934276;4,337599385281234
20.05.2025 13:30;0,0;2,199184194913109;10,718146894022716
20.05.2025 13:45;0,024647040726542557;0,3121700333171397;8,921647944763093
20.05.2025 14:00;1,44229640163748;0,0;7,242739272593626
20.05.2025 14:15;0,0;1,8643544320005;4,211943489311197
20.05.2025 14:30;0,0;0,8815081900242306;1,9992062856934187
20.05.2025 14:45;2,9462098224353617;0,3486634874347305;13,610725592151063
20.05.2025 15:00;0,0;6,119435505925709;10,041701598870553
20.05.2025 15:15;3,0595969294508043;1,0271065811048037;10,768793432803685
20.05.2025 15:30;7,9446054785433216;15,052146890674567;12,76483284334355
20.05.2025 15:45;12,06599172662255;13,421855124069001;17,024128682980006
20.05.2025 16:00;17,666418136857985;19,56019013959339;22,06966433703061
20.05.2025 16:15;24,418642417972023;23,76402497876136;28,345716159335133
20.05.2025 16:30;24,962169776154074;24,939480676246177;33,66124408483351
20.05.2025 16:45;29,90812650339377;31,644752087462305;29,759973990317654
20.05.2025 17:00;33,21248130999533;37,37156182501566;30,839152401672923
20.05.2025 17:15;29,826577552779096;38,787912667985246;37,33801898785414
20.05.2025 17:30;36,50890907675656;35,866241019150614;29,361757895646594
20.05.2025 17:45;30,532028479912675;31,251477804998835;35,58230521277992
20.05.2025 18:00;32,21944352600847;30,825810927686966;32,734553058043495
20.05.2025 18:15;28,635350250459567;36,72372214649446;33,1845992283958
20.05.2025 18:30;27,78889939114384;27,55352117033245;38,36626588851068
20.05.2025 18:45;22,597916289511666;30,39766169990606;18,955751426750375
20.05.2025 19:00;21,789814197417705;20,269123274477547;32,306454993940335
20.05.2025 19:15;15,08401039875912;20,176178212310557;20,198230627433098
20.05.2025 19:30;14,173448243825238;18,102869756349435;18,543544628432638
20.05.2025 19:45;10,234424747347756;10,96920079521204;8,420233471971663
20.05.2025 20:00;6,9289905949651;14,097089816238427;14,853601853081923
20.05.2025 20:15;7,522914459584532;8,183477653354938;9,208148543261746
20.05.2025 20:30;6,535301486171459;6,677524232051373;6,324184907795158
20.05.2025 20:45;1,4499934207915115;2,202035056476496;0,0
20.05.2025 21:00;1,5584257591933337;2,300077943357494;2,0754133777352872
20.05.2025 21:15;0,0;3,9790823464699576;4,234180315473431
20.05.2025 21:30;0,0;0,0;0,0
20.05.2025 21:45;0,0;0,0;0,02572337601442912
20.05.2025 22:00;0,02584450776614855;0,1527147971219047;0,2918207922171891
20.05.2025 22:15;0,014910379197265046;0,021718183140636182;0,08411136000936295
20.05.2025 22:30;0,0;0,05071075900909091;0,2138108883468718
20.05.2025 22:45;0,0;0,0;0,0
20.05.2025 23:00;0,0;0,0983997982743152;0,05182545742354836
20.05.2025 23:15;0,13292264294749093;0,04309452661238517;0,1827965383528434
20.05.2025 23:30;0,0;0,0;0,13574399228760728
20.05.2025 23:45;0,24340962459534737;0,054133779458861435;0,07964899172768534
21.05.2025 00:00;0,0;0,0;0,0
21.05.2025 00:15;0,02896647021822389;0,0;0,0
21.05.2025 00:30;0,0;0,0;0,17064929274050347
21.05.2025 00:45;0,08819414196196652;0,0;0,201886687309821
21.05.2025 01:00;0,0;0,32707943415648005;0,0
21.05.2025 01:15;0,28910966309906333;0,13678060932653843;0,0
21.05.2025 01:30;0,0;0,0;0,0
21.05.2025 01:45;0,2573220359520369;0,30544440033912634;0,12445509235952334
21.05.2025 02:00;0,013498270366324916;0,0;0,0
21.05.2025 02:15;0,08286368726203697;0,0044183051196426786;0,12264051090326211
21.05.2025 02:30;0,20017873546379364;0,134612579239698;0,08185355146815194
21.05.2025 02:45;0,1286492242749104;0,0;0,0
21.05.2025 03:00;0,0;0,0;0,23457889707768995
21.05.2025 03:15;0,09001343328939028;0,0;0,0
21.05.2025 03:30;0,28012109589519246;0,03076201193162022;0,248929889963784
21.05.2025 03:45;0,0;0,05550745248981639;0,04783287963682446
21.05.2025 04:00;0,3177642766790966;0,0;0,0
21.05.2025 04:15;0,0578553728952846;0,0;0,238781945373242
21.05.2025 04:30;0,0;0,15976970589531675;0,1458318756329983
21.05.2025 04:45;0,0;0,04522288955010572;0,0
21.05.2025 05:00;0,0;0,006213751507791439;0,0
21.05.2025 05:15;4,899713704802934;0,0;0,07958413425653332
21.05.2025 05:30;5,774315636551292;0,0;0,0
21.05.2025 05:45;7,365442244180446;1,5862826319551702;0,0
21.05.2025 06:00;5,473868290235944;0,0;11,634397740836835
21.05.2025 06:15;10,048469591808574;6,588813101042817;14,332218846558604
21.05.2025 06:30;6,263843080729927;2,2070373112885475;8,179672682439968
21.05.2025 06:45;11,609364397625363;8,264387356185386;10,477028182276197
21.05.2025 07:00;11,428026970878777;7,58931861966;8,327612129719741
21.05.2025 07:15;8,498981654043224;7,387950910336599;13,93476180733607
21.05.2025 07:30;8,455095298974545;11,66523904639331;17,587249251582477
21.05.2025 07:45;8,440730638082258;7,741732806549988;2,492502971406301
21.05.2025 08:00;5,157383169005026;7,573180091603021;9,150933872819813
21.05.2025 08:15;7,272531638232429;8,448196525976389;9,421396857626469
21.05.2025 08:30;1,8031393999400032;1,0456892442573866;8,565344834025089
21.05.2025 08:45;1,2857190518181039;7,398788834876903;13,386202059735703
21.05.2025 09:00;7,3800869509850004;0,0;14,336314482332003
21.05.2025 09:15;5,778215635082824;3,873576192013542;4,864295383308659
21.05.2025 09:30;0,6352875816556915;0,0;7,546744568874381
21.05.2025 09:45;2,0162042814457584;0,0;4,747275888996596
21.05.2025 10:00;5,0764780090634645;2,8557093966844382;3,089700172434344
21.05.2025 10:15;4,024474393466839;4,032669273501971;7,07449766352668
21.05.2025 10:30;2,5188082160554064;3,042047549697556;7,9793994583659735
21.05.2025 10:45;5,332422482643689;2,274609854225935;7,262574842135095
21.05.2025 11:00;2,1643189067342603;2,7072112435621403;3,5472205011270366
21.05.2025 11:15;2,993098288981467;3,161581837417499;4,758117188952072
21.05.2025 11:30;4,765451949162886;4,714954910931134;6,779800143103796
21.05.2025 11:45;6,2997017986504;7,700644436440299;7,3825947122607785
21.05.2025 12:00;7,092385301233593;8,037794581892392;13,171306861117248
21.05.2025 12:15;7,471411248062807;9,314534937569707;13,236921844101182
21.05.2025 12:30;7,800311976387436;3,22350621061224;16,031793370500445
21.05.2025 12:45;4,781401406194272;6,4818456193823035;8,014720038594621
21.05.2025 13:00;6,424727562209116;1,0194800049030892;7,301313204329406
21.05.2025 13:15;0,5378214718778902;3,1253686732074755;13,72118734165765
21.05.2025 13:30;0,5337013782018281;5,304335289020898;5,500140738223779
21.05.2025 13:45;0,0;0,0;5,522933596483658
21.05.2025 14:00;1,1192927770687255;0,8562820922832661;5,098405256642298
21.05.2025 14:15;0,0;2,3394012051981066;10,103590923599583
21.05.2025 14:30;2,3315111761695055;0,0;10,753967251130417
21.05.2025 14:45;0,0;0,0;10,805084331585121
21.05.2025 15:00;4,960768576665621;4,2266740443247865;8,129869031235614
21.05.2025 15:15;3,281686007383316;0,0;6,190369948682667
21.05.2025 15:30;7,911754994709938;6,708465044111165;20,990505601611098
21.05.2025 15:45;16,16805503983852;17,06975607058521;20,844941686729875
21.05.2025 16:00;15,461735721503047;20,84315324558397;19,079422048675543
21.05.2025 16:15;22,58808604225502;23,626051263308177;30,472375884992548
21.05.2025 16:30;26,683212005422515;32,057695847421606;28,790500318367933
21.05.2025 16:45;29,951244894938043;33,01803857419652;38,90205888688256
21.05.2025 17:00;30,266979287052738;35,0630826484655;40,03713712957325
21.05.2025 17:15;33,71221228478692;34,78035204732606;32,133198361367015
21.05.2025 17:30;31,781483133270726;37,19308626949882;39,10384834207261
21.05.2025 17:45;29,653385856233466;33,53614451392234;38,2921201694836
21.05.2025 18:00;28,575569511472054;36,75262081934851;43,76687738305473
21.05.2025 18:15;29,13515555458029;36,456182792222236;29,283693743927227
21.05.2025 18:30;24,24901436760979;31,48317666564158;33,72520087875616
21.05.2025 18:45;23,447237021690828;23,760446815958684;25,30813115879103
21.05.2025 19:00;22,38256600566772;19,825463903770423;17,897143777945434
21.05.2025 19:15;15,006200235140492;22,772358018923093;19,455666999080368
21.05.2025 19:30;12,692171910605524;17,726989612013398;17,02317579710727
21.05.2025 19:45;8,815865096481799;14,422555373925226;10,156580752966258
21.05.2025 20:00;12,679319132208484;8,448459825646255;12,435838941190909
21.05.2025 20:15;7,028835970333386;8,86316881868087;12,637820253619289
21.05.2025 20:30;4,71473574773454;1,828918104330839;6,923694429574843
21.05.2025 20:45;0,0;4,580706735719387;1,9119189696489443
21.05.2025 21:00;0,5528881925869952;4,84629845729919;1,7212455820075556
21.05.2025 21:15;0,3488529222867627;4,103578472810696;0,8179500867079034
21.05.2025 21:30;0,0;0,9130149460965034;0,8692865099241951
21.05.2025 21:45;0,0;0,02218058871902088;0,0
21.05.2025 22:00;0,0;0,27538334962953276;0,36231692427155865
21.05.2025 22:15;0,0;0,025901096547615902;0,0
21.05.2025 22:30;0,0;0,0;0,0
21.05.2025 22:45;0,11217677923565397;0,0;0,04018786865252246
21.05.2025 23:00;0,0;0,0;0,0
21.05.2025 23:15;0,0;0,0;0,0
21.05.2025 23:30;0,0;0,0;0,14924537912407027
21.05.2025 23:45;0,053266120997377035;0,0;0,06963158922290695
22.05.2025 00:00;0,010983181570049133;0,05267159655687139;0,0
22.05.2025 00:15;0,0;0,0;0,002746000939706917
22.05.2025 00:30;0,01884802110606661;0,0;0,0
22.05.2025 00:45;0,0;0,09189657530361192;0,0
22.05.2025 01:00;0,0;0,20540917453170196;0,0
22.05.2025 01:15;0,0;0,0;0,0
22.05.2025 01:30;0,0869007405631332;0,03655737955617177;0,0
22.05.2025 01:45;0,08582073898447623;0,0;0,0
22.05.2025 02:00;0,0;0,0;0,15658664946247225
22.05.2025 02:15;0,10151591921789649;0,0;0,11551760880195794
22.05.2025 02:30;0,0;0,170236564856579;0,0
22.05.2025 02:45;0,0;0,0;0,0
22.05.2025 03:00;0,0;0,0;0,0
22.05.2025 03:15;0,22463492041307032;0,005413092284167458;0,32329313974343193
22.05.2025 03:30;0,024487743980730857;0,005562541672477605;0,0
22.05.2025 03:45;0,0;0,0;0,0
22.05.2025 04:00;0,231620700180997;0,29793323508948577;0,013308062057649318
22.05.2025 04:15;0,0;0,0;0,0
22.05.2025 04:30;0,3352099855928991;0,017037747362711984;0,0
22.05.2025 04:45;0,0;0,0;0,1732619958297831
22.05.2025 05:00;0,0;0,0659957343226769;0,06816879344151812
22.05.2025 05:15;3,4967614106674585;0,0;2,1391277212003157
22.05.2025 05:30;6,867860099836224;4,916592906937769;6,8240428006980105
22.05.2025 05:45;4,948007020791437;1,4824795072743755;4,826406788693961
22.05.2025 06:00;5,932150302855949;0,0;7,451582424244638
22.05.2025 06:15;6,296160200954499;7,579514777574127;5,282424413793105
22.05.2025 06:30;9,864656673189623;10,241160984920544;3,8791102654677205
22.05.2025 06:45;10,823158477451152;1,9757992520712824;11,06007202339442
22.05.2025 07:00;7,909185981865933;6,16585535245338;15,747520002869585
22.05.2025 07:15;10,378985320886926;9,01315573351898;8,443829826353626
22.05.2025 07:30;8,757300446922486;9,129606865945018;6,3911921733046855
22.05.2025 07:45;8,680556632922723;4,14076222558454;12,941435267359573
22.05.2025 08:00;6,8819348920616426;1,3106494642949555;4,6549540576521204
22.05.2025 08:15;5,317463892815095;6,156859358788147;5,5844630018673485
22.05.2025 08:30;6,560710630166752;2,087127519716384;5,157225393020745
22.05.2025 08:45;4,992733565624359;4,617791538451439;6,379610696098495
22.05.2025 09:00;0,0;0,28841840250310513;0,6237015422253487
22.05.2025 09:15;4,938791573664397;0,29675985600464116;5,497717395033348
22.05.2025 09:30;4,532850769809611;2,2869953750340013;5,431472849680987
22.05.2025 09:45;0,0;1,4090705010966447;5,965538887255343
22.05.2025 10:00;2,884428859364635;3,2792899428442475;9,887483517306183
22.05.2025 10:15;5,6035774528679205;0,0;12,627167528743072
22.05.2025 10:30;0,6943222286767281;0,0;11,336805154073115
22.05.2025 10:45;2,808522210845916;5,004141203196571;9,729658127986106
22.05.2025 11:00;0,0;0,0;5,472517107699961
22.05.2025 11:15;7,60662513040025;6,650455977441103;5,482279029992288
22.05.2025 11:30;4,957827812962769;7,808759696039882;8,984814734994014
22.05.2025 11:45;6,580293467367897;8,17505595584732;12,751423920204758
22.05.2025 12:00;10,179786766603886;5,197791933070107;14,82078967621489
22.05.2025 12:15;9,30797866077108;5,545262843433528;14,688690696271802
22.05.2025 12:30;5,123573085355572;6,126223201974418;10,808049082132927
22.05.2025 12:45;5,905391665157799;3,686499792214024;14,900945428422421
22.05.2025 13:00;5,141410614688194;1,437392462949945;14,013029721843909
22.05.2025 13:15;0,0;2,620474908682632;9,691479155477461
22.05.2025 13:30;0,0;2,0972704406972023;5,561542212151699
22.05.2025 13:45;0,0;0,0;1,2673491196322226
22.05.2025 14:00;0,0;1,9375444997023257;2,0123847925936555
22.05.2025 14:15;3,0435153428336585;1,2207496883167472;2,5774804324861393
22.05.2025 14:30;0,08042196480673136;4,094841305538693;6,306473668316114
22.05.2025 14:45;0,12787906145577166;4,04803613608717;9,518149167083205
22.05.2025 15:00;0,727993396282655;5,674161866499466;1,9863682092546844
22.05.2025 15:15;0,5241164944073526;6,548340724774183;7,72632524668489
22.05.2025 15:30;4,083388057671941;10,129594179233404;12,607628580806685
22.05.2025 15:45;12,267017798938333;8,351571687796376;11,802629221249521
22.05.2025 16:00;19,887496564112364;17,1675755996764;22,073873714935832
22.05.2025 16:15;21,4308615539545;22,36748350598747;23,420582827586763
22.05.2025 16:30;22,400713385137326;24,68322622750497;24,18644499464303
22.05.2025 16:45;26,010287607617695;31,214065724295562;31,319457831640715
22.05.2025 17:00;27,273106603577485;34,261864785080334;34,79136304108106
22.05.2025 17:15;34,28966411224122;34,70108626952032;30,655569435662635
22.05.2025 17:30;29,518203660350736;32,891357212750364;32,68522220312263
22.05.2025 17:45;33,5379513936855;30,761439112896305;34,815729326185014
22.05.2025 18:00;30,826671188509465;34,3488808327369;28,52133553362794
22.05.2025 18:15;22,67512931939378;30,29612801065241;22,958650425414838
22.05.2025 18:30;22,735716204862605;24,335449451382345;21,251661068289618
22.05.2025 18:45;20,398664999201788;24,026801149679713;23,288692110113185
22.05.2025 19:00;17,90843291739372;15,855566394794032;15,954991153311827
22.05.2025 19:15;15,09145438651084;17,537845619195448;16,871675498210042
22.05.2025 19:30;19,120788015848348;14,610448427095509;22,68431847481705
22.05.2025 19:45;8,517255117840183;10,888259361228092;7,903474619451456
22.05.2025 20:00;8,004447155681241;13,281865955322221;9,029328604633582
22.05.2025 20:15;7,363920889126988;4,281122617657494;17,05923452947458
22.05.2025 20:30;4,235243521678518;7,187440665991639;8,066532883924095
22.05.2025 20:45;2,906446679052651;9,42120257440519;3,1847152133399454
22.05.2025 21:00;0,0;5,11292093611905;2,6484861866443077
22.05.2025 21:15;0,0;0,0;2,5141951036964256
22.05.2025 21:30;0,0;0,0;6,783087722509761
22.05.2025 21:45;0,0;0,18524363395561752;0,1268707985617613
22.05.2025 22:00;0,0;0,2495495545431859;0,0884069924499496
22.05.2025 22:15;0,0;0,0;0,134092248270898
22.05.2025 22:30;0,3902961117237655;0,16511927644518185;0,23766087494610943
22.05.2025 22:45;0,04779398517078747;0,0824521229326527;0,19965659501825017
22.05.2025 23:00;0,06963743605073754;0,14618049141901163;0,34872059393938715
22.05.2025 23:15;0,0;0,0;0,18260119221107876
22.05.2025 23:30;0,0;0,0;0,0
22.05.2025 23:45;0,15383375335765506;0,14035719685709902;0,12709680627087433
23.05.2025 00:00;0,0;0,14320387590844305;0,1065652768476893
23.05.2025 00:15;0,0;0,23485808457928292;0,28804423578482824
23.05.2025 00:30;0,0;0,029782133317573397;0,0
23.05.2025 00:45;0,20265709584514677;0,0;0,08369266220894046
23.05.2025 01:00;0,0;0,0;0,0
23.05.2025 01:15;0,062422733591129466;0,0;0,0768817656150202
23.05.2025 01:30;0,0041593019082137375;0,0;0,0
23.05.2025 01:45;0,19443876194052126;0,0;0,07192032062863327
23.05.2025 02:00;0,0;0,12211958481498693;0,0
23.05.2025 02:15;0,11039448055841655;0,0;0,11898397223338465
23.05.2025 02:30;0,0;0,0;0,030908927277915
23.05.2025 02:45;0,13873262908791117;0,0;0,022828932265785702
23.05.2025 03:00;0,0;0,18071146250991688;0,29253424497709946
23.05.2025 03:15;0,00365896047942577;0,0;0,0
23.05.2025 03:30;0,0;0,06786181770719822;0,051339813715797246
23.05.2025 03:45;0,0;0,02935591912840752;0,015040604855888257
23.05.2025 04:00;0,0;0,13549327281709192;0,029705874036109896
23.05.2025 04:15;0,0;0,12753225781747204;0,3332705856964168
23.05.2025 04:30;0,019489669349249922;0,0;0,009571063862062306
23.05.2025 04:45;0,0;0,0;0,0
23.05.2025 05:00;0,0;0,0;0,2806354193170832
23.05.2025 05:15;5,376827735801319;0,0;0,0
23.05.2025 05:30;4,291664752121244;0,7825081498374468;0,0
23.05.2025 05:45;7,662160565306759;3,9234703101440993;4,348870594360448
23.05.2025 06:00;9,08071127034713;1,2026195708575615;9,415865834778092
23.05.2025 06:15;8,802080531491267;7,5752915101659895;13,17485793264673
23.05.2025 06:30;10,540155629080283;6,606979557605178;9,132666461470826
23.05.2025 06:45;13,737930184180026;14,359890298600895;10,787906247696634
23.05.2025 07:00;11,087689285419739;8,593039918656618;7,553958153157078
23.05.2025 07:15;15,523612997982472;8,78943920317567;14,587721110292739
23.05.2025 07:30;7,784971520592869;9,026526624967385;9,604086224960897
23.05.2025 07:45;8,81511398980937;5,263851370414719;8,920702836099151
23.05.2025 08:00;11,964649904687604;9,0490226539228;7,944325896821366
23.05.2025 08:15;5,987225211804719;5,01353838986694;10,160863301011812
23.05.2025 08:30;5,9187566996498555;3,775626322310773;5,1358182960869225
23.05.2025 08:45;2,378601226800038;3,4442027514170688;2,3883209473878053
23.05.2025 09:00;5,419802554527152;0,0;8,027237540655726
23.05.2025 09:15;3,257920306478592;0,0;0,0
23.05.2025 09:30;3,550413181240238;3,0179202223946993;3,577601241416113
23.05.2025 09:45;5,709652335490007;0,0;1,7119139428695531
23.05.2025 10:00;2,6817989798074047;0,0;11,429645251337494
23.05.2025 10:15;5,477474706475626;4,510515988015076;4,911931806429778
23.05.2025 10:30;4,939129766317205;3,14457926355313;4,078166448491266
23.05.2025 10:45;4,41697879420772;0,0;5,400116099006753
23.05.2025 11:00;4,030488698751902;0,8125832261059502;4,808965858166842
23.05.2025 11:15;11,74689061599127;1,8149128527320526;7,2381635582134045
23.05.2025 11:30;7,574167451323634;9,406676003024508;9,628157679966387
23.05.2025 11:45;8,622257727732698;9,900556892122742;10,144515521179809
23.05.2025 12:00;7,624831824567015;7,972952744510815;11,642267873901172
23.05.2025 12:15;9,240429915769;10,868373401734498;9,544846434398785
23.05.2025 12:30;9,61474072853453;2,910119203971839;6,569569887257699
23.05.2025 12:45;9,749462528551089;4,429474172285644;11,162721269048694
23.05.2025 13:00;9,253557005983835;6,6300534082974805;12,251902923470727
23.05.2025 13:15;4,242638120654798;3,7951501821991194;1,9643753444243384
23.05.2025 13:30;0,0;0,0;8,519410658519528
23.05.2025 13:45;2,515820243381947;2,2852474974226924;9,860801782872787
23.05.2025 14:00;0,0;0,5729529952229567;9,56312597788937
23.05.2025 14:15;0,0;0,6896420128204416;7,512725252894081
23.05.2025 14:30;0,9950226076135664;0,07012156759834631;8,583449051068598
23.05.2025 14:45;2,3787449479114393;0,7072348463711271;15,598399539668433
23.05.2025 15:00;4,534642701529693;4,091935064218145;7,015931761525463
23.05.2025 15:15;6,498525551752426;7,664629517865645;6,710825185704868
23.05.2025 15:30;11,451030571669266;12,445647945086952;9,4327295069438
23.05.2025 15:45;12,473382574518336;13,181667041066893;26,45701441860509
23.05.2025 16:00;18,058664876758176;17,866116125429805;30,139571194950307
23.05.2025 16:15;22,117421398688908;29,105928239475478;25,890750697484016
23.05.2025 16:30;26,485829552401768;37,84043282524116;31,749121789894325
23.05.2025 16:45;35,914606804090745;38,57676445549367;37,05482385113788
23.05.2025 17:00;34,522741987426166;38,815028528553505;44,67704123294823
23.05.2025 17:15;40,24957353247746;43,23328406002126;36,88765200450782
23.05.2025 17:30;40,72363093215569;39,58367527547754;34,04162688879294
23.05.2025 17:45;37,42609035462138;46,371186470676626;50,583188940583035
23.05.2025 18:00;35,756113723728596;38,93675600093171;39,08272130634861
23.05.2025 18:15;30,87906370336403;34,06120857882726;37,2001253651853
23.05.2025 18:30;25,648743717055453;32,32018336725102;31,630709547262914
23.05.2025 18:45;26,199406717199068;27,672169897948894;30,864399894446017
23.05.2025 19:00;21,361234544257034;28,669689296505478;19,230245022498316
23.05.2025 19:15;16,777880021817673;19,533363677817444;17,242940330467132
23.05.2025 19:30;19,854152163273238;18,557526959664113;19,104703206474795
23.05.2025 19:45;10,203217004023198;16,773415733368182;6,809890530358272
23.05.2025 20:00;10,446730371850968;9,30461274325302;10,995221671344884
23.05.2025 20:15;6,558729882687576;10,5320556699582;9,390071160804375
23.05.2025 20:30;6,577451969695926;6,584520918463096;5,724020677241496
23.05.2025 20:45;4,035723463636342;0,13266377435131282;3,1726909552631835
23.05.2025 21:00;1,7001427546708965;2,2219846710919025;0,0
23.05.2025 21:15;0,0;0,0;0,0
23.05.2025 21:30;0,0;0,0;0,5789881886696487
23.05.2025 21:45;0,0;0,0;0,0
23.05.2025 22:00;0,0;0,0429013849729167;0,0
23.05.2025 22:15;0,153537996993751;0,0;0,0
23.05.2025 22:30;0,10577704889551245;0,17113516776129195;0,0
23.05.2025 22:45;0,0;0,00204291274724889;0,0
23.05.2025 23:00;0,036547908752124485;0,0;0,0
23.05.2025 23:15;0,0;0,0;0,0
23.05.2025 23:30;0,24366580249371006;0,2892813980950245;0,17707918726933597
23.05.2025 23:45;0,31016437597708574;0,09965668394197474;0,09441024180930976
24.05.2025 00:00;0,024723544605896066;0,15726848333466056;0,0875751462193
24.05.2025 00:15;0,3886028754092239;0,0;0,0
24.05.2025 00:30;0,0;0,0;0,13273998929461725
24.05.2025 00:45;0,0;0,0;0,20868492545981024
24.05.2025 01:00;0,0;0,027659060638293292;0,059185633731924044
24.05.2025 01:15;0,0;0,0;0,06337763044468876
24.05.2025 01:30;0,3468099826804445;0,0;0,0
24.05.2025 01:45;0,0;0,0;0,15816537114079912
24.05.2025 02:00;0,0;0,0;0,2671245823142129
24.05.2025 02:15;0,0;0,0;0,04844285985702559
24.05.2025 02:30;0,17100331680649203;0,16698233757506212;0,0
24.05.2025 02:45;0,14959526224635541;0,0;0,0
24.05.2025 03:00;0,0;0,05197191504528451;0,0
24.05.2025 03:15;0,0;0,20701390423194352;0,0
24.05.2025 03:30;0,0;0,0;0,09719745955410888
24.05.2025 03:45;0,2581865756249314;0,0;0,04191961675055131
24.05.2025 04:00;0,10332118268242058;0,13863472289258832;0,1505904908957053
24.05.2025 04:15;0,009819206333745776;0,0;0,05563538171673313
24.05.2025 04:30;0,2803249759726587;0,0;0,0
24.05.2025 04:45;0,29374894092172743;0,0;0,0
24.05.2025 05:00;0,0;0,0;0,0
24.05.2025 05:15;0,0;1,2946953251149276;3,492691972099093
24.05.2025 05:30;4,106688229579363;0,0;5,564690051505735
24.05.2025 05:45;7,1007928201468555;2,8092727799158608;1,491846611243779
24.05.2025 06:00;3,0509512636423692;2,704978396114777;2,5305578224585132
24.05.2025 06:15;6,943836711516344;4,359512972748819;6,573888530649798
24.05.2025 06:30;7,72863351984513;5,819674058512737;14,159861417592598
24.05.2025 06:45;12,131835836520555;12,920469984000658;17,95203440677777
24.05.2025 07:00;15,489967005974247;8,491196011530706;14,72085545017791
24.05.2025 07:15;16,02043680488201;11,39830821794424;12,854785955261079
24.05.2025 07:30;9,165731192461084;9,494902741693;15,977324570759547
24.05.2025 07:45;9,608411959552443;2,517951910992875;7,706450814589188
24.05.2025 08:00;8,129274461160584;6,093856366598082;5,92876100804029
24.05.2025 08:15;5,815953676600955;0,0;5,331190398374585
24.05.2025 08:30;4,737908787407362;3,232937870060045;1,1220490127714018
24.05.2025 08:45;5,860978693904704;1,6733508621254973;5,840407666226254
24.05.2025 09:00;8,331962000575665;2,8419660457407225;2,0307228982655676
24.05.2025 09:15;7,194097075504474;0,0;10,874370512949008
24.05.2025 09:30;2,594452280621287;3,100891149174037;8,927141649118264
24.05.2025 09:45;5,979073479458808;5,0352328279649985;12,395458916039912
24.05.2025 10:00;4,308873645072143;0,0;0,0
24.05.2025 10:15;3,5224661992036133;0,0;13,316718169704721
24.05.2025 10:30;5,652940151950977;3,057257915020634;0,12257368531257917
24.05.2025 10:45;5,2218595375209444;4,826148304219263;3,2342417345010244
24.05.2025 11:00;4,959596696087757;0,0;5,48270499021776
24.05.2025 11:15;5,3410657704257885;9,51784528464664;13,920759001947923
24.05.2025 11:30;1,0760931569329584;5,657649048429889;9,80417957788532
24.05.2025 11:45;5,763590631139094;7,1278850772768765;8,894583324649068
24.05.2025 12:00;6,742135896332183;7,322221358413358;8,944669487231565
24.05.2025 12:15;4,919839085146489;1,994050990962693;6,029165614198274
24.05.2025 12:30;10,267141596971989;9,080356775115966;16,325689969672077
24.05.2025 12:45;7,067664857429592;4,427284543200238;13,854884890816669
24.05.2025 13:00;5,269598621188384;6,772303422052734;15,507982621588685
24.05.2025 13:15;1,1600276139740162;1,5708529544809169;8,897597702760306
24.05.2025 13:30;0,2207365241711841;0,06723337291778031;0,0
24.05.2025 13:45;2,8115650583902387;0,0;1,1431759125382372
24.05.2025 14:00;0,0;1,9913983134088058;6,8981689724516455
24.05.2025 14:15;0,0;0,0;3,985851575578648
24.05.2025 14:30;1,7934027602841622;6,4374232424993885;3,3594604511510537
24.05.2025 14:45;0,0;7,019201666513879;1,6619138568617426
24.05.2025 15:00;2,358408483283659;7,599781823919918;11,768633458905583
24.05.2025 15:15;2,238486764974521;7,4039759076990075;10,411477489214295
24.05.2025 15:30;6,791500797771605;8,093045001153948;14,383731598180962
24.05.2025 15:45;11,099941664051695;16,991293638277472;14,657899441815825
24.05.2025 16:00;16,267302423843937;17,849123102293163;21,587865039419178
24.05.2025 16:15;23,89902809434744;18,357702955049376;19,36987036549813
24.05.2025 16:30;25,140965057135553;32,85431984649303;29,63132521960633
24.05.2025 16:45;30,029182938778703;35,83585513412621;23,459324242401618
24.05.2025 17:00;34,96182715616889;34,39020991031605;28,66158675115437
24.05.2025 17:15;29,7914664879136;31,111716664223028;33,45174615803556
24.05.2025 17:30;36,449275240078094;34,93904230265515;45,95852514069669
24.05.2025 17:45;30,42305314730542;29,022916665435922;26,801687448727396
24.05.2025 18:00;33,69995497541191;36,198518522913254;28,60454881969525
24.05.2025 18:15;28,648571870149144;26,091819464538997;31,406914102128113
24.05.2025 18:30;25,001199110694763;28,204461716132748;34,78170273970791
24.05.2025 18:45;21,930547987114046;22,622234428289588;26,081095736658742
24.05.2025 19:00;18,080187688146;18,068969967459168;25,24487055161909
24.05.2025 19:15;16,259329647942327;19,051541090653153;17,770492412514592
24.05.2025 19:30;15,886302312653907;15,283340936453042;14,90519405186555
24.05.2025 19:45;10,6428142893557;14,699548112376537;13,744043267846576
24.05.2025 20:00;8,425468793440453;7,211259517685306;8,975788937284522
24.05.2025 20:15;5,713432277581587;5,448650822336514;11,507681778099702
24.05.2025 20:30;5,399569751431492;0,0;0,0
24.05.2025 20:45;3,8814554896245563;0,0;7,012893255447301
24.05.2025 21:00;0,0;4,689867531516404;1,3270024881459819
24.05.2025 21:15;0,0;5,319642274074681;0,0
24.05.2025 21:30;0,0;0,0;0,0
24.05.2025 21:45;0,0;0,0;0,0
24.05.2025 22:00;0,0;0,0;0,2692070537121882
24.05.2025 22:15;0,0;0,0;0,29323493874714424
24.05.2025 22:30;0,0;0,16725444365710593;0,12549018006698784
24.05.2025 22:45;0,0;0,2781383110019435;0,017814569525042706
24.05.2025 23:00;0,0;0,014029392591481263;0,0
24.05.2025 23:15;0,1626505510379167;0,1528823747963399;0,033001245859512515
24.05.2025 23:30;0,0;0,05984439751599499;0,0
24.05.2025 23:45;0,29249434480592323;0,0;0,244578284484888
25.05.2025 00:00;0,0;0,0;0,0
25.05.2025 00:15;0,2606024860173804;0,24397384906231784;0,0576726499995176
25.05.2025 00:30;0,0;0,0;0,0
25.05.2025 00:45;0,0;0,20741563671266539;0,0
25.05.2025 01:00;0,19256683470982042;0,08052114438933765;0,09991022854665849
25.05.2025 01:15;0,21027984414498377;0,0;0,15329530331731459
25.05.2025 01:30;0,0;0,04679975427284297;0,0
25.05.2025 01:45;0,0;0,31993665919279946;0,11418248252722932
25.05.2025 02:00;0,0;0,23034788712956566;0,0
25.05.2025 02:15;0,0;0,0;0,03683075771598305
25.05.2025 02:30;0,016174372116128214;0,0;0,1503311121656797
25.05.2025 02:45;0,0;0,01503120559741079;0,04981492172099817
25.05.2025 03:00;0,0;0,0;0,0
25.05.2025 03:15;0,0;0,1799606078464095;0,0
25.05.2025 03:30;0,10552781453310628;0,11093837046327065;0,15234840938219088
25.05.2025 03:45;0,0;0,0;0,0
25.05.2025 04:00;0,0;0,06880128831358673;0,0
25.05.2025 04:15;0,0;0,0;0,09023831397176034
25.05.2025 04:30;0,0;0,0055662204042099825;0,0
25.05.2025 04:45;0,21134221598729402;0,03734145213909884;0,0
25.05.2025 05:00;0,0;0,17980935079149027;0,20262280005628655
25.05.2025 05:15;5,273717962383065;0,0;0,0
25.05.2025 05:30;0,29871676495074295;0,0;1,651387794958751
25.05.2025 05:45;6,3391439352391155;1,7529348968311331;1,6248877986744548
25.05.2025 06:00;8,908777425168068;1,2521574184534456;0,8739311840456425
25.05.2025 06:15;7,003462942899016;6,26233553249493;3,720402589550148
25.05.2025 06:30;7,704576686823259;6,7375533802434;5,335101754314072
25.05.2025 06:45;13,232037975479363;7,303894302393577;5,209639773830092
25.05.2025 07:00;10,776508316378123;12,468464081057478;16,77865224058983
25.05.2025 07:15;10,628069874322122;5,713107421663269;9,140792564877103
25.05.2025 07:30;9,723270541713505;9,657659287856484;0,8773871607638757
25.05.2025 07:45;10,317092201966586;5,354843308401943;6,553636109468917
25.05.2025 08:00;6,016031813942661;8,09940172174993;11,398256153997142
25.05.2025 08:15;3,9785853571331202;1,9122981044470133;3,096101173966971
25.05.2025 08:30;5,21726614215485;4,40706651813116;12,062389100238141
25.05.2025 08:45;7,415579998767082;3,688556543113477;3,2568812019533215
25.05.2025 09:00;8,654462083220228;3,8821139316590796;7,67328010616196
25.05.2025 09:15;0,7968200180035168;1,9847201139220942;9,792569514391086
25.05.2025 09:30;4,273790101475067;0,0;7,526166214729178
25.05.2025 09:45;1,7597075049420492;4,765820045088578;0,7433319070093729
25.05.2025 10:00;4,7578742855761;0,6179025803358443;1,5442921174044253
25.05.2025 10:15;0,0;2,141665976963143;9,363678253157884
25.05.2025 10:30;0,3584681344814875;1,8796880144521773;1,5817996267298544
25.05.2025 10:45;1,0416126943335884;0,0;9,414021244667264
25.05.2025 11:00;2,434447238648246;0,0;4,355195158306586
25.05.2025 11:15;4,76581250303354;4,790042053671483;8,317256779679306
25.05.2025 11:30;5,382666783171962;2,659987014256039;2,6891940371672494
25.05.2025 11:45;5,835477144614507;7,691143625151188;7,362678811830042
25.05.2025 12:00;4,133770483563002;5,843156273998702;7,382414375456043
25.05.2025 12:15;8,938061155726036;9,971290193423663;12,617152223748905
25.05.2025 12:30;8,098931371537727;9,270221712801577;12,940142012160619
25.05.2025 12:45;8,701707545286197;7,074733796167964;12,816624403796764
25.05.2025 13:00;2,7056406948565535;2,9913289467994044;6,978287843640086
25.05.2025 13:15;0,0;2,605819212498962;3,4264260744064576
25.05.2025 13:30;0,8451657727628661;4,030426398454886;6,834462984574163
25.05.2025 13:45;3,259117834215734;0,5266416807946506;1,848399967715734
25.05.2025 14:00;0,7605122134613687;1,9851917460060875;10,146571703540932
25.05.2025 14:15;0,0;0,0;4,362992770766541
25.05.2025 14:30;0,0;0,7553685698063062;4,329889533652707
25.05.2025 14:45;2,7862797777580575;4,288697399157813;6,731299410421111
25.05.2025 15:00;0,0;5,9044039676466955;7,2001415832357285
25.05.2025 15:15;3,013415533646324;5,64851487612832;3,2646706757647674
25.05.2025 15:30;8,078771084643488;8,770483017755355;8,017808364051433
25.05.2025 15:45;8,738368469798075;12,320904111009186;21,75588719715833
25.05.2025 16:00;17,797666649082103;16,84011733580795;20,505665495717928
25.05.2025 16:15;21,814395823166628;23,941984969631466;18,48746830450896
25.05.2025 16:30;26,268423021440647;29,670448505212097;30,295188329643135
25.05.2025 16:45;28,78870661478974;32,899099025437046;29,6346059613325
25.05.2025 17:00;29,57926242295488;30,325342996257152;30,409844338736217
25.05.2025 17:15;29,092176803162957;37,410089155884464;30,474855187206025
25.05.2025 17:30;31,567601338909203;35,233971911670686;39,52610530004655
25.05.2025 17:45;29,460658724033657;32,351882626969285;27,099776958997847
25.05.2025 18:00;29,90648955758671;35,959150457987164;29,076841955275626
25.05.2025 18:15;28,98109632155388;34,608112056481644;31,230548725861297
25.05.2025 18:30;26,804100816789138;27,56372241673672;33,503318678090345
25.05.2025 18:45;22,860684828840412;26,87361284216506;27,540872889419877
25.05.2025 19:00;20,123533556787756;22,856959429799197;18,04222894447701
25.05.2025 19:15;16,10598818580597;22,815389756791458;25,806163547556533
25.05.2025 19:30;13,741568232194862;18,804313589808373;12,108457292667334
25.05.2025 19:45;11,43719321866425;8,658492424144391;14,30492896144104
25.05.2025 20:00;5,838590773474046;13,42191100857978;11,214872943335504
25.05.2025 20:15;5,9569934758724;9,512081687138773;4,322948953028577
25.05.2025 20:30;2,4186950265083174;4,230804019475294;9,514464472696426
25.05.2025 20:45;0,5120888062336146;0,2942723240716778;2,206420718187443
25.05.2025 21:00;1,846742054427188;2,5086127311331436;5,115536544089229
25.05.2025 21:15;1,0783141465354873;0,0;0,0
25.05.2025 21:30;0,0;0,0;1,3399043609154986
25.05.2025 21:45;0,10812346450278444;0,14666894453190313;0,0
25.05.2025 22:00;0,007058283135528669;0,0;0,0
25.05.2025 22:15;0,036721599468210304;0,0;0,0
25.05.2025 22:30;0,0;0,0;0,0
25.05.2025 22:45;0,0;0,0;0,0
25.05.2025 23:00;0,0;0,0;0,10714188565401937
25.05.2025 23:15;0,0;0,27671316413386443;0,016623528646036737
25.05.2025 23:30;0,049714815605482396;0,0;0,14754803928163374
25.05.2025 23:45;0,06861585241846065;0,0;0,0
26.05.2025 00:00;0,3259059935429881;0,0;0,3199532654923816
26.05.2025 00:15;0,0417285044043557;0,04316032076464798;0,0
26.05.2025 00:30;0,0;0,0;0,0
26.05.2025 00:45;0,174452862125802;0,0;0,26296272715746427
26.05.2025 01:00;0,0;0,0;0,07110625011695766
26.05.2025 01:15;0,3017888044405281;0,1996400637497218;0,05120791245841128
26.05.2025 01:30;0,2206386678757962;0,0;0,06469129609770166
26.05.2025 01:45;0,0;0,0;0,08568109052256737
26.05.2025 02:00;0,1082854175806763;0,3156948897919461;0,04496515806509259
26.05.2025 02:15;0,0;0,0;0,0
26.05.2025 02:30;0,0004036239622040764;0,051359939692638905;0,12272863576091868
26.05.2025 02:45;0,10139772215309309;0,15957175149382602;0,09910173173073482
26.05.2025 03:00;0,1669500309069765;0,15235802804688645;0,21426467201097454
26.05.2025 03:15;0,134280874332936;0,0;0,2646361615351748
26.05.2025 03:30;0,01124844478692418;0,0;0,049571411946489334
26.05.2025 03:45;0,37251358501218246;0,04535459643779777;0,0
26.05.2025 04:00;0,0;0,28935261860749384;0,26587843968032043
26.05.2025 04:15;0,0;0,0;0,0
26.05.2025 04:30;0,0;0,0;0,050694629050857115
26.05.2025 04:45;0,22110115951835144;0,06293616321015068;0,0
26.05.2025 05:00;0,0;0,09294873410225649;0,0
26.05.2025 05:15;3,3637536678758613;0,0;0,8538298359772197
26.05.2025 05:30;4,42012873918146;0,6556253341905082;0,0
26.05.2025 05:45;1,440666268256011;0,0;0,0
26.05.2025 06:00;4,333567787959991;0,0;0,0
26.05.2025 06:15;7,846523177835081;6,9307643222567075;2,490669755208696
26.05.2025 06:30;9,33871746979398;13,345908087143432;0,9058062295313167
26.05.2025 06:45;11,374579809898904;10,22395813405903;5,950864417567487
26.05.2025 07:00;14,665280580708181;11,50862233520173;7,466740562976234
26.05.2025 07:15;12,75880860084891;7,847505394926213;8,874366824939312
26.05.2025 07:30;8,765002222817811;7,927287835857827;17,355426632547967
26.05.2025 07:45;9,774635941001115;8,80012334360341;7,530708089476773
26.05.2025 08:00;7,732166209015222;9,51169526568761;6,285448715933417
26.05.2025 08:15;3,934302883089902;7,204356359507163;8,368963710804605
26.05.2025 08:30;8,390556973309595;6,679194451429425;6,725806665872053
26.05.2025 08:45;3,59507172427721;1,6955008034711705;6,8591244819599915
26.05.2025 09:00;2,190438394955989;3,443320678993852;7,674108046562729
26.05.2025 09:15;3,903044953387721;0,0;5,351357479703368
26.05.2025 09:30;3,972571467049822;0,0;16,69114884399819
26.05.2025 09:45;2,5426699240141395;0,0;8,9900068223521
26.05.2025 10:00;1,6761020322098927;0,0;0,05842003915206018
26.05.2025 10:15;1,908895226630782;0,8664916359278071;7,626414746301269
26.05.2025 10:30;3,987448586332449;0,0;2,648578607982141
26.05.2025 10:45;1,598094021623185;0,022758577228137455;6,783457420219837
26.05.2025 11:00;4,401921398179391;1,969075745588427;1,9960055299035675
26.05.2025 11:15;5,94807753733994;1,0553284042805733;4,3883337405009355
26.05.2025 11:30;3,9660232671213667;4,484513635323308;11,391686791063183
26.05.2025 11:45;4,846429883555716;5,145756384805056;14,541576601647726
26.05.2025 12:00;3,0128632417058574;5,348515645715519;13,506783606700505
26.05.2025 12:15;9,895749956453514;11,094164869229038;16,361508853008832
26.05.2025 12:30;6,1135023713030545;3,3485604920876133;14,381821576621409
26.05.2025 12:45;7,036447498534398;1,3593227543225508;12,032701407034585
26.05.2025 13:00;4,275266035557303;3,3762780185741654;6,362268952011226
26.05.2025 13:15;3,80638079631221;2,7575782455812727;10,861371531953452
26.05.2025 13:30;0,0;2,5589811787840375;10,787842456770377
26.05.2025 13:45;0,0;0,0;4,353195509919797
26.05.2025 14:00;3,7146329444061306;0,0;5,3033114198955875
26.05.2025 14:15;4,887157108877898;1,7506699859649602;13,246901090563412
26.05.2025 14:30;2,494313287904874;0,0;5,956271981148277
26.05.2025 14:45;2,324650946238911;6,388151927215601;7,465136649080428
26.05.2025 15:00;0,0;1,8056734113481379;9,461484636246395
26.05.2025 15:15;5,405771214780902;4,756123886426636;9,030629604589265
26.05.2025 15:30;7,171999138376149;15,467341962464582;9,508616453056408
26.05.2025 15:45;11,95776176217582;11,950326545643243;17,4904477391
26.05.2025 16:00;14,138922440167146;18,977085268277822;20,164726927820936
26.05.2025 16:15;21,19244876249562;25,899913165699694;33,51453120857745
26.05.2025 16:30;26,061718677924823;30,710747384489547;33,251353048907454
26.05.2025 16:45;27,92321754883851;31,397115493392093;29,257976337709838
26.05.2025 17:00;32,000496950974224;35,042093880058346;37,88931283704453
26.05.2025 17:15;30,328318362850755;35,33232826375996;36,542867115907626
26.05.2025 17:30;29,220191340716173;33,98209533537834;40,82064197848225
26.05.2025 17:45;34,435225128512656;35,652568420293036;32,64787214266164
26.05.2025 18:00;34,95489168628307;38,951882058363715;34,180454073490665
26.05.2025 18:15;28,11703070765275;33,769397280592834;30,214375831270406
26.05.2025 18:30;22,938446906625195;29,54375266781089;29,087400488831722
26.05.2025 18:45;20,54769074231656;27,245739768008132;21,76253692675928
26.05.2025 19:00;20,473591773117054;19,71130898148871;24,86174062836959
26.05.2025 19:15;18,304695252745937;17,18140430706352;20,327702104931152
26.05.2025 19:30;12,418747011194466;19,555566873449322;22,81015089073854
26.05.2025 19:45;10,787837963361685;16,84796372047174;13,727357803100938
26.05.2025 20:00;9,074127843351146;8,14659417940832;9,600823223074643
26.05.2025 20:15;6,525084876519604;4,65777776299737;10,407840453515144
26.05.2025 20:30;2,537016899513317;10,076493988063639;2,2852836017489686
26.05.2025 20:45;0,0;3,8745403389121753;9,082252658819797
26.05.2025 21:00;1,8657881399923404;6,119871924083437;6,711826493672447
26.05.2025 21:15;1,5620348424764834;0,23895668509863954;5,848071495481365
26.05.2025 21:30;0,0;0,0;1,5064919387179743
26.05.2025 21:45;0,02385862470811381;0,10203810064541052;0,11464501822972765
26.05.2025 22:00;0,0;0,0;0,03666893989019484
26.05.2025 22:15;0,0;0,0;0,07698622369021964
26.05.2025 22:30;0,0;0,032325179970295284;0,0
26.05.2025 22:45;0,07067262199951331;0,18934669689424222;0,0
26.05.2025 23:00;0,0;0,0;0,0
26.05.2025 23:15;0,06525080667051018;0,0;0,0
26.05.2025 23:30;0,05091575779762248;0,0;0,0
26.05.2025 23:45;0,0;0,2794840247838364;0,2766456259807194
27.05.2025 00:00;0,0;0,023139442071256473;0,0
27.05.2025 00:15;0,0;0,1616632169335113;0,0
27.05.2025 00:30;0,45399773875425986;0,0044845812101400855;0,20926373059811795
27.05.2025 00:45;0,22172601666349648;0,012790059786511815;0,06738890610390351
27.05.2025 01:00;0,20102738503368212;0,0;0,0
27.05.2025 01:15;0,0;0,0;0,0
27.05.2025 01:30;0,0014264600644680312;0,18778578177539385;0,0
27.05.2025 01:45;0,0;0,01170873213936301;0,29070721456297377
27.05.2025 02:00;0,0;0,03096421844799273;0,007776733299005495
27.05.2025 02:15;0,0;0,0;0,0
27.05.2025 02:30;0,19892774451443682;0,0;0,049161004992786264
27.05.2025 02:45;0,12611180503859545;0,1593453001702477;0,18092575530522612
27.05.2025 03:00;0,0;0,2610215656262155;0,023465200253024582
27.05.2025 03:15;0,0;0,0;0,0
27.05.2025 03:30;0,11236847579048714;0,10072249325445834;0,0
27.05.2025 03:45;0,0;0,02850373990224076;0,0
27.05.2025 04:00;0,011937936724909545;0,0;0,2282486995570427
27.05.2025 04:15;0,06027711705972178;0,2777938530267479;0,0
27.05.2025 04:30;0,058639582776619646;0,0;0,0
27.05.2025 04:45;0,03812181415354288;0,18610689555262286;0,05762008887666961
27.05.2025 05:00;0,0;0,0572134975563073;0,021155517836032835
27.05.2025 05:15;2,192596251390313;0,0;0,9236426509309699
27.05.2025 05:30;3,4214326985045727;0,0;0,0
27.05.2025 05:45;5,868791781188605;2,3745234359862235;9,019340309961267
27.05.2025 06:00;8,120578654752112;7,902697194496184;9,229945073448345
27.05.2025 06:15;11,546962295093753;8,929896142385921;7,485350095836248
27.05.2025 06:30;10,001966308284405;7,207143653965813;5,559784078619508
27.05.2025 06:45;10,300913429766016;11,367327601648459;9,385185112065775
27.05.2025 07:00;15,358243681097173;4,288906693970365;14,039242241426683
27.05.2025 07:15;14,381697645925502;8,768066975322135;13,11370649135367
27.05.2025 07:30;9,958771874863787;6,362778358891655;11,020443107434657
27.05.2025 07:45;9,363811060586963;7,6041169015138355;10,556929290162554
27.05.2025 08:00;7,071226581800916;4,430140327229667;10,781647119308754
27.05.2025 08:15;5,619337261373706;2,815437979448242;6,173850327674153
27.05.2025 08:30;6,050876463743192;2,3219673985440683;7,953956021902417
27.05.2025 08:45;11,518908845935215;4,392090456540132;3,7383883881019213
27.05.2025 09:00;5,308596090078073;4,247822188462164;16,68917517305966
27.05.2025 09:15;6,857698599128829;3,946208396998233;6,159601117782731
27.05.2025 09:30;0,15738118657030098;0,7257502533612387;6,431689701191002
27.05.2025 09:45;2,755645583858356;2,903268045051047;8,30847674955684
27.05.2025 10:00;7,45510527440842;5,5403115922263595;5,853343534058924
27.05.2025 10:15;3,42254522876674;0,0;5,478054762619693
27.05.2025 10:30;0,0;0,1666934547669523;5,059442817953232
27.05.2025 10:45;5,578915771446607;6,005449909262415;3,7820979833528763
27.05.2025 11:00;7,115128356087363;0,0;8,493814763019303
27.05.2025 11:15;0,6917468426775906;8,501497720376353;1,6952588259687849
27.05.2025 11:30;8,471935843456617;0,9604606218446876;16,219941057119392
27.05.2025 11:45;1,7210733238980493;5,759051558209457;14,326522817589698
27.05.2025 12:00;9,455689308234037;4,606341818603165;14,193512430441352
27.05.2025 12:15;8,618680002927368;14,359091366944774;5,873611554969174
27.05.2025 12:30;3,8557604296639125;7,146519170189786;9,73347223802731
27.05.2025 12:45;6,930332862353163;4,578172811458951;16,197398742875535
27.05.2025 13:00;6,513978281862586;3,098441594188503;25,632724785171973
27.05.2025 13:15;3,3037518838459867;2,728457576154795;12,363507633420237
27.05.2025 13:30;1,6574965174312983;0,0;9,843667770867832
27.05.2025 13:45;0,0;0,0;7,741304223478133
27.05.2025 14:00;0,0;0,0;2,267200267438236
27.05.2025 14:15;1,1612976775345203;0,11247213258106017;9,251055981928948
27.05.2025 14:30;3,550992762448028;0,4162268925222003;1,1844551664088971
27.05.2025 14:45;3,1235788322710185;4,157799878437219;1,5675236099713858
27.05.2025 15:00;0,0;5,9994616584896;2,238383803026684
27.05.2025 15:15;2,061520522238485;5,603410697705634;14,400744029879576
27.05.2025 15:30;7,4778297296755065;12,800639781079573;14,171973324327455
27.05.2025 15:45;9,326516314790556;11,308624363032761;17,987956425439112
27.05.2025 16:00;18,428866920409526;22,712529236713486;23,07168071232413
27.05.2025 16:15;23,793537590496673;24,192302076100223;23,04987405184838
27.05.2025 16:30;25,1376306908947;27,97892380863851;29,584985469125485
27.05.2025 16:45;34,01204269817944;35,534278954234736;33,9758615550049
27.05.2025 17:00;35,46966884068663;41,80865950994193;32,4707952090331
27.05.2025 17:15;32,95393360228197;38,313960987947226;35,75129260251492
27.05.2025 17:30;35,35234626872641;43,66456983431753;34,89039802438313
27.05.2025 17:45;31,432093817000037;37,22203990738558;41,02968091572243
27.05.2025 18:00;31,94901643319405;39,14692159881091;38,59690957522121
27.05.2025 18:15;31,067957187040513;32,870018694503024;29,107566975882193
27.05.2025 18:30;27,449746817560033;30,976586680829254;29,129200415165663
27.05.2025 18:45;24,27677871350581;27,05631060720484;34,09314349844408
27.05.2025 19:00;21,93265460755079;25,98830223445584;20,540989581825137
27.05.2025 19:15;16,467756636292748;20,04310898621663;21,679127107427462
27.05.2025 19:30;15,486806948674364;15,07592288651536;18,158320909713474
27.05.2025 19:45;14,970347790151957;17,28998534526214;19,988384132613998
27.05.2025 20:00;7,82493440882859;14,185015211681005;11,791479344107119
27.05.2025 20:15;6,483847446506392;5,522171156344745;6,534346983818547
27.05.2025 20:30;3,303000275118712;0,0;6,1614841214999165
27.05.2025 20:45;0,9890996551200324;4,430264398767134;4,594431271788642
27.05.2025 21:00;1,4341408435907654;0,049235748197900664;1,7884584098608194
27.05.2025 21:15;0,0;0,0;0,0
27.05.2025 21:30;0,0;0,5016799404737327;4,97235443039157
27.05.2025 21:45;0,0;0,0;0,0
27.05.2025 22:00;0,0;0,20580257595496174;0,0
27.05.2025 22:15;0,0;0,043520174763454184;0,0
27.05.2025 22:30;0,0;0,0;0,16299507231995072
27.05.2025 22:45;0,12243894218807873;0,20691632594730494;0,03712692837076464
27.05.2025 23:00;0,0;0,18738933806578376;0,07179654969926762
27.05.2025 23:15;0,040945986618638575;0,18029449817308132;0,036713821437018006
27.05.2025 23:30;0,11769468200750924;0,0;0,049153305736773276
27.05.2025 23:45;0,0;0,06602649386076159;0,0
28.05.2025 00:00;0,0;0,03181757896049546;0,0
28.05.2025 00:15;0,246931530068756;0,0;0,17473677081375644
28.05.2025 00:30;0,08279115266360597;0,09146694509590177;0,21218852517286685
28.05.2025 00:45;0,0;0,03908353087567918;0,0
28.05.2025 01:00;0,0987509193617416;0,10167111259907721;0,0
28.05.2025 01:15;0,0;0,0;0,12589280384904972
28.05.2025 01:30;0,1036960395139139;0,22472709452647388;0,2823119598323595
28.05.2025 01:45;0,0;0,1168416287659239;0,2672939371996125
28.05.2025 02:00;0,0;0,08137898857722603;0,0
28.05.2025 02:15;0,0;0,07405578505602955;0,19125691773087386
28.05.2025 02:30;0,00047365841077583783;0,17359219612403456;0,008795445316052456
28.05.2025 02:45;0,0;0,1532531680403234;0,15666249583136074
28.05.2025 03:00;0,0;0,0;0,11824180212319299
28.05.2025 03:15;0,0;0,1485465571234944;0,0
28.05.2025 03:30;0,07359893931209871;0,02610783600630668;0,08249609349407634
28.05.2025 03:45;0,026292781296588758;0,2875390187250493;0,15085448867539333
28.05.2025 04:00;0,0;0,16465917165704483;0,0
28.05.2025 04:15;0,14893749903028908;0,0;0,0
28.05.2025 04:30;0,0;0,34960660341753985;0,0
28.05.2025 04:45;0,02426435943538648;0,0;0,10254262748264012
28.05.2025 05:00;0,11468425080437786;0,09560321110035633;0,03131225517208665
28.05.2025 05:15;3,8153451255556954;0,0;0,0
28.05.2025 05:30;3,7872753417272986;1,4988838697182716;3,1705223068059465
28.05.2025 05:45;4,656959180312457;4,427229127544092;5,268167629510005
28.05.2025 06:00;6,725279354287843;5,484057400023916;5,753012442406991
28.05.2025 06:15;10,101711585507637;9,326405222324775;7,608450716628699
28.05.2025 06:30;10,467340776446441;7,147632935391322;8,28440137762684
28.05.2025 06:45;13,27389095182279;16,993696754235177;7,8606814673560805
28.05.2025 07:00;10,578879423548559;10,668635657558825;8,565197659515391
28.05.2025 07:15;13,995494792062763;6,639629681254907;10,225969221765913
28.05.2025 07:30;4,497400891312737;7,092220796588899;18,86485795291439
28.05.2025 07:45;9,232797602269917;5,188300915445807;3,2499587239122443
28.05.2025 08:00;12,256989975851628;6,4036865775071705;5,916927238076447
28.05.2025 08:15;4,793053380412008;3,069509710044516;8,894066058546684
28.05.2025 08:30;6,155665520363389;3,641826752253254;6,409594767870418
28.05.2025 08:45;4,844001245402767;2,18353357213032;10,459055762086738
28.05.2025 09:00;4,504563458382561;2,1193014937747323;5,719566206942217
28.05.2025 09:15;5,910078614451588;3,9062286624135347;4,732332803206641
28.05.2025 09:30;3,597576252680515;2,2788403152739685;8,034740531430549
28.05.2025 09:45;4,492983865574477;5,467383501599497;13,729109788521656
28.05.2025 10:00;5,737557891323766;1,4947926525619366;12,307639183630645
28.05.2025 10:15;4,0381660993443225;5,610668553784266;6,229109024534791
28.05.2025 10:30;9,288149829695392;0,0;5,771984207946955
28.05.2025 10:45;3,5270800614880518;0,0;6,660580959003541
28.05.2025 11:00;4,692503150462894;0,0;8,307963273587516
28.05.2025 11:15;1,492460941807603;3,9014642480380624;5,1230122882312195
28.05.2025 11:30;4,4145263658557505;7,896199819221692;13,020904572492654
28.05.2025 11:45;8,215372138138259;3,6163558449199735;10,69272330339814
28.05.2025 12:00;5,534069949236119;6,5589258042046845;12,056836633402384
28.05.2025 12:15;5,069556574230338;8,675625356747958;8,453096596853154
28.05.2025 12:30;7,420044834214702;8,75813863726067;12,002454837194652
28.05.2025 12:45;9,808567195893911;5,7502688516201275;4,0533141459645305
28.05.2025 13:00;4,933369304982438;3,3452570371859256;7,310957048915034
28.05.2025 13:15;2,603466827183536;0,0;6,002929346998979
28.05.2025 13:30;0,0;0,4482610748315625;8,30235764312716
28.05.2025 13:45;1,0331231480867586;3,2714946631645527;12,969999689350423
28.05.2025 14:00;0,39854744091800265;0,0;6,814657023313195
28.05.2025 14:15;0,0;0,0;10,9655474179647
28.05.2025 14:30;3,0845158172299003;4,529388580615785;8,902267286979278
28.05.2025 14:45;2,020903941003775;0,0;10,550795004459575
28.05.2025 15:00;3,9985735452213618;6,227984913860217;14,697995184217374
28.05.2025 15:15;4,502887895390559;8,00734345815912;5,888179140766727
28.05.2025 15:30;10,582715403605226;10,861886234852058;11,314397214694168
28.05.2025 15:45;14,26221408517116;11,000417750373337;20,93855998688035
28.05.2025 16:00;20,052524164752402;26,795503110230463;23,094712899711595
28.05.2025 16:15;19,907195931408538;27,36366925406741;28,94974414199317
28.05.2025 16:30;24,81383509071875;30,10669563615941;31,098649196157076
28.05.2025 16:45;29,40474750925817;36,91237390481964;32,557384978178774
28.05.2025 17:00;33,163311566431524;39,01311511562137;43,765618506950915
28.05.2025 17:15;35,323557237344986;41,90064171119216;33,845010419747624
28.05.2025 17:30;37,402955052462474;38,97443005406296;42,97338599619006
28.05.2025 17:45;36,711332148209706;39,18215708406062;39,99692321862649
28.05.2025 18:00;34,36712043322112;32,5300091078413;29,116203340602986
28.05.2025 18:15;28,59760431137369;35,66360870969282;30,277806631932897
28.05.2025 18:30;27,05018697514468;29,7249035796254;27,148215725967443
28.05.2025 18:45;23,542728322305845;29,08368399794506;30,57496668271585
28.05.2025 19:00;20,273643841090664;22,95106325119228;22,23495226232808
28.05.2025 19:15;18,937334398288492;20,08709928477921;20,873469754614415
28.05.2025 19:30;8,789145461585663;15,47372393780186;12,568956607102866
28.05.2025 19:45;17,03042481367853;16,229725220351387;24,193731493526506
28.05.2025 20:00;10,374798976202513;14,853579611692107;12,069360058513512
28.05.2025 20:15;5,43266474011296;6,4314286430145735;10,998637209710694
28.05.2025 20:30;8,12046548627435;6,8042133210992874;4,2977099410741415
28.05.2025 20:45;1,2008387367855038;3,8318530959169266;1,2876472944777322
28.05.2025 21:00;0,5746995444628029;0,8804161082576216;9,730537052563573
28.05.2025 21:15;0,0;0,0;0,0
28.05.2025 21:30;2,086460816869237;0,0;1,114588273723107
28.05.2025 21:45;0,04923633635399758;0,0;0,0
28.05.2025 22:00;0,17478047376913491;0,28232704405095294;0,0
28.05.2025 22:15;0,0;0,03792090979429302;0,023175487369165915
28.05.2025 22:30;0,15516440793405592;0,0;0,0
28.05.2025 22:45;0,01843869267109813;0,0;0,0004015691264836753
28.05.2025 23:00;0,0761450136760037;0,0;0,0
28.05.2025 23:15;0,06054437591968563;0,0;0,20241325452779327
28.05.2025 23:30;0,18610954879642888;0,0;0,0023863927449426997
28.05.2025 23:45;0,10821185603389404;0,0;0,0
29.05.2025 00:00;0,0;0,0405095717373936;0,0
29.05.2025 00:15;0,0;0,058683624511009835;0,15437024115500883
29.05.2025 00:30;0,0;0,0;0,08371373290854629
29.05.2025 00:45;0,0;0,0;0,031602857020357686
29.05.2025 01:00;0,0;0,046643467822435745;0,12954720018969063
29.05.2025 01:15;0,0;0,07978808266793005;0,1291347594445067
29.05.2025 01:30;0,0;0,10953251429418506;0,029165710508029883
29.05.2025 01:45;0,29781095416672865;0,08267615723911917;0,0
29.05.2025 02:00;0,0;0,23590751636054846;0,0
29.05.2025 02:15;0,2855190449731717;0,1495601830396895;0,0631413035857799
29.05.2025 02:30;0,060473190173336966;0,40197422946233635;0,2095547062319024
29.05.2025 02:45;0,0;0,46509707952494167;0,0
29.05.2025 03:00;0,0;0,0;0,22147161088750833
29.05.2025 03:15;0,0007003343364073288;0,0;0,055972871017861796
29.05.2025 03:30;0,28382756504523443;0,0;0,057103645277499226
29.05.2025 03:45;0,2336455116025108;0,07563486448204827;0,3607664200985959
29.05.2025 04:00;0,04113579790463683;0,0;0,24790173243276484
29.05.2025 04:15;0,0;0,10553706690866402;0,25179138665823225
29.05.2025 04:30;0,0;0,0;0,0
29.05.2025 04:45;0,0;0,0;0,3288273753234436
29.05.2025 05:00;0,19172323910440506;0,0;0,0
29.05.2025 05:15;1,0755712185319493;0,0;0,823165748231664
29.05.2025 05:30;4,014448617704566;0,0;2,141860866481573
29.05.2025 05:45;4,523069197223867;4,406778020796228;4,695510264743289
29.05.2025 06:00;4,326002175305626;1,404721742636378;2,1362857566487103
29.05.2025 06:15;11,597433766843578;8,650472638466143;12,513636778563452
29.05.2025 06:30;14,12776949285385;10,052119273187255;10,40718273855362
29.05.2025 06:45;10,175708268646332;8,351546521664948;11,703894980432018
29.05.2025 07:00;13,5514981364948;13,524539836875139;8,745252183788148
29.05.2025 07:15;9,88444014417219;10,115638863462687;10,656696720940777
29.05.2025 07:30;11,518590506865408;2,433393481236431;16,006453980182712
29.05.2025 07:45;8,730705441898602;6,817728631004275;13,856503221719429
29.05.2025 08:00;4,660181505816029;5,484708601722868;3,9876508488540403
29.05.2025 08:15;10,336109083954089;8,699535803099984;5,113154187714555
29.05.2025 08:30;6,620830619446671;7,9749753002445845;2,7572260603790855
29.05.2025 08:45;7,0048761305925;0,016244155050009645;4,496111000137103
29.05.2025 09:00;6,966101660774531;2,1365407274340145;1,1364623093576123
29.05.2025 09:15;6,784871771000679;0,0;6,464702901316479
29.05.2025 09:30;3,1073572010449544;6,031935689591677;8,53631199892061
29.05.2025 09:45;3,9687926559680373;4,227926435985884;2,6132182924580483
29.05.2025 10:00;3,594752913361777;3,3241522609357874;6,305446623719773
29.05.2025 10:15;4,60224528361727;2,511129642593041;5,626023726939755
29.05.2025 10:30;4,453761559755839;5,967483528670828;10,997393294735959
29.05.2025 10:45;2,161950890148705;4,733438669722441;3,7426016329473066
29.05.2025 11:00;0,4826484409227798;4,955297836639218;4,306770353529874
29.05.2025 11:15;4,620450286630082;4,478471425756007;4,567291900375243
29.05.2025 11:30;5,016684184889689;3,624705209255958;4,651462597630233
29.05.2025 11:45;3,85174831828543;9,158992863818398;13,623574629160668
29.05.2025 12:00;9,912549650545424;10,795635047016798;12,359217230203347
29.05.2025 12:15;10,60811262183986;7,981656820401818;13,079143455464376
29.05.2025 12:30;14,295455899700134;8,293594763316941;18,656731641396355
29.05.2025 12:45;6,8726682685214735;10,73372442818933;17,51797197785229
29.05.2025 13:00;3,783394250972213;9,291761513443593;3,0643195903315723
29.05.2025 13:15;0,047890832067709166;0,1135566387976863;9,87971668995343
29.05.2025 13:30;2,930113028136426;1,8231881249246689;8,539095305732026
29.05.2025 13:45;0,9794838650738407;1,5209617599161878;4,031875169207138
29.05.2025 14:00;0,0;1,6760557518246104;6,9758098658234005
29.05.2025 14:15;0,0;0,0;0,0
29.05.2025 14:30;0,0;5,009976455883839;11,045473209854798
29.05.2025 14:45;1,7497426490556682;1,4503130617791902;7,542522187159294
29.05.2025 15:00;1,1344743483646038;4,844316510302683;4,711340533713986
29.05.2025 15:15;4,048249208403625;9,809388040502675;7,2230379405572895
29.05.2025 15:30;7,434704789058474;10,590050542219583;8,660773126132218
29.05.2025 15:45;10,970373328238189;13,637223978479026;15,96703278171163
29.05.2025 16:00;16,665343830434413;16,05358950051107;20,13290598039606
29.05.2025 16:15;23,55755293743659;25,890868223278304;22,80183445890125
29.05.2025 16:30;29,82221919303105;28,089667758243166;36,2033092282822
29.05.2025 16:45;34,419975350457726;37,067041623990455;40,6869595674928
29.05.2025 17:00;35,87558138961497;39,315222003457;38,119191816210055
29.05.2025 17:15;36,03117533331844;37,138174741940254;36,599781747593404
29.05.2025 17:30;37,933427854359124;38,64547388964512;40,32673209419963
29.05.2025 17:45;35,02291691090516;39,738242299279825;37,25256898901322
29.05.2025 18:00;31,512486050917843;32,14314947959653;30,639486496800657
29.05.2025 18:15;32,57123031882479;34,64284668497556;31,192071651480237
29.05.2025 18:30;28,29725802851877;31,220784498917862;28,209013448428518
29.05.2025 18:45;24,999746425469244;21,857059778714678;27,83759063365277
29.05.2025 19:00;18,143964091073585;25,630112220129057;24,126725867931317
29.05.2025 19:15;15,991209083083156;15,57677018872695;21,463501824708672
29.05.2025 19:30;14,839403734854727;17,265996449034304;12,091837166609963
29.05.2025 19:45;13,904857814289622;11,102842872941967;17,68289801482285
29.05.2025 20:00;9,887986580022528;15,438246788700917;12,458243174814154
29.05.2025 20:15;9,511158201265014;5,4714739501770895;19,801263245404975
29.05.2025 20:30;7,782571691173746;1,8097615555132816;5,759114686756032
29.05.2025 20:45;4,732895052480719;3,4981465225571466;5,612558077331357
29.05.2025 21:00;3,254864904149248;0,31740533350256084;13,908542958866192
29.05.2025 21:15;0,0;0,0;1,6639272570822263
29.05.2025 21:30;0,0;0,41970103771809364;0,0
29.05.2025 21:45;0,24475806541631387;0,0;0,0
29.05.2025 22:00;0,029383925245137825;0,1265268516090224;0,0
29.05.2025 22:15;0,0;0,0;0,04894362368307344
29.05.2025 22:30;0,23230657449914754;0,0;0,0
29.05.2025 22:45;0,0;0,08553252660665303;0,06123807428204864
29.05.2025 23:00;0,0077734991400548875;0,0;0,0
29.05.2025 23:15;0,06944489993191957;0,16750658259680842;0,2696549756692206
29.05.2025 23:30;0,0;0,0;0,08273609443150931
29.05.2025 23:45;0,0;0,0;0,3419807363624365
30.05.2025 00:00;0,0;0,04569435510275138;0,0
30.05.2025 00:15;0,21250902839821284;0,06064326933971946;0,23237688670619633
30.05.2025 00:30;0,28715509155856317;0,0;0,0
30.05.2025 00:45;0,017218879535484132;0,20153931019911384;0,03121132147114411
30.05.2025 01:00;0,0;0,28874052146553386;0,0
30.05.2025 01:15;0,0;0,0;0,0
30.05.2025 01:30;0,0002619470175493641;0,22309510090967863;0,0
30.05.2025 01:45;0,0;0,0;0,0
30.05.2025 02:00;0,0;0,16141684000770373;0,0
30.05.2025 02:15;0,06198492345058849;0,0;0,0
30.05.2025 02:30;0,0;0,14641090229582093;0,017404259593030647
30.05.2025 02:45;0,0;0,0;0,17455415349390277
30.05.2025 03:00;0,0;0,0;0,04430255949315809
30.05.2025 03:15;0,0;0,0;0,17498103019415792
30.05.2025 03:30;0,0;0,0;0,0
30.05.2025 03:45;0,1143294904405209;0,2744886043395667;0,0
30.05.2025 04:00;0,0;0,0;0,10665073787046371
30.05.2025 04:15;0,2361419788501895;0,3165452435888754;0,05147861336870374
30.05.2025 04:30;0,020329419480449567;0,0;0,0
30.05.2025 04:45;0,09150263639797722;0,2237647055710203;0,1401103338248853
30.05.2025 05:00;0,10876166747233133;0,0;0,0
30.05.2025 05:15;2,6860590391426147;3,630778824427689;0,0
30.05.2025 05:30;4,088924990274432;5,686610899934362;0,0
30.05.2025 05:45;6,165089207718579;0,0;4,618946517725989
30.05.2025 06:00;10,752855643014016;6,3115716893482094;3,0821962100775155
30.05.2025 06:15;9,052435335214868;5,345428900016606;11,789639206715178
30.05.2025 06:30;11,177408378397159;5,142783536971068;6,489928810388938
30.05.2025 06:45;11,682841861924828;10,076633453883442;7,086827690851182
30.05.2025 07:00;12,705467903744761;7,678408788924303;13,56015989952657
30.05.2025 07:15;12,761769680151126;9,80713791709559;9,851017796217517
30.05.2025 07:30;11,72718696660176;7,203366847225473;11,304437921874682
30.05.2025 07:45;11,820200463512037;4,755682245680743;12,509618350369141
30.05.2025 08:00;6,729403572722071;4,711661852000452;8,1503821473476
30.05.2025 08:15;5,878388196890726;0,6893061474167235;7,033079388824876
30.05.2025 08:30;4,663462020936148;8,430680809528248;8,209499990577813
30.05.2025 08:45;7,760009879418991;5,531735059453451;0,7965843009804878
30.05.2025 09:00;8,53075908735222;8,570943841638371;8,873260920286418
30.05.2025 09:15;7,217495457033859;1,4246084789501976;6,435928941008268
30.05.2025 09:30;2,480404886729014;0,0;7,79294233104299
30.05.2025 09:45;3,5266847250180815;5,113529390021926;7,1745330027939085
30.05.2025 10:00;4,073020718230093;1,0834320463612035;6,097080230267534
30.05.2025 10:15;4,150863640923754;0,9015361371242483;10,03336766066742
30.05.2025 10:30;3,431966549588651;3,142068433504358;4,680316348944965
30.05.2025 10:45;4,626784754796481;0,0;8,694624274541525
30.05.2025 11:00;5,008956240242875;5,4656666304798325;6,888898240766332
30.05.2025 11:15;5,681184230112269;5,304942896319385;10,229047645087359
30.05.2025 11:30;5,1233938312969896;8,303656418730476;7,970080607023474
30.05.2025 11:45;6,613424565656078;8,915076728491103;17,585219546243707
30.05.2025 12:00;11,906862090419406;11,665527902023577;20,58090198347328
30.05.2025 12:15;15,384111266459106;9,584264854855999;17,58768014218505
30.05.2025 12:30;6,25398367620358;6,291729625148941;19,17132929559409
30.05.2025 12:45;4,78923711785174;12,996755176992139;5,700360891668968
30.05.2025 13:00;3,6307851590804585;1,4143014386879411;4,619507253754451
30.05.2025 13:15;1,8676619364941773;0,0;5,817662193270358
30.05.2025 13:30;3,7794296987617115;3,4941777774644533;7,298344281217365
30.05.2025 13:45;1,6182706087756569;4,810956162158234;4,952121829917454
30.05.2025 14:00;0,0;0,0;0,0
30.05.2025 14:15;0,0;1,698119989195956;9,025045962976767
30.05.2025 14:30;0,0;0,0;13,745659898032162
30.05.2025 14:45;0,7788750528330177;0,43905740884763444;11,919739148388356
30.05.2025 15:00;2,330461358845134;0,0;12,221758109916307
30.05.2025 15:15;1,6726621447081187;7,947569527549799;11,162542955005778
30.05.2025 15:30;7,337400596298873;6,9478537050304565;11,499468528916383
30.05.2025 15:45;9,9419270709407;10,47976241022711;17,56087021350459
30.05.2025 16:00;19,81502104063228;21,970696532419524;31,50420289019487
30.05.2025 16:15;24,23062622195012;29,395404887058426;26,847447680254813
30.05.2025 16:30;28,91579926796342;30,420146722872197;30,156305561900595
30.05.2025 16:45;28,235707498411493;36,98966207130325;40,366628060722896
30.05.2025 17:00;30,411414735540703;38,521052792046746;41,93475039112268
30.05.2025 17:15;38,063770042511464;40,1406095244044;36,951651099395
30.05.2025 17:30;29,927344382548494;36,439022755821924;37,96584159615519
30.05.2025 17:45;38,85509009225258;41,92687705520701;37,740735991697804
30.05.2025 18:00;29,60594203539369;38,662042212722554;36,84419192990805
30.05.2025 18:15;33,23851942112148;37,5823155192603;39,17473578213556
30.05.2025 18:30;26,19833358696319;32,14147132292719;27,9268997966282
30.05.2025 18:45;26,984408485373343;24,790735256929697;32,33815704745786
30.05.2025 19:00;27,7160206189373;25,910433757791925;24,732193518654263
30.05.2025 19:15;14,006072416671476;21,039925264279912;30,768495375673545
30.05.2025 19:30;16,92922161004646;16,441134215561256;19,60960486816322
30.05.2025 19:45;8,162813936470382;12,83774971495047;14,09147953452111
30.05.2025 20:00;10,231257496284803;9,11402689490673;14,2135187711933
30.05.2025 20:15;6,00823440042262;10,11621474504873;7,460184962369603
30.05.2025 20:30;6,261514554678406;3,3526106057912277;0,9430006719543531
30.05.2025 20:45;0,4978841438277559;0,4413474367962751;3,3438960402774844
30.05.2025 21:00;3,2637875082754206;1,472741348327527;2,3896249914284593
30.05.2025 21:15;0,0;4,123769754115371;0,0
30.05.2025 21:30;1,2657516677800387;1,846557482550692;0,0
30.05.2025 21:45;0,0;0,0;0,0
30.05.2025 22:00;0,0;0,0;0,0730421640745212
30.05.2025 22:15;0,0;0,23065584011957127;0,00092540480013537
30.05.2025 22:30;0,0;0,02778731790541112;0,0
30.05.2025 22:45;0,10488070373265432;0,0;0,0
30.05.2025 23:00;0,0;0,0;0,0
30.05.2025 23:15;0,09118974602674572;0,0;0,0
30.05.2025 23:30;0,0;0,1401075441168253;0,16500141532311535
30.05.2025 23:45;0,0;0,12075112254844135;0,036682569448224636
31.05.2025 00:00;0,17507060514173436;0,0;0,14378911211660178
31.05.2025 00:15;0,0;0,0;0,07741028065120521
31.05.2025 00:30;0,0;0,10745823612750792;0,0
31.05.2025 00:45;0,0;0,0;0,0
31.05.2025 01:00;0,0;0,06865034669255292;0,0
31.05.2025 01:15;0,0;0,055877699530534945;0,0
31.05.2025 01:30;0,15858620587688732;0,0;0,0
31.05.2025 01:45;0,0;0,059651694756857325;0,14715298902895804
31.05.2025 02:00;0,0;0,015314152961202657;0,1455882700274553
31.05.2025 02:15;0,0;0,07461292421348104;0,33178194604149674
31.05.2025 02:30;0,0;0,0;0,0
31.05.2025 02:45;0,1785073767899629;0,09217529707930526;0,2396172459096622
31.05.2025 03:00;0,09259411209923414;0,15399019942534084;0,2386900808496195
31.05.2025 03:15;0,0;0,04814271308466673;0,0
31.05.2025 03:30;0,0;0,090182377648725;0,0710333095410352
31.05.2025 03:45;0,0;0,0;0,1861099873711816
31.05.2025 04:00;0,0;0,13369988493945648;0,0
31.05.2025 04:15;0,0;0,009787069196978177;0,0
31.05.2025 04:30;0,0;0,0;0,0
31.05.2025 04:45;0,08589128432598613;0,12303242323248903;0,0
31.05.2025 05:00;0,0887785979594931;0,0;0,010570742473271858
31.05.2025 05:15;0,0;0,0;8,472243779107796
31.05.2025 05:30;5,619193520826283;0,13503733821539088;1,756319067435148
31.05.2025 05:45;6,0077363630010545;3,7720668121958085;4,271786885334244
31.05.2025 06:00;8,008168030535805;3,104516807472574;7,165323647178157
31.05.2025 06:15;8,26263306835689;8,711081560770038;15,093711185300155
31.05.2025 06:30;7,50179625319824;4,5264737927240155;9,38403676917665
31.05.2025 06:45;12,946033970016138;10,169413577956737;8,976346083898813
31.05.2025 07:00;18,376543875081303;10,095308682286777;16,69025140845648
31.05.2025 07:15;14,585881933226808;9,226681399781338;10,378113338336792
31.05.2025 07:30;9,196710962858925;14,348119534761638;13,888944045333467
31.05.2025 07:45;10,585345465664115;8,152945703131005;11,89917332640086
31.05.2025 08:00;8,047107526143115;6,48343879764051;7,829443040264079
31.05.2025 08:15;9,08637740584099;0,0;10,331547021793163
31.05.2025 08:30;6,650181395887677;1,538885515637562;0,5201470622209978
31.05.2025 08:45;0,0;4,537695455876775;7,414208663942649
31.05.2025 09:00;6,8308345551461125;4,188283922592813;5,400174905922176
31.05.2025 09:15;2,8054361484676336;0,0;18,053989845500077
31.05.2025 09:30;1,8001416116478377;3,253010817480647;7,307496423160796
31.05.2025 09:45;2,675827848636221;2,083033145064566;3,012403505413599
31.05.2025 10:00;4,796586866750848;5,673196157006284;1,0030859616762244
31.05.2025 10:15;1,1334525378106264;1,0370285113397988;12,390512380449223
31.05.2025 10:30;5,369810635754046;0,0;5,559137253472428
31.05.2025 10:45;5,379700733785548;0,0;3,910739354256669
31.05.2025 11:00;4,342876428475835;0,06071705523230131;9,014356533067044
31.05.2025 11:15;3,0231828812404857;5,698632959673127;10,962770126121338
31.05.2025 11:30;4,623466345162672;0,0;12,846103304109395
31.05.2025 11:45;10,987319283861645;7,281949504594893;12,834508470650219
31.05.2025 12:00;6,302763414971238;12,903388503181247;13,946571026800738
31.05.2025 12:15;11,571273727552017;9,340514203428974;14,521085710430022
31.05.2025 12:30;8,821729170113446;11,568639954054396;14,82074559576018
31.05.2025 12:45;7,685023588081701;3,479867202014834;14,101584615276163
31.05.2025 13:00;1,7665150827637923;0,8202950687474351;14,335528924349727
31.05.2025 13:15;3,3406214279998627;7,491623694019191;8,824387499514122
31.05.2025 13:30;3,3461381187071506;2,3829540289134257;3,9918433331077257
31.05.2025 13:45;0,0;1,769000250310844;6,115931925692659
31.05.2025 14:00;2,299106168284199;0,0;9,675244429110505
31.05.2025 14:15;1,0604087473097905;1,4213794918121172;0,0
31.05.2025 14:30;0,0;0,0;0,0
31.05.2025 14:45;2,297134106595953;4,2599734917816665;9,81786578215579
31.05.2025 15:00;0,0;10,819277624098053;14,292225802691533
31.05.2025 15:15;5,902344677229943;7,543730420432843;5,549824070082392
31.05.2025 15:30;12,092594205368286;8,541733967323953;14,500593691822578
31.05.2025 15:45;17,4995904921045;9,713847464806145;18,00577902918285
31.05.2025 16:00;21,326566436036494;18,471497865336524;24,20450584548646
31.05.2025 16:15;25,71732162693832;33,50899534527814;31,950759067436973
31.05.2025 16:30;30,5429949646403;32,51341297395422;30,75387171332673
31.05.2025 16:45;36,40008780846318;39,93759232277864;36,387343594001585
31.05.2025 17:00;40,32496520863824;45,1549264315397;41,64968732639897
31.05.2025 17:15;40,66074706314862;50,69498810212528;45,06890579665035
31.05.2025 17:30;42,418711376522296;44,69839639033688;39,7013405311366
31.05.2025 17:45;43,845052944923694;42,72985309443613;45,94764501749669
31.05.2025 18:00;37,661161460961466;42,08650220282137;39,238694146297505
31.05.2025 18:15;32,543341394792904;37,441652434148075;36,59967414797987
31.05.2025 18:30;29,293771767627074;34,070444679664;36,11441353151867
31.05.2025 18:45;30,819301164251566;33,77948417504156;31,66095165813009
31.05.2025 19:00;23,439494850469572;26,982597745134875;29,840647174491505
31.05.2025 19:15;22,820633754075278;29,509981565906294;20,139808285704152
31.05.2025 19:30;16,061597035751934;20,644065200813024;14,268866569681903
31.05.2025 19:45;14,263220459537695;17,628477362339513;14,02855280861057
31.05.2025 20:00;10,730349442134223;9,884887884809668;13,755281519270598
31.05.2025 20:15;7,026558721700224;11,365751525734415;5,8292930713158375
31.05.2025 20:30;3,6527394029456364;3,561381142898523;1,0903326005731513
31.05.2025 20:45;0,35042300300199347;4,6478266497701295;5,440810425021212
31.05.2025 21:00;3,6809520245078575;2,0626582650744982;0,0
31.05.2025 21:15;0,0;0,0;0,0
31.05.2025 21:30;0,07150531934695015;5,4997794479819415;3,861365169256251
31.05.2025 21:45;0,13128560783132193;0,042416961643257464;0,0
31.05.2025 22:00;0,0;0,0;0,0
31.05.2025 22:15;0,008685286474040828;0,0;0,06332874752164717
31.05.2025 22:30;0,0;0,025798312488930785;0,0
31.05.2025 22:45;0,0;0,0;0,12091198369209263
31.05.2025 23:00;0,0;0,07683090211917484;0,07253989728907817
31.05.2025 23:15;0,0;0,008519494893300308;0,0
31.05.2025 23:30;0,0;0,0;0,0
31.05.2025 23:45;0,17427435308560105;0,20072693550694778;0,0
